review_text,label
"Makanan semua sedap, servis terbaik n makanan sangat murah n berpatutan..klau nk mkn rmai2 dgn family mmg berbaloi sgt..tempat mkn bersih n selesa.. recommended sgt..",positive
"Staff yg sangat peramah, siap bagi petua apa jenis ikan yg sedap. Kerabu belangkas terbaik. Kudos",positive
Restaurant by the river. Sambil makan boleh nikmati sunset. Ada jeti untuk river cruise juga dan kaunter tiket ada dalam kedai makan.,positive
Ikan Bakar Santan/Susu Kuning memang terbaik. Kerabu sotong pun sedap. Harga berpatutan.,positive
Makanan semua sedap2.kat tepi tu ada bot2 nelayan memang cantik lh.,positive
15,positive
Servis cepat...makanan sedap..siap ada pakej...,positive
syoq sbb mmg ramai,negative
"Good place for ikan bakar in Perlis. Located by the river bank. Ikan bakar is a must try, combine it with udang masak pedas/sambal (add petai if you like). Terung bakar.. fuh! Yummy.",positive
"Ikan bakar paling sedap dan fresh, semua sedap padu.. , lala sambal best",positive
Sedap terutama rasa moist bakar kuning/santan dgn ikan terubuk berlemak yg jarang dlm kalangan pemain ikn bakar..cuma cili terlebih menutupi lala...,negative
Makanan sedap..harga berpatutan..,positive
Sedap...lauk fresh2...berbaloi...harga mcm biasa rm100++,positive
"Nice view, ikan bakar padu, sedap, harga berpatutan!",positive
"Parking kereta luas, tempat bersih. Makanan ada rasa",positive
"Vegetarian options: Mixed vegetables, tomyam soup. Must inform them. Food",positive
"ikan sedap, air sedap, butter prawn ok, cuma kalau kurangkan sikit lagi butter, much better. harga sangat berpatutan. kawasan luas, ok untuk anak-anak. best view, walaupun sebelah sungai, tak ada nyamuk.",positive
"Bukan citarasa saya. Istimewanya cuma ikannya segar. Kebanyakan masakan hanya bergantung kepada kesegaran ikan, udang, ketam dan lain2 yg menjadikan masakan itu boleh dimakan. Pada hemat saya restoran ini menjadi tarikan kerana lokasinya........Lain2 tiada yang istimewa.",negative
"Harap kedai je tepi sungai,tapi tukang ambik order takat tanya sotong udang nak masak apa je tapi cara ckp kurang ajar macam nak gaduh. Org datang jauh2 nak makan kedai kau,kau buat sial.typical kedai melayu yg mentang2 dah ada pelanggan ramai tapi berlagak sombong. Kesian tauke kedai ada staf2 camni,nasib la sape suh tak pantau servis.mamat kurang ajaq tu ada sekali attached gambar budak kiuajaq ni",negative
Antara tempat makan ikan bakar yang terkenal di negeri Perlis. Servis yang laju. Tempat duduk memang ramai. Pernah makan dua kali di sini dan memang sangat cepat walaupun waktu ramai orang. Makanan yang sangat sedap. Sotong bakar antara lauk yang sangat sedap di sini. Makan bersama suasana Kuala Perlis di malam hari antara tarikan pengunjung untuk menikmati makanan di sini.,positive
Memang sedap sgt...in sha allah nak repeat lagi kalau ke perlis...kami dari puchong,positive
"Ikan bakar santan sedap. Nak complain mengenai mentarang bakar. Mentarang x basuh bersih. Dlm masih ada lumpur. Bila ditanya katanya memang begitu cara masakan. Kami pernah makan di sekinchan. So far mentarang yg kami makan semuanya bersih. Mungkin boleh diperbaiki cara bersih mentarang. Saya juga nk tegur cara bersihkan meja. Saya perhatikan tukang cuci bersihkan meja menggunakan perkakas yang saya lihat selalu digunakan di tandas. Mungkin owner memang tetapkan perkakas tu untuk lap meja. Tapi cara perkakas tu diletakkan setelah cuci adalah agak tidak sesuai dimana sepatutnya bahagian yang digunakan untuk mengelap meja patut diletakkan diatas. Bila diletakkan dibawah, nampak agak kotor. Diharap owner boleh buat penambah baikan. Otherwise semua yang lain ok.parking pun bagus.",negative
Sedap teruks!!!! Berbaloi beratur,negative
Terlalu ramai sangat orang. Nak dapatkan meja perlu ambil nombor dulu. Nak duduk dpt meja pun kena tunggu lama.,negative
Recommended dishes,positive
Food,positive
Menu semua sedap. Servis laju.,positive
"The best in town, persekitaran dan makanan sedap sangat. Murah pun murah utk ikan yang tersangat fresh. Di buka jam 5 petang, recommend utk sampai awal. Around 6-8 petang peak hour. Ada sunset view yang sangat cantik. Makanan sedap dan pantas. Signature adalah ikan bakar. Kena cuba. Sambal set berasingan perlu order sekali. Tak ada gambar makanan sebab sedap dah habis makan. Tempoh hari makan ikan bakar, sotong goreng celup tepung, kailan, tomyam, set sambal dan nasi 4 pinggan, air fresh oren 1, air limau kesemuanya RM118. Ikut harga semasa. Parking disediakan.",negative
"Diantara restoran yg terbaik di Perlis.sangat2 berpuashati, berbaloi dengan harga rasa masakanya.",positive
"1st time datang sini. Sedappp...tempoh menunggu yang tidak lama. Sy suggest datanglah lebih awl, saya sampai around jam 6.40ptg, jadi orang masih belum ramai. Order pn smooth je, boleh pilih jenis ikan yang kita nak, cadangab menu juga diberikan. Untuj tekak orang pantai timur mcm saya, boleh diterima masakan ikan bakar perlis. Sedap dan harganya pada saya saaaaaangat murahhhh...rasanya tak dapat menu yang saya order dengan harga kat sini kt tempat lain. Cnfirm akan repeat lagiii. Cuma 1je, kedudukannya agak berbahaya sebab betul2 di selekoh yang tajam jadi nk melintas tu agak bahaya sikit. (Keluar masuk kereta pun agak bahaya).",negative
"Sistem booking,org booking tak mai tapi org menunggu tak dpt masuk,  menunggu lama utk makan.",negative
Tmpt paling puas hati mkn kalau singgah di perlis.makan ramai2,positive
Harga berpatutan..murah makan mcm2.. recommended,positive
Terbaik,positive
"Haih.. memang kena bagi 5   semua, food, service & atmosphere. Totally worth it. Siakap masak stim yang empuk, distim dengan hirisan bawang, serai, cili api memberi rasa yang memukau. Sedikit rasa sitrus melengkapkan keseluruhan rasa siakap yang bersyukur ia dimasak dengan sebegitu sempurna. Udang masak telur masin mengiringi kesempurnaan makan malam tepi sungai.  Ditegur mesra sesekali bunyi kocakan air sungai, bahagia. Sotong goreng tepung, voilla! Crunchy tepungnya tetapi segar sotong yang tersorok di dalam kekal tetap. Kalau hangpa baca sampai habis review ni dan x try juga, xtau la    penat tau type.",negative
"Tmpt dduk yg luas,permandangan yg menarik,parking yg luas..untuk menu n rasa ikan bakar memang sedap..harga yg berbaloi dgan rasa tok family sy 11 org,sy request ikan kerap dua for dua meja memang byak..balik dgan puas ati",positive
Sate ayam / daging  berbaik,positive
"Mgkn salah saya, x patut order sotong telur masin. Goreng dgn telur masin rebus cincang + bnyk gila butter, jadi x rasa telur masin apa dah, mmg rasa mcm sotong salut minyak butter ja - tengok gambar. Blh cari resipi online, masak pakai powder ja senang kalau x reti. Telur pun berminyak, teh ais potong 2 kaki pun x cukup, kailan ikan masin ja yg boleh makan. Sedap khabar dari rasanya, huhu",negative
Alhamdulillah..pasni bawa family pila..,positive
System order teratur dan order cepat sampai,positive
Kene dtg awal nak elak  beratur.kalau tunggu pon x lama kurang daro 30min mkn ok ikan fresh.,positive
"Tak best, nak pilih sotong untuk goreng tepung dia tak bagi, hanya sotong bakar je boleh pilih.. sotong tepung tak boleh pilih sotong.. tak sedap mana, biasa je..",negative
"Makanannya cocok dilidah orang Melayu, banyak seafood yg enak, dan yg saya coba adalah tomyamnya",positive
Paling recommended datang perlis mesti makan dekat restoran ni.. Memang sedappp,positive
Ikan bakar kat sini lain cara bakar die. guna sabut kelapa & sambal kuning.sedap..,negative
Tawar semuaa mknan.. kepala ikan gulai bauu sampai mak muntah semuaa .. bkn soal tekak soal xlh mk,negative
Bleh dikatakn semua sedap..harga boleh tahan..huhu..,positive
"Makanan sampai agak lambat,org terlalu ramai,biasa kalau dah ramai makanan mesti lambat,yg kental pasti sampai,ikan bakar sempoi n air asam,lain x rekemen",negative
"Cepat dan pantas, makanan pun sedap, tak perlu tunggu lama",positive
"Sedap, service efisien n mantap. Berbaloi",positive
Sedap and cepat!,positive
makanan sedap n berbaloi,positive
"Ikan bakar santan tak lalu makan..tak sedap langsung!! Kuah cicah ikan tidak disediakan, dijual berasingan. Alaahh patutnya sekalikan lah. Sotong telur asin pun xde rasa. Sayur kailan sejuk...mungkin telah digoreng awal.",negative
"Harga berpatutan, ikan bakar percik style lain Dari yg lain. Customer service selalu senyum",positive
"Kita dah order, tapi cari bill yg kita order tak jumpa. yang kita ni dok tggu dkt sejam dah. first time nak mai makan sini, last cancel mcmtu ja. takpa, tkmau mai dah. cuma jgn buat mcmni kat org lain tq",positive
"Makanan sedap. Harga pun berbaloi. Kalau dekat Selangor tak dapat harga mcm di sini. Saya makan Ikan Jenahak 3 Rasa, Sotong Goreng Tepung, Udang Masak Bata, Tomyam Campur, Nasi Putih 2 pinggan & Air Fresh Orange 2 gelas =, RM139",positive
Terbaikkk...,positive
"Makanan agak mahal, ikan masak 3 rasa mcm pakai sos thai sahaja. Udang masak butter tapi cair berkuah, x kering dan x ada telur yg garing. Tom yam order 2 orang makan. Tapi mangkuk kecil mcm seorang makan. Tambahan air asam atau pencicah lain kena bayar RM1. Air asam dan sambal belacan sama x ada beza  . Yg lain biasa2 sahaja. Mungkin selera sy lain dr orang lain. Yg best suasana sahaja. Nak dtg makan lagi sekali mungkin tidak. Terima kasih sudi baca review.",positive
"Api api berkelip cantik, bila dekat biasa.  ( maklumat lanjut di bawah ) Makanan : Hasil laut dekat sini semua segar cuma masakannya tak menepati selera kami. Ikan bakar pari masak susu. Pari fresh. Jenahak 3 rasa, manis, tiada rasa pedas. Dapat ikan lambat, dah hbs makan, baru ikan sampai. Kerang bakar x ada sos cicah. Udang masak butter cair, berkuah. Tak mcm restoren lain butter prawn berserbuk. Sotong order banyak, sos sikit. Air asam dan sambal belacan rasa sama, dan setiap satu ikan bakar dapat 1 sahaja air asam. Kalau nak tambah ada charge tambahan. Tomyam order 2 org makan, tpi portion mcm sorg makan.  Harga makanan mahal. Overall bukan taste kami, nak kan suasana je datang sini. Citarasa setiap org berbeza.  Expectations kami tak mcm review org dekat sini. Mungkin salah pilih kedai. Plus point : Pemandangan cantik ada certain time boleh jalan jalan naik bot.",negative
Ikan bakaq dia memang sedap!,positive
Tempat mkn yg menarik,positive
"Ikan jenahak bakar  , harga tak mahal sangat - boleh pilih ikut pakej atau ala carte, servis pantas, masa sampai dalam pukul 8pm terus dapat meja tapi lepas tu dah mula queueing.",negative
"Bila makan view best tepi sungai, makanan automatik jadi sedap   sotong sambal petai 2 orang mkn, ikan siakap bakar lemak 1kg, kailan ikan masin 2 orang mkn, nasi putih 3, set sambal belacan, ulam, air lemon, nescafe panas & air kosong.. rm92 total..amboi murah boss, nak pindah Perlis la mcm ni,",positive
Sedap kena dengan tekak Sistem laju. Order & dapat no lepas tu duduk di meja tunggu makanan sampai Susunan meja teratur Yg penting harganya berpatutan 3x da repeat. Pasti repeat lagi Yg paling sedap udang butter ikan siakap bakar (lain daripada ikan bakar di selatan malaysia) Take note perlis diaorg tak makan pedas. Just nice2 mcm manis2 ala2 kelantan punya masakan,positive
Beratur nak masuk saja panjang tapi makanan cepat sampai walaupun ramai orang. Bagus. Surau ada aircond. Makanan sedap.,positive
Lauk semua sedap. Lagi mudah bila ada set menu yang disediakan. Lauk sampai sangat laju. Siakap masak santan lemak sangat sedap. Harga pun murah dan berbaloi. Parking pun banyak seberang jalan.,positive
"Maaf saya nak share sikit.. Pelayan tak mesra pelanggan.. Time nak pilih ikan apa semua tu bila customer tanya, biasa masak apa benda ni, depa jawab mcm mau takmau jaa.. Lepastu dok tengah mkn, pukoi 11 depa dok kalut nak tutup kedai sampai atas meja kita pun pinggan2 depa angkut habis dok buat kalut.. Makanan ada lagi kot pun depa angkut.. Tau laa pukoi 11 tutup tapi jgn buat mcm nak halau customer.. Lagi satu menu pun tak byk.. Ikan sikit siput ada satu jenis saja.. Sotong tkdk.. Petai tkdk.. Byk laa makanan seafood lain tkdk.. Baik pi kedai lain lebih baik.. Saya cuma bagi review sajaa.. Kalau sapa nak pi tu, pi tang lain laa",negative
Boleh la. Best juga,positive
Puassss hati,positive
"Berbaloi datang, yang datang dari jauh pun cuba singgah sini. Tepi sungai, makan best, view best.",positive
Boleh la nk makan...ikan bakar lemak dia sedap,positive
Bolehlah,positive
Tempat makan yang menarik. Terletak ditepi sungai. Ikan yang segar...secukup rasa. Ada peluang akan datang lagi. Kami bertujuh. Parking: Disediakan kemudahan parking seberang jalan,positive
"Servis cepat,makanan not bad",positive
Ikan bakar wajib try. Lain dari yg lain,negative
Poket kena tebal,negative
Makanan sedap puas hati. Semua fresh dan berbaloi. Persekitaran pun baik bersebelahan dengan sungai. Tempoh menunggu juga tak lama. Surau disediakan amat selesa. Tandas juga bersih dan selesa. Memang terbaik dan puas hati.,positive
Makanan laut segar dan masakan sedap. Sotong goreng tepung paling best. Dietary restrictions: Suitable for pescatarians. Parking: Ada tempat parking seberang kedai.,positive
"Kerang rebus kami ada yang dah busuk. Tidak disediakan sos cicah. Tiada banyak pilihan sayur / ulam-ulam.  Ikan sweet sour sedap, ketam sotong pun sedap. Semua segar kecuali kerang",negative
"Makanan sedap. Makanan laut yang fresh2. Yang baik kat sini, ikan bakar mereka. Sambal yang dibakar bersama ikan tu memang lain dari tempat2 ikan bakar lain. Sangat sedap. Lain dari yang lain. Kalo nak pergi weekend sangat disarankan booking dahulu. Jika tidak memang penuh la",negative
permandangan yg cantik ...kedai sgt2 bersih,positive
Mabeles....,negative
"Parking luas, pengurusan pelanggan sistematik, makanan sedap terutamanya ikan bakar santan..memang kena dengan selera kami sekeluarga..",positive
"Mknn sedap, harga berpatutan, view cantik tapi agak susah nk dpt parking di sebelah restoran. Kena park di seberang jalan dgn traffic yg sgt sibuk! Parking: Parking sebelah restoran sgt limited. Kena parking seberang jalan yg sgt sibuk",positive
Ikan bakar sedap fresh.,positive
Sedap.,positive
"Makanan sedap, restoran tepi muara laut, angin semulajadi sentiasa bertiup, service cepat walaupun ramai orang",positive
Sedap. View cantik. Tepi sungai. Bersih. Tandas pun bersih. Nyaman. Parking ada just sempit sikit sebab ada dua side kiri kanan.,negative
"Salam dari Gunung Cilik, Muntuk, Dlingo, Bantul, Yogyakarta, Indonesia",positive
Second time datang. Good services and good food. Harga berbaloi.,positive
"Customer tidak dpt buat pilihan Dan perlu pilih set yg ditetapkan restaurants, sy dtg 4 org terpaksa ambik set utk 5org. Nasi berlebih serta air berlebih, lauk juga berlebih. Rasa sedih sbb terpaksa membazir. Kami bukan org perlis sbb tu xboleh bawa blk baki mknan. Agak ralat sbb pembaziran berlaku. Diharap tidak perlu buat mcmnie. Biarlah order ikut permintaan.",negative
Amat baik,positive
Terbaik hidangan pun cepat smpai sedap semuanya terbaik..harga pun ok,positive
"Sotong salted egg rasa pelik, ikan balar terlalu hangus and hangit, sotong goreng tepung keras, tomyam dia ok je. Harga pulak mahal gila. Better makan tempat lain sumpah x berbaloi",negative
Makanan amat sedap...harga berpatutan...parking disediakan,positive
kalau berkunjung ke perlis jangan lupa singgah ke restoran api-api ikan bakar... terbaikkkk,positive
Harga berpatutan dan sistematik,positive
Sedap,positive
Makanan sedap. Harga pn berpatutan,positive
Makan sedap.. harga pun ok lagi,positive
"Seafood semua fresh. Tapi masakan siakap 3, udang butter, tomyam rasa manis sangat pada saya. Kurang rasa masam dan pedas....",negative
"Parking : pergi ni masa weekdays dan sebelum isya, jadi parking okay Servis : ada system menunggu, nombor giliran, waiting time pun okay, overall servis not bad Makanan : 1. ikan di bakar mmg okay, sbb dia x rentung, mmg sedap tapi bukan selera saya sbb dia ada curahkan kuah kuning rasa manis2 (to those yg suka manis2 tu okay saja). 2. Biasanya kalau ikan bakar kita akan dapat kuah cicah air asam atau kicap pedas and it s free/ boleh refill tapi ni perlu dibayar per piring. Well cara orang lain2. 3. Sotong goreng okay 4. Staff di section pilih2 ikan perlu be a bit friendly, sbb orang luar datang dia tak tahu, jadi orang boleh salah anggap ingat sombong. But yeah maybe tengah penat Harga : okaylah, tapi bagi saya a bit pricey untuk rasa makanan yg so-so",negative
Sedap...xrugi bratur tunggu makanan...servis tiptop,positive
Sedap dan murah,positive
"Nice view ..banyak dah improve Tempat ni..since my last visit ..ikan jenahak dia fresh, sempoi .X dak ghaujau punya!!!...system order pun senang lagi menyenangkan...cepat..tp kena sabar ..ramai org wei..aku suggest Lepas solat asar direct terus pergi ..sempoi Wei..",negative
Ikan bakaq padu!! Ikan fresssssh,positive
"Makanan segar & sedap,tempat makan dan parking luas.",positive
Makanan semua sedap dan harga masih berpatutan. Boleh reserved awal atau kena tunggu lama sebab ramai bethol. Ada sate juga. Terdapat surau dan tandas disediakan. Kid-friendliness: Luas tapi sebab tepi jalan kena betul2 perhatikan anak ya. Bukan sahaja tepi jalan tapi tepi muara. Kang khusuk sgt makan..ada yg berenang pulak.,positive
Tempat MKNn terbaik yg ada di Kuala Perlis. MKNn ok Sea food dia pun ok. Nak datang lebih baik tempah dahulu supaya ada table. Parking terhad. Hati2 sebab tepi jalan.,positive
"ikan bakar sedap and harga reasonable. parking banyak belah opposite restoran. yg best restoran ni sistematik, oku and family friendly",positive
Ikan bakar yg sedap.,positive
Murahh,negative
Ikan bakar sedap. Sotong telung sedap. Tomyam sedap. Sayur sedap. Udang butter tak berapa sedap. Depa tak letak susu. Berminyak saja. Ingredients semua fresh. Highly recommended.,positive
Semua sedap,positive
P tp xdpt mkn..terlalu ramai,negative
"Everthing was superb! From the ordering system to the delicious food. Service was fast. We ordered ikan jenahak masak stim halia, sotong bakar 2 ekor, sotong goreng tepung 2 ekor, ayam masak kicap, nasi, air asam boi, air sirap n kopi o panas, the price was RM119. Cashless payment is accepted. Parking is easy as there are parking spaces at both sides.",positive
"Parking: Cheap prices, fresh fish/shrimp... recommended place to eat. Recommended dishes",positive
Chili crab dan ikan bakar memang padu..,positive
"Datang mlm raya cny. Around 9pm ++. Ramai org tapi tak terlalu lama menunggu. Around 20 mins to get to your table, then another 10 mins for your turn to order and 15-20 mins for your food to arrive. Suka kedai yg tau pelanggan ramai tapi ada sistem. Tak perlu berebut meja ect. Ikan bakar - segar dan sedap. Recommended. Sambal udang okay, sotong goreng tepung okay. Harga dlm lingkungan standard.",positive
The best ikan bakar in Malaysia.,positive
"Pergi dengan wife. Rasanya antara tempat ikan bakar paling best di Kangar, Perlis. Tempat crowded with people.",positive
Rombongan family datang mkan sini berbaloi murah makanan semua sedap..dan nak makan dekat sini sistematik..walaupun ramai tapi tak kelam kabut..saya suggest utk datang sini..,negative
"Kedai dia Ramai giler,siap Dekat bawah khemah 1 tu khas untuk customer menunggu beserta dengan no giliran untuk dapat meja,Kalau tengah Lapar sangat2 Jangan datang sini,Nanti boleh bawak bergaduh     tak ada rezeki datang dari Jauh Selangor nak try,Tak sanggup nak menunggu ada anak kecil Memang surrender awal lah..",negative
Terbaik dan sedap,positive
"Ikan bakar santan!!! Memang recommended. Sotong goreng tepung dia pun best. Kalau pi hujung minggu, better call/wasap dulu untuk reserve meja. Ramai orang mai makan. Sebab sedappppp",positive
Restoran Api Api Ikan Bakar menyediakan pelbagai juadah yang menyelerakan. Untuk orang KL ini first time makan ikan bakar dengan cicah yang sangat berbeza tetapi sodap... Alhamdulillah.,negative
Kurang sedap dah..x spt dahulu,positive
Overall sedap tp service betul2 sistematik & teratur. Jadi pelanggan tak tertunggu terlalu lama,positive
Masakan panas yg sedap dan hasil.laut yg segar. Tak rugi mencuba,positive
Better book dulu.. ramai oooo,positive
"tmpt best, makanan sedap cuma xnbyk pilihan makanan. ada seafod, sate, buah2..",positive
Seafood fresh 8/10..tp murah dan sedap compare kedai2 lain y pernah pergi..so 5,positive
"Makanan so far semua sedap. Udang butter, sotong sambal, ikan goreng. Sate pn sedap.",positive
"Terbaik nuhh.. Kami sampai dalam pukul 10 pm macam tu dan kami lah pelanggan terakhir. Order siakap bakaq, mentarang masak halia, ketam masak sambai, teluq dadar, sayur kailan goreng, terung bakaq. Semua sedap. Kecuali mentarang tu la kami tak biasa makan rasa agak berpasir.. Mungkin memang camtu kot kami pun tak taw sangat Bila sampai ambil nombor, order air, order makan, pilih ikan, lepas tu duduk dekat tempat yang disediakan. Tunggu makanan tak lama pun walaupun ramai orang. So memang puas hati la pendek katanya. Total untuk 9 orang dewasa RM140 camtu. Kira mampu milik la na, lain kali buleh datang lagi. Tima kasih team Api Api Bakar. Oh ya, paling best, tisu depa sediakan kat tempat masuk, kita tinggai ambil je berapa bekas nak. Pastu boleh bayar pakai QR code. Naisss Parking: Parking kereta seberang jalan ada banyak so jangan risau na",negative
Sedap. Pantas.,positive
Sangat memuaskan Hati...,positive
boleh lah kalau dah lapar,negative
Lokasi senang.. Parking banyak.. Service cepat.. Harga standard kedai ikan bakar.. Makanan sedap2 semua sedap cuma udang butter agak manis... Overall stim limau sedap.. Bakar santan sedap.. Lala masam manis sedap... Semualah..,negative
"Lokasi menarik ditepi muara. Kawasan parking ada didepan kawasan kedai dan juga seberang jalan. Restoran sgt luas. Sesuai untuk bersama pasangan, keluarga atau sebarang majlis. Harga makanan boleh dikatakan berpatutan. Rasa masakan sedap dan tidak mengecewakan. Berbaloi untuk disinggah.",negative
IKAN BAKAR DIA MMG ANOTHER LEVEL. MMG SEDAP DAN UNIK. MASAKAN LAIN PUN SEDAP YAKMAT WEYYYYY,negative
Harga agak mahal drpd area Kangar..,negative
"Da pergi, hari minggu kene booking dulu, kalau walk in kene beratur",positive
Makanan sedap kena datang awal Sebab orang ramai,positive
Siyes tempat best..mkn best..service tiptop..mmg aku rekomen makan kt sini...nk senang..call book dlu..smpai trus sapedek...,positive
Mmg murah. Terima kasih,positive
Sedap boss,positive
"Ikan bakar ok la,kailan ikan masin dgn udang butter sedap,tomyam ceroi.overall ok dgn harga",positive
"Makanan dia memang terbaik 5/5 sangat puas hati, harga pon affordable, surrounding menarik and yang paling penting sangat sistematik.",positive
sedap and puas hati..make sure call utk reservation...klu x menangis nt,negative
Semua terbaik makanan ..servis layanan tip top,positive
"Go to place untuk ikan bakar di Perlis - cara masak yg baik & ikan fresh, ikan cukup rasa & berlemak. Soto celup tepung - memang sedap. Udang di sini sentiasa fresh - byk kali dah datang.  Harga berpatutan untuk quality yg dapat. Yg penting - kena book dahulu sebelum datang.  Meja sentiasa penuh di hujung minggu.",positive
"Makanan sedap, service tiptop and harga berpatutan",positive
"Makanan dan minuman sedap,kami booking makanan awal sebelum datang, staff baik,surau ada sediakan telekung dan sejadah,bersih,sangat selesa,tempat ambil wudhuk pun kt dalam surau  tandas pun bersih,ada lebih dari dua tandas,rasanya klau datang siang boleh naik bot utk tengok pemandangan,dalam gambar ni kami duduk santai belakang dr tempat makan,terlindung skit Parking: Ada ruang parking di depan restaurant dan juga di seberang jalan bertentangan dgn restaurant (parking lebih luas).",positive
Ikan bakar santan terbaik dan terpadu,positive
Sedap tapi panas,positive
*Makan sedap. *tempat mesra oku. *meja byk. *parking luas. *perkerja terbaik.siap tlg mak sy yg oku utk ke tandas,positive
Rasa makanan so so je.. salted egg udang x rasa pon telur kuning tu..yg ada telur putih . Ikan 3 rasa tp hanya rasa manis saja..,positive
"tomyam je xbape piawww...sebab kuah da mcm masak asam pedas berlinang minyak..mayb pes tomyam tu biasa2 ja kot bkn cam kbnyakan kdai seafood pakai...lain2 lauk mcm lala masak lemak AAA   ,ikan bakor ok laa AA  ,sotong grg tepung pon okla AA   tepung tu lau nipis sikit xtebal sgt salutan tu ase lg ngam,udang masak sambal AAA   ,kailan ikan masin so2 la AA   kalu kuah kailan tu ngam2 kan guna sos tiram lg ngam n kari tu AAA Parking: kene usaha cari parking kalau park depan kedai da full",positive
Makan sedap. Beratur jugak. Service cepat. Harga berpatutan.,positive
Saya amat menyukainya.ada lagi bintang..,positive
Bagi saya ianya Sedap n murah...,positive
"Harga tak mahal dari seafood KL atau Penang.. rasa sedap.. ikan bakar dia sgt sedap, bakar shj tau.. off course masak lain pun sedap juga",positive
"Kena tggu nak masuk guna nombor agak lama..  Tapi makanan cepat je sampai, udang grg tepung sedap, yg lain ok.",positive
Harga sgt berpatutan dan makanan sedap,positive
Ikan bakar sedap tapi terlalu hangit dan x berpadanan dengan harga,positive
"Makanan sedap, servis pantas dan harga berpatutan..recomended udang goreng butter, siakap bakar, siakap 3 rasa, udang goreng tepung dan ketam cili..mmg terbaik",positive
lama tak makan ikan. sedap dan menjadi ikan steam lemon ni. more photo on ig@fzeo,positive
"Good food, good service, air manis, ikan hanyir sikit, tpi isi good. Sotong celup tepung sedap. Ketam okay lah. Boleh lah. Harga saya makan 5 family rm160",positive
"Walaupun org ramai, tp saya suka cara diorng organize kerja. Nampak trsusun je. Very good management and service. Harga pun berbaloi dan makanan pun sedap2. Nice",positive
"Masakan sedap.. Harga buleh makan Dan bayar..overall puas ati...sedap,lauk Yang sampai pun panas2...stim jenahak Dan bakaq jenahak mmg AAA... alhamdulillah...tandas Dan Surau AAAA....recommended...bayar lbey to puas ati..sure Akan repeat lagi...",positive
"Mknn sedap..masuk kedai kena oder ayaq dan amik nombor meja siap2 lps tu duduk depa pgl nombor meja kena bangun pi oder nk mkn apa..oder nasik dua,telur mata satu,ayam merah 1 dan daging kicap 1.rm25 lebih..xtahu la mhl atau murah..nk murah msk sendiri    boleh buka satu lagi cawangan kot dkt area arau?semoga maju..harap yg amik oder kena berlembut dan senyum selalu ya..jgn tegas dan garang tau",negative
"Insyaallah goyang lidah , saya pengunjung dari Jakarta",positive
Sedap. Selesa.pantas. berpatutan.,positive
"Makanan sedap,harga lebih kurang,view cantik,better reserved tempat sebelum dtg supaya tak perlu menunggu.",positive
masakan sedap. tapi cara oder makanan tu rasa tak sesuai la. castemer kena duduk dulu. lepas panggil balik untuk pilih ikan udang sotong. untuk dimasak.. cara ni kurang sesual.. bagi saja pilih. lepas tu tanya no meja. kan senang,negative
"Ikan bakar sini sedappp! View cantik tepi jetty. Kedai luas, toilet bersih, ada surau. Service laju. Harga berpatutan. Tapi itulah. Masa tulis review ni teringat2 ikan bakar jenahak. Aduh mcm mana ni eh. Dahlah jauh kl ke perlis.",positive
Sedap & Murah..,positive
Sedap...makanan sampai cepat..,positive
Makanan sgt sedap...sgt berbaloi makan dgn family,positive
"6/5  . Systematic, kemas, bersih, sedap, servis pantas, fresh.",positive
Sedap sangat!,positive
"Kena ambil number dan beratur dahulu. Tengok di google review, ramai yang cakap makanan semua sedap. Tapi bila dah makan di sana waktu hujung minggu, ikan bakar terlalu garing kulitnya, isi agak lembik untuk di makan, sos sotong celup tepung agak cair, sayur kailan ikan masin tua dan keras. Tomyam agak manis. Tak sesuai dengan citarasa kami sekeluarga.",negative
Ssrvis laju walaupn org ramai que.makanan sedap.. Boleh cuba kalau mai area kola perlis,positive
tempat makan telah di tambah...,negative
Masakan best.  Kena cita rasa..,positive
Kedai ni memang terkenal dengan seafood dia . Harga tak keras kalau pegi waktu bukan cuti sekolah . Jangan risau barang seafood dia memang segar dan tiptop,negative
Makanan semua sedap services laju,positive
"Terbaikkk,harga pn ok.. laju ja service..",positive
Xtau nk ckp ape.. Tp kdai ni mmg terbaik.. PERFECT. sistem sgt teratur.. Xde istilah org lain dtg kemudian dpt mknn dl.. Mmg bgus sistem die.. Kdai pun x huru hara... Order pun xla lmbt mne sampai.. Dan plg ngam harge jauh lbh rendah dr target kami.. Mmg recommended sgt kdai ni..,negative
Ikan bakar sedap..sos bakar dia lain dari yg lain . Sotong goreng tepung rangup diluar lembut di dalam. Butter prawn marbelesss,positive
"Kena mai awal kalau tak mau sesak dan beratur panjang. Kalau mai waktu malam dan sebelum magrib, memang ramai orang. Pukul 5.30 pun meja hampir penuh sebab ramai yang book meja awal. Lagi better kalau book meja awal. Servis memang tip top. Pekerja sangat teliti waktu ambik order. Overall, rasa ikan bakar dia biasa ja tapi mungkin bagi orang lain, rasa dia sedap. Tapi makanan lain sedap macam kailan ikan masin.",negative
IKAN BAKAQ TU BIASA JA INGATKAN SEDAP HAMPEH...,positive
Amat bagus. Kemudahan solat. RuAng makan yg selesa. Makanan yg berbagai pilihan dgn harga yg menarik. Kami suka. Mesti akan kunjungi lagi.,positive
"Servis terbaikkk dan pantas. Tak perlu tunggu lama pun bila order. Masuk,ambil number meja dan terus order nak makan apa. Siakap 3 rasa puas makan.. Ikan besar dan sedappp",positive
Mantap,positive
Puas hati makan di situ...,positive
Terbaikkkkkk,positive
Makanan sangat sedap,positive
"Ikan bakar yang dimasak teramat sedap dan enak berserta air asam yang mengiurkan. Sukar untuk melupakan aroma segar ikan yang siap dibakar. Keadaan kedai yang bersih dan lengkap dengan fasilitis seperti surau dan tandas. Juga sistem menunggu secara nombor yang teratur dan penyediaan tempat untuk menunggu. Harga juga amat berpatutan dan berbaloi, pasti tidak mengecewakan.",negative
Lambat.. Harga mahal.. Xsdap,negative
Makan seafood. Sedap giler lauk2 dia. Udang butter mesti try.,negative
"Zaman belajar uum lg, tempat ni memang best utk makan ikan bakaq. Kuah ikan bakar dia terbaik. Masakan lain ok.",positive
Makan sedap....tempat bersih.....murah jika di banding di tempat lain....,positive
makan best cuma macam tak banyak pilihanlah. vibe pun alright.,positive
"Best of 1. Sistem tempahan menu yg sistematik, tidak merunsingkan pelanggan, sgt2 memudahkan. 1st time jumpa di Msia... 2. Tempahan menu pantas, tak perlu tunggu lama. Order air pun sekejap dah dapat. 3. Harga murah gila compare tempat lain. Berbaloi2. Order ikan sekor, udang rimau 4 ekor, sotong bakar sekor, sotong tepung 2 org makan, makan 4 org x sampai RM250 4. Kedai yg bersih, meja & kerusi tersusun elok, surrounding pun bersih. Toilet je lupa nk pegi. 5. Parking pun mudah, seberang jalan je x berebut dengan org. 6. Layanan staf mesra yg amat, senyum walau pakai mask (tgk raut muka tue nampak manis la kiranya) 7. Menu pun pelbagai, mcm2 ada, cumanya ikan banyam habis awal... 8. Kedai dah siapkan kaunter utk bungkus2 if makan tak habis. X kalut oun, p amik sendiri bungkus sendiri Penambahbaikan 1. Bakar ikan tue kena monitor sikit sbb kulit ikan hitam terus.... Har3 Best. Recommended. Saya bg 5 haaaaaa",negative
Dulu sedap.. sekarang macam kurang sikit..,positive
Harga berpatutan.. servis  cepat selepas buat tempahan di kaunter (xsampai 20 minit makanan sampai meja walaupun ramai pelanggan) dan mengikut SOP .. rekomen.. pemandangan cantik.. antara restoran tepi laut/ muara sungai  terbaik d Perlis,negative
"mknan sdap mantap , servis lju",positive
Mmg boek,negative
"Tempat best Banyak pilihan makanan Makanan fresh Staff, masakan & layanan terbaik. Will repeat again InsyaAllah",positive
Terrrbaik,negative
Ikan bakar is signature menu here. Lain dari yg lain. Kena cuba,positive
Ikan bakar yg di sediakan sungguh nikmat,positive
Superb!.. Sedap dan harga berbaloi!,positive
"Makanan ok, tempah meja jam 9:00pm bila sampai 8.55pm makanan dah tersedia. Menu2 yang kami makan, Sup Daging - sorang Makan (1x) Kailan ikan masin - sorang Makan (2x) Sotong - 1/2 kilo (2x) Goreng tepung Ikan Gerut2  - 1 ekor (Bakar Santan) Ikan Jenahak - 1 ekor (3 rasa) Ikan Siakap - 1 ekor (stim limau) Udang - 1/2 kilo (masak butter) Nasi Putih - 11 pinggan Set cicah - 3 sets Air - 7 jenis (tambah air kosong) Jumlah: RM302.00",negative
terbaik,positive
murah sedap puashati,positive
"Seyes laaa ikan bakar dia PADU. lauk2 lain masak pun sedap. ko dah kedai melayu, jangan laa order tomyam. ko order masak lemak ke. fuhh ketam masak lemak dia....dtg petang leh amik2 pic kat tepi sungai tu weii",positive
Murah & sedap seafood,positive
"Kedai bersih, makanan sedap+ sangat jaga sop semasa pilih makanan laut.",positive
"Restoran bersih, tempat parking luas, sistem order yang teratur, masa menunggu makanan tidak terlalu lama & harga berpatutan.",positive
Berselera..menepati cita rasa..,positive
X berapa sedap,positive
Kedai bersih dan makan pun sedap. Harga ja mahal sikit,positive
Nak dine in? Silalah pi waktu weekdays... kurang sikit orang..,negative
"Alhamdulillah,,ramai yang berkunjung disini..",positive
Marvelous & delicious ikan bakar,positive
Makanan pon sedap dan murah,positive
Terbaik restoran ni..makan 3 family lauk banyak atas meja..duk ingat kena 400-500..bila bayar baru rm245.. bg sy memang murah la puas hati..sedap..nak datang lagi len kali..,positive
"Ikan, udang segar2..memang sedap dan berbaloi..tak rugi makan kat sini",negative
Ikan bakar sedap fast service,positive
Ramai org beratur panjang..,positive
harga berpatutan Dan sangat sedap..makanan siap cepat..tempat selesa,positive
Sedap/Murah/Selesa Padu,positive
"Kedai tepi muara sungai. Kedai cantik, bersih. Surau ada air cond. Makanan sedap. Servis laju. Semua makanan datang serentak. Cukup rasa semua. Recommended",positive
"ikan bakar dgn udang butter x sama dgn tempat lain,lain tempat lain caranya",positive
"Jenahak bakaq Air asam Sotong tepung Kailan ikan masin Air buah Ikan bakaq kuah lemak sebagai topping agak susah nak jumpa. Rasa berlemak pekat + manis isi ikan jenahak segar memang gabungan yg terbaik di cicah pula dengan air asam yg sedap. Sotong goreng tepung memang terasa sotongnya. Bukan macam kebanyakan kedai tomyam tepung yg lebih. Sotong rasa segar dan baru di goreng. Kailan ikan masin okay terasa ikan masin nya. Kailan pun terasa baru. Suasana kedai okay selesa sampai pukul 5 ptg kedai baru buka. Orang sekejap saja penuh meja. Pandangan muara/kuala sedap mata memandang. Mula-mula sampai seorang wakil ambil tag nombor dan perlu pilih ikan sendiri dan pesan siap-siap sebelum duduk. Pastikan letak tag atas meja biar jelas nampak nombor. Lepas makan bawa tag ke kaunter bayaran. Harga 1kg 8 Jan 2022 Jenahak RM59 Siakap RM43 Sedap, segar dan terbaik p/s Review ini atas pandangan peribadi, pandangan orang lain mungkin berbeza. Restoran Api Api Ikan Bakar patut di cuba bila sampai Kuala Perlis.",negative
Keenakan ikan dgn Cara masakan yg unik. Lemak2 rsa ikan Tu. Sesuai utk kanak2.. xpedas..byk pilihan menu yg blh dimasak.. gabungan dgn sambal sotong yg power.. ditambah plk dgn sambal belacan. Ulaman yg fresh. Sy order petai bakar..mmg umphh.. Perghhhh mmg paduuuuu. Sotong goreng tepung pun best. Rangup Di luar juicy di dalam.. pengurusan restoren pun terbaik.. cepat walapun rmai org. Lau dtg Perlis mst try kat sni. Highly recommended,positive
"Perlis indera kayanga, harga x kayangan.. rasa terbaik, cuma kena bersabar utk tunggu turn. Apa2 pun memang tempat makan mlm terbaik.. next trip akan repeat lg ke sini..",positive
"Terbaik biarpun lama menunggu giliran, tapi memang puas hati makanannya enak2, dengan keramahan dan layanan yang baik.",positive
"Terbaik, bersih, sedap dan harga reasonable. Sistem q yang teratur dan kemas.",positive
"Makanan boleh tahan , tpi sistem penggiliran ni agak tak efisien ketika kedai fullhouse . Nak tunggu giliran order dah sekian , ambil masa jugak laa kalau datang dri jauh . Nasib sya check in area situ . Overall 6/10",negative
Apa tah masalah kedai ni. Dah la kita datang jauh. Yang sedap sangat tu dah kenapa. Terpaksa la kena repeat nanti. Haihh. Patut laaa berduyun-duyun manusia. Tak nyesal order sampai 80 hengget. Nyandor boh. Highly recommended.,negative
"Sedap servis laju , recommended sangat",positive
Harga makanan berpatutan.,positive
Ikan bakar jenahak terbaik!,positive
terbaikkkk,positive
"Boleh pi LG, lain kali,   sedappp",positive
"Kedai makan yg sedap, cepat dan cekap...mempunyai ruangan solat wanitan dan lelaki...good place to bring family",positive
"Ikan bakar sedap nak pengsann, rencah bakar dia paduu",positive
Sedap wooo,positive
Cara yang sistematik untuk duduk n order mkanan..penjarakkan social yg teratur,negative
"Makanan biasa2 je rasa dia. Kuah jenahak 3 rasa paling teruk, kuah mmg sebijik sos pencicah Thai, terus hilang selera. Tp ikan bakar dia OK. Sotong celup tepung tawar, tepung keras giler, sotong pun xberapa fresh. Order Kailan goreng ikan masin tp yg dtg kailan bersup. Apa yg sy puji servis mmg terbaik la.. Bersistematik. Tempat pun bersih & selesa. Cuma rasa makanan dia mengecewakan.",negative
"Kalau boleh dtg awal dtg awal sebab kalau tak ramai orang, makanan boleh tahan nak cakap sedap sgt tu tak la, nak cakap tak sedap pun tak jugak.",negative
Power sedap...,positive
Sedap berbaloi dengan harga dia...tempat pun selesa...tapi klau tak mau tunggu lama boleh kol booking dulu..,positive
Terbaik. Masakan semua sedap. Berbaloi. Booking dulu sebelum pergi ya...beratur panjang,positive
"Xly kata apa,, sedap",positive
Makanan sedap dan sangat sistematik,positive
Tempat yang baik untuk datang makan. Recommended. Sila datang awal,positive
sedap...tapi better booking awal,positive
"Makanan fresh, tiptop.. servis terbaik, cepiat jaa",positive
Ikan Bakar Santan sedappp,positive
Nice environment. Makanannya enak banget dan siakapnya tidak semahal siakap di Langkawi. Butter prawn terbaekkk.,positive
Weekdays pun ramai org.. tapi sedap!!,positive
"Ikan bakar dia best, fresh. Sotong bakar udang bakar pun terbaik. Tomyam dia ok jela boleh telan..bukan jenis pekat berlemak tu. Harga cun untuk fresh seafood, whatsapp dulu untuk booking dna bgtau siap2 nak berapa gram etc utk setiap seafood, InsyaAllah time bayar tak rasa kena scam..",negative
"Ikan bakar kuah kuning, sedikit berbeza bagi kami yang selalu makan ikan bakar ana petai. Recommended utk cuba & rasai kelainan. Kena Booking atau datang awal. Ramai betul manusia. Harga lebih murah compare dengan Kuantan.",negative
Makanan terbaik,positive
"Pari bakar, must try",positive
Terbaik bos,positive
"Makanan sedap , tapi sayang servis tahap degil , cust 2 3 kali ulang alik minta pesanan tak sampai tapi x dilayan , hope improve blek service , kemon la basic manage je tu , kalau nak gerai kita laku jgn jdikan cust ramai xdpt layan sbgai alasan , itu bukan tujuan kita meniaga tau.  . sbb kita bawa org tua , org tua mengidam .. kalau laki bini je x kalot ... Kemon lah bangkit kita jenis support org melayu meniaga bro",negative
Makanan sedap terutama ikan bakar,negative
Tempat yg menarik dengan harga yg berpatutan. Memang Best bawa kluarga menjamu selera Di Restoran Api Api,positive
Sedap Bossku.. Recomended utk Lokasi makan di Perlis,positive
Cantik dan romantic,positive
Xtungu lama lepas order sesuai utk yang tngh lapar,negative
Service terbaik..makanan mmg sedap..,positive
Makanan memang power..,negative
Padu ! Harga ok,positive
Memang Sedap. xrugi kalau pergi,positive
"Tempat makan ikan bakar terbaik di Perlis. Ikan, sotong, udang dan makanan laut yg segar dan sedap. Harga pun berpatutan. Kawasan kedai yg bersih dan selesa, serta menghadap muara Sungai Perlis. Selesa utk keluarga.",positive
Garga again mahal sikit,positive
Sedap & berpatutan,positive
"Sangat best! Seafood semua sedap , harga mahal jgk tpi okay laa untuk enjoy seafood   9.5 / 10 crustaceans",positive
Sedap. Recommended.,positive
Makanan lazat...highly recommended...price wise pn ok...tak mahal sgt...tp bila sebut pasal seafood...masing2 dh faham kot price range seafood...view cantik...,positive
Makanan ok. Price lebih kurang fast food restaurant. Service ok. Rekemen,negative
"Toilet ada dua, untuk lelaki dan perempuan.. penuh aje",positive
"Makanan sedap,puas hati siakap bakar terbaik..",positive
Makanan sedap harga berpatutan,positive
Ikan bakar yg sempurna.,positive
Harga berpatutan. Staf-staf semua ramah. Paling penting makanan semua sedap. First time makan ikan gerut. Sedappp. Manis je rasa ikan tu.,positive
Sedap..puas hati.. layanan terbaik,positive
Kureng sikit kalau nk banding dgn nurul ikan bakar,negative
Ramai sgt sampai nak masuk pun tak boleh. Dh beratur panjang2 tp tak dpt masuk.,negative
Terbaik.. Murah.. Tapi bila cuti tempat selalu full.. Make sure buat reservation,positive
tepo sungai.angin sepoi2..mantap,positive
Tempat ni memang best giler pasti puas hati punya,negative
Tempat mengai pon ado,negative
"arrived at 7 but the food took more than 1 hour to be served   nasi lambat gila sampai? ordered tomyam, fish, rice, fried sotong, crab guess what arrived last ? makan nasi dah nak habis semua lauk, tomyam baru sampai lepastu sejuk hahaha. came all the way from kl to perlis but such a dissapointment, please improve.",negative
Sedap...,positive
makanan sedappp,positive
Makanan sedap. Harga keras takpe. Tapi kalau orang baru sampai dapat makanan dulu. Kecewa la juga,negative
Terbaik.....harga berpatutan,positive
Antara Ikan bakar yg paling sedap pernah makan..,positive
"Sedap, servis pantas dan harga berpatutan",positive
Masakan yang sangat sedap! Servis terbaik dan persekitaran yang bersih. Akan dtg lagi bersama keluarga tercinta.,positive
Senang cerita antara kedai makan terbaik di perlis,positive
Seriously sedap.. Tp xleh kerap sgt la bg sy yg berpendapatan sederhana ni.,positive
Restoran Api Api Ikan Bakar,positive
"Ikan bakar dia sedap, yang lain2 biasa je. sotong bakar kecik sangat.",positive
Ketam masak lemak the best,positive
Sedap tp perlu tempah awal,positive
Menu terbaik & hasil masakkan pun terbaik. Seafood dia memang segar bugar. Surau yg selesa. Parking luas & banyak. Ayah & Mak pulun sakan. Boleh repeat nanti. Ni 2nd time.,positive
Pinggan mangkuk kena amik sendiri cawan kena amik sendiri sudu garfu dan tisu pun kena amik sendiri... Lepas makan mintak bungkus itu pun mereka suruh kami bungkus sendiri... Apa guna kami ke kedai kalau semua kena buat sendiri sedangkan harga lebih mahal berbanding dulu? Sepanjang hidup saya ini kedai makan pertama y minta saya bungkus makanan sendiri... Bad service!!!,negative
Ikan bakar sedap. Ada butter. Popular & much2 better dr kuala perlis,positive
One of the best for ikan bakar in Kuala Perlis,positive
Makanan yang terbaik di Perlis,positive
"Recomended! Sedap sgt ikan bakar. Rasa ikan bakar yg lemak manis dgn kuah cicah. Seafood lain kena try sotong goreng tepung, udang goreng tepung. Servis utk peak hour lambat sikit. But overall, sedap sgt. View pun cantik dtg time sunset.",positive
Puas hati.,positive
The best ikan bakar in kuala perlis..,positive
terbaik kuala perlis,positive
bagusss,positive
"Pertama, servis sangat pantas! Ke Kuala Perlis nak makan seafood, tomyam, goreng tepung dsb? Tak sampai ke sana pun okay, kedai ni sangat mudah untuk diakses. Harga normal sahaja tapi tak sepadat dan sebanyak kedai di kuala. Parking pun mudah, di depan kedai atau di seberang jalan. Tak menganggu lalu lintas jalan. Sesetengah orang mungkin minat cara bakar ikan yang kering, tapi di sini dibakar cukup masak dan rasa isi ikan masih manis, lembut. Sesuai dimakan setiap peringkat umur. Surau disediakan, berhawa dingin dan lengkap semua. Dalam kedai nampak sempit, tetapi jika datang sendiri terasa lapang. Buat masa sekarang PKPP (30 Jun 2020), kedai hanya menyediakan lauk-pauk sahaja. Nasi goreng dsb masih belum ada.",negative
Order siakap stim...dan udang maaak butter sedap. Satay daging dan ayam kurang sedap kerana ada lemak dimasukkan sama. Sotong crispy agak liat.  Keseluruhan satisfied.,positive
"Makanan sedap,cepat,bersih,staff murah dgn senyuman,5 bintang",positive
Servis mantap.. Harga padu.. Makanan superb.,positive
Sangat best..,positive
Murah dan sedap,positive
Makanan seafood yg lazat dan servis juga terbaik,positive
Paus hati...mknan sedap harga berpatutan,positive
Antara ikn bkr terbaik dan berpatutan,positive
Ikan bakar terbaik,positive
harga murah dan sedap,positive
Terbaikkkk,positive
Servis lemah. Nasi lambat sampai,negative
"makanan sedap, murah dan cepat",positive
Ikan bakar terbaik.. harga beraloi...,positive
Mmg terbaikkkkk di Perlis,positive
Sedap masakannya...,positive
Yummy.. udang butter n ikan bakar is the best..,positive
Sedap gila makanan dia.. Ayaq coway lg tau free.. Ada mcm2 menuuu,negative
"ikan bakar special, dia punya kuah santan marvelous....perkhhhhhhhhhhhhhhhhhhhhhhhhhhhhhhhhhhhhhhhhhhhhhhhhhhhhhhhhhhhhhhhhhhhhhhhhh",positive
Tempat ok. Restoran ok. Kebersihan ok. Parkir ok. Layanan biasa2. Servis pantas. Rasa biasa2. Harga tak murah.,negative
Makanan sedap. View cantik. Cuma sinki air alir terus ke sungai.,positive
Enaknya makan ikan bakar kat sini,positive
food overall is ok..cuma sdikit manis..ikan bakaq tu recommended..dia pya kuah hjauu rsa cm ckup.. staff kt bhagian ikan yg pak cik tu..muka xyahh stress sgt..nk mniagakan..msa pi pon org bkn rmai sgt..dan wktu msih awl lg..,negative
Masakan mantap..harga berpatutan.,positive
Mahal...,positive
Port makan malam yang santai dan best,positive
ok servis cepat,positive
Servis cepat...ikan bakar sedap...terutamanya ikan bakar santan...,positive
Harga berpatutan,positive
Ikan bakar sedap!,positive
Orang ramai.. Tapi makanan dia tu rasa tak berapa nak sampai kat tekak.. Rasanya kedai ikan bakar area tepi pantai kuala perlis lagi sedap dari makan kat sini.. Sekian ;),positive
Sedapp,positive
"Kwsn tenang, mknn pon mantop... recommend la semua...wajib try bgi siapa yg mai Perlis",positive
makanan sedap2,positive
mudah parking.. masakan enak2 belaka,positive
"Tempat yang sangat teruk, bayangkan kami datang makan siap tempah tempat,end up makanan tidak cukup,sehinggakan selepas kami selesai baru hendak minum,pekerja kedai kemas meja dan terus minta kami pergi...kedai yang sangat tidak selesa,hospitaliti yang teruk",negative
Sedap satey sini,positive
Tak jaga kebersihan,positive
"Sedap, tapi mahal skit",positive
Sedap . Paling padu pari bakar kena cuba,positive
Taste not as ikan bakar. Like ikan planta.,positive
Ikan bakaq dia terbaik,positive
Terbaik...sedap,positive
Ikan bakar.. Sgt sedap dan harga pn okey,positive
Sedap dan cepat. Servis bagus.,positive
Bersistem,positive
Ikan bakar bapak sedap,positive
Delicious ikan pari bakar.,positive
Terbaekkk,positive
Harga mahal sikit tapi makanan powerrr,negative
tepi sungai. feeling perlis,positive
"Makanan memang sedapp walaupun harga a bit priceyy, but makanan semua sedapp puas hati",positive
Seafood sedap,positive
Ikan bakar terbaik!!,positive
"Mantap, sedap & sistem ambil pesanan juga terbaikkk",positive
Tempat best layan ikan bakar.. memang sedap.. sotong petai terbaik...baik book dlu sebelum datang..takut penuh semua meja...,negative
"Perencah ikan bakar Manis sangat, udang telur masin tak berapa terasa, ketam masak lemak rebus n tuang kuah masak tak terasa tapi seafood memang fresh..",negative
"Dalam banyak2 kedai ikan bakar yang pernah aku p, ni lah kedai ikan bakar yang paling bersih setakat ni yang aku jumpa nak tau bersih ke tak tgok tandas dia pun da bersih terbaik, harga juga memang da dijngka murah sbb perliskan kebanyakan mknan sana memang murah dan yang paling penting fresh, cuma aku tak berapa minat bakar warna kuning dia apa tah nama dia tak kena tekak, tapi ada la kelainan skit dari kedai ikan bakar yang lain, orng lain maybe suka kut sbb aku suka yang pedas2 , kalau dapat bakar ngan petai skali syiok ooo overall nice rekemen untuk sesapa try mkn kedai ni, pss satu lagi nak pesan yang tukang timbang tu jgn ketat sangat muka, chill skit",positive
Ikan bakar sedap... Sotong tak fresh,negative
tak bape best,positive
Pd saya Harga x mampu nk makan      ... Tp ramai pula yg g makan.. Mungkin makan2 biasa je dan bukan makanan laut,positive
Ketat perut.mumtaz,negative
Laju n sedap,positive
Service bagus n makanan pun sedap,positive
"harga boleh tahan mahal, tapi memang sedap. kira ok la..setiap masakan mempunyai cita rasa yg tersendiri, masakan lain dari yang lain..memang terbaik tempat ni ..korang patut cuba..memang tak menyesal la..",positive
"Suasana santai, kebersihan ok, makanan pun ok. Harga $$$$",positive
Servis cepat. Tak mcm kedai ikan bakar lain.,negative
Sedap oiii..,positive
sedap. kuah ikan bakar tu memang best,positive
Biasa je,negative
Terung hijau bakar best,positive
ikan bakar kuah kuning,positive
Sotong goreng tepung yang rangup Serta ikan bakar bersantan yang memikat rasa. Masa menunggu yang tidak terlalu lama untuk menyantap makanan. Cuma pilihan makanan laut yang agak terhad mungkin kekurangan stok di pasaran. Amat di cadangkan kepada pelanggan baru untuk datang ke Api Api Ikan Bakar bagi merasai sendiri kelainan ikan bakarnya. Selamat menjamu selera,negative
Makanan yang sedap dan servis yang baik.boleh buat tempahan awal untuk elak waktu menunggu makanan yang lama,positive
Menu yg menarik dan taste delicious,positive
Sedap.. Servis tip top...,positive
Ikan bakar terbaik...,positive
Terbaikkk... Servis drpd pihak kedai.. suasana tenang jer.. ape pom klu nk pi baik booking dlu tempat...,positive
makanan semua sedap2. rugi kalau dah sampai perlis tapi tak singgah makan kat sini,negative
fresh fish... terasa sedap dan manis isi ikan selepas di bKar..  mmg sedap,negative
Memang sedap,positive
ikan bakaq dia berlemak elok,negative
Best ikan bakar ever.... I try so many places no one can beat api-api..utara winning best ikan bakar!!!,positive
Sedap. Ikan bakar is a must!,positive
Seafood dia mmg segar2 dan masakan pn sedap.. Harga standard..,positive
The best ikan bakar in Perlis.,positive
Makanan yang lazat dengan harga yang sangat berpatutan.,positive
Seriuss sedapp ..dannn fresshhhh bilaa masuk dalam mulut,positive
Terbaik....masakan smua sedap..puas hati laa,positive
Sedap sangat ...harga patut berbaloi2,positive
Makanan semua sedap,positive
Sotong tepong sedap,positive
Mkn sedap. Harga pn berpatutan,positive
"Open style restaurant. Food was nice, the price was reasonable. Nak order menu, boleh ikut portion berapa org makan",positive
Banyak pilihan makanan menarik. Sedap.,positive
Masakan Sedap. Harga Berpatutan. Tempat Selesa Cuma Parkir Terhad,positive
Rasa sedap tapi harga agak mahal..,positive
puas hati,positive
makanan sedap,positive
"Parking senang, masak cepat dan sedap, layanan mesra",positive
Sedap untuk makan beramai-ramai,positive
Makanan memang sedap puas hati mahal pun,positive
Makanan yang terbaik,positive
Ikan Bakaq,positive
Kedai ni sedap. But a bit mahal,positive
Cepat dan sedap,positive
Ikan bakar sedap,positive
Sedap. Kami datang ketika waktu hampir senja. Cepat juga makanan yang diterima. Harganya tidaklah semurah mana. Namun berbaloi.,positive
Ikan bakar terbaikkk,positive
Murah dan sedap memang berbaloi,positive
seafood fresh dan murah,positive
Semalam kena RM259.... rasa dah mahal semacam... menu :- Ikan siakap bakar sekor sotong goreng tepung 5 orang udang 6 ekor goreng tepung kailan ikan masin 2 orang telur dadar 1 orang nasi 7 pinggan teo ais 1 jug terung bakar 3..,negative
ikan bakaq memang best sedapx10,positive
Sotong goreng tepung keras sangat...,positive
Makanan sedap... Service bagus...,positive
Cepat menyediakan makanan yang di order. Kualiti makanan agak baik tapi boleh lagi untuk improve. Harga tak murah tp takla mahal sangat.,negative
"Saya dan kawan tiada masalah dengan lokasi, kebersihan atau pun kemudahan. Tapi bila datang tempat makan mestilah tajuk utama kualiti dan rasa masakan. Ini adalah menu dinner malam tadi; Ikan pari bakar Sotong telor asin Udang goreng butter Ulaman Pernah tak korang makan ikan bakar dengan santan? Sekali makan rasa dah pelik ok lagi makan tapi bila dah hujung mmg tak boleh telan disebabkan terlalu muak dengan rasa santan walau dah cicah sambal. Bila tanya santan is default perencah untuk ikan bakar. Ayooo itu sepatutnya kena tanya customer. Sotong telor asin pun failed gak pasal aku expect kedai ni akan masak chinese style rupanya die goreng dengan telor tu end up aku dan kawan xleh makan dah rupa masakan kuah taruk telur kacau2 taraa berketul2 la telur tu bersama sotong dan kuah. Nasib baiklah udang leh lagi makan walau rasa dia tak seperti diharapkan. Moral of the story memang silap aku gi kedai melayu gi gatal nak order chinese cooking style...",negative
Kuah masak lemak ikan bakar padu bossku,positive
"Ok la ikan bkar boleh bli sedap tp jgn amik sotong, jgn amik ketam lau xnk mati terkejut.. Sbb bda tu mmg mhal pown..",negative
Makanan Terbaik,positive
Service ok. Tapi agak Mahal.,positive
Sekarang tengahari pun buka....,negative
"Makanan sedap, tempat luas. Sangat sesuai utk family dinner",positive
Api api ikan bakar,positive
Makanan sedap dan layanan ok,positive
"makan best! kalau mai, nk repeat lg mkn sni!",positive
Ikan bakar padu,positive
Sotong goreng tepung da best. Bukan typical cokodok sotong,positive
Boleh juga buat majlis mkn mlm,positive
"Makanan paling terbaik yg pernah saya makan di kedai makan sepanjang saya hidup, persekitaran tempat yg sgt selesa, first time rasa seronok smpai  tersenyum bila makan di restoran ni, layanan terbaik, harga terbaik, apa lagi ni... Semua tip top... Akan jadi pelanggan tetap mungkin...",positive
Untuk ikan bakar tak kena dgn citarasa rasa. Sbb kuah atas ikan mcm masak lemak . Manis2. Ikan 3rasa pulak mcm msak letak sos thai ja. Yg sedap sotong goreng tepung dan udang masak pedas ja. Definitely will not come again. Tapi lidah masing2 kn. Untuk saya mmg kurang memuaskan. Sbb tekak dah biasa makan sedap2 dekat penang. For those yg nk dtg penang msti cuba makan ikan bakar dekat Adnan Ikan Bakar teluk tempoyak.,negative
"Nice food, but its too crowded, tempat sempit, meja makan tak banyak sangat and service slow sikit, but overall ok laa kot",negative
Lambat habis,negative
Semua sedap. Udang besar2. Ikan bakar tip top,positive
Mabeles ikan bakonya..sedap yakmat.. Harga pun berpatutan.. Menu: Ikan bako Telo dadar Sayo campo Sotong goreng tepung Ayo sirap,positive
Best... Mcm2 Mknan laut ad dan sedap,positive
Nice place and food! Sehingga menjilat jari!,positive
"Sotong celup tepung    Fresh, tak berminyak, lazat. Siakap bakar",positive
Boleh la,positive
Terima kasih atas makanan yg dihidangkan. FAMA,positive
Sedap baq hang,positive
Tempat sejuk malam-malam. Makanan pun ok,negative
Ikan bakar terbaik di Perlis,positive
Sungguh berapi..kalau taknak hampa mesti call dan book,negative
Ikan bakar,negative
Memang sedap. Harga berbaloi. Sapa nak makan ikan bakaq or seafood boleh mai sini. Recommended.,positive
Ikan bakaq dia memang sedap kar sini.,positive
Makan sedap.. serve ok.. ade tmpt park kereta.. harga berpatutan,positive
Terbaik .,positive
Ikan bkr mmg bes. Bwk duit lebey sikit,negative
Memuaskan,negative
tak tau la apa yg sedap..,positive
"Masakan yang dicuba: 1) Siakap bakar - Rasa yang unik dan sangat sedap 2) Butter prawn - lain dari kebiasaan tapi memang sedap 3) Sotong celup tepung - antara yang terbaik pernah dirasa 4) Kerang bakar - sedikit hangit 5) Sup sayur - sedap 6) Telur dadar - sedap dan besar * Ulam, sambal belacan, air asam dan kuah kari diberikan pihak restoran sebagai menu tambahan. Minuman yang dicuba: 1) 1 jug Epal asam boi - sedap cuma agak manis 2) Teh panas - sedap 3) Teh o limau panas - sedap Lokasi: Menarik dan bersih. Jika datang jam 6 petang boleh menikmati suasana matahari terbenam. Harga: Sangat berpatutan dengan kualiti makanan yang disediakan Service: Makanan cepat dihidang. Pelayan memang sangat cekap dan mesra Keseluruhan: Kami amat berpuas hati dan akan kembali untuk mencuba hidangan lain.",negative
Sangat bagus dan boleh menyenangkan hati,positive
sedap,positive
Sangat dinasihatkan supaya booking dulu sebelum datang. Walk in kena tunggu lama sebab tiap2 hari orang penuh,positive
Sedap tapi mahal.. Boleh laaaa...,positive
Makanan sedap,positive
Di syorkan kepada mereka2 yg berkunjung ke K. Perlis...  Masakan yg lazat & menyelerakan  serta harga yg berpatutan...,positive
biasa biasa saja..,positive
Terbaik la..,positive
Tolong booking sblm dtg... mkn mmg sdp,negative
"Masakan sedap, cepat dan harga berpatutan.",positive
Ikan bakar memang terbaik...,positive
Sedapp bak hangg!!!!,positive
sedap .,positive
Sapa yg mai perlis ni jngn lupa singgah api api ikan bakar.. Sedap dan hrga berpatutan,positive
"Ikan jenak bakar memang menjilat tulang! Bakar dengan api marak, tapi agak mengejutkan, isi ikan amat lembut dan juicy, cicah dengan sambal berwarna kuning yang rasanya macam kuah ayam percik, memang unik cara bakar dan rasa ikannya! Wajib singgah kalau di KP...",positive
"makanan superb. saya order ikan bakar siakap, sotong greng tpung, udang telur masin n sup ayam. makanan sedap tapi kena sabar la. almost 30minutes bru ikan bakar smpai. lg 2 hidangan 15minutes later. harga bpatutan.. will come again next time",positive
Ikan bakar syok,positive
Boleh la...,positive
"Dah cuba: - Ikan bakar 5 bintang (terbaik di Kuala Perlis insyaAllah) - Sambal udang 5 bintang - Sotong goreng tepung 4 bintang (sama macam kedai lain di Kuala Perlis) - Tomyam 4 bintang (benchmark saya paling tinggi Restoran Istimewa Medan Selera Arked Padang Besar) - Ketam masak rempah 4 bintang (ada kedai lain yang buat lebih baik) Selera dan citarasa kita tak sama, komen saya hanya terpakai untuk saya dan isteri. Sekadar perkongsian.",positive
sedap...,positive
Best ever ikan bakar restoren,positive
Ikan bakar sedap berbaloi         mesti cuba kalau datang ke perlis,positive
Makanan sedap dan fresh,positive
Ok la,positive
Service is eficient...,positive
Rasa hebat harga pun terbaek,positive
Makanan laut terbaik di perlis,positive
ikan bakar n terung bakar terbaik,positive
Sedap sgt..,positive
Ikan bakarnye sgt sedap... Lain dari ikan bakar di selatan...,positive
SedapppPPP mmg sodapppPPPP... Duit pon kena sodappPPPPPPPP..,negative
Keadaan suram di tepi sungai yang terasa indah dan nyaman sambil menikmati makanan yg cepat tersedia,negative
Surprisingly terung bakar sangat sedap..,positive
Ikan bakar xbrapa nak sedap masa mula2 orang xkenal dulu.,positive
Mmg terbaik,positive
"Kadang pergi sedap, kadang2 xsedap sebab kuah kt ikan sikit dan mahal sikit. Menu xde harga. Xboleh nak agak brp ringgit kita makan",positive
Dapat timun sambal belacan. Ingatkan free sebab tak order rupanya kena cas rm3. Jangan serve benda yg customer tak order. Tak tanya apa pun terus tulis je dalam order. Macam paksa cust bayar untuk apa yg cuct tak order & makan,negative
A must try place.. Seriously!! Xtau nk habaq.. Try jenahak bakar.. Sedap baq hang?!!!,positive
"Tmpat yg best... Harga agak mahal.. tapi sebab sedap, ianya memang berbaloi",positive
Jenahak bakar is the best,positive
Terbaek setakat ni...,positive
Nice eatery facing tributery of Kuala Perlis river,positive
"Ikan bakar dia lain macam sedap. Selalu anak anak tak suka ikan, ini sekor tak cukup. Great place to eat. By default dapat ulam & kuah kari. Terbaik!",negative
Harga yang dibayar untuk bahan yg segar ini berbaloi-baloi...cara masakan dimasak juga unik dan mempunyai rasa enak yg sukar untuk dilupakan.. This place is highly recommended..,negative
Great Ikan Bakar,positive
Banyak pilihan.Selesa dan Makanan cepat siap.,positive
Sedap je. First time sampai bulan lepas.,negative
"Harga berpatutan, citarasa terbaik.",positive
Sedap sangat,positive
"Makanan semua sedap, terbaik lah jugak. Tp servis hmm, maybe tnggu xde org kot baru nak ok.",positive
"Layanan mesra, pantas & tersusun ikut giliran... tertarik dgn cara pembersihan rapi & bersih meja setiap selesai pelanggan terdahulu... sebelum pelanggan baru ambil tempat.",negative
Malayan Dan layman memuaskan,positive
Ramai pelanggan..harga ??,negative
Ok la....,positive
Kegemaran keluarga..ikan bakaq yg sempoi,negative
Sekeluaga saya sagat suka pergi makan di restoran api api..masakan begitu sedap sekali,positive
Ikan bakar sedap..yang lain bolehla,positive
The best sotong goreng tepung in perlis,positive
ikan Bakar,positive
Makanan sedap. Air gelas agak kecil. Harga boleh tahan harganya.,positive
Terlalu mahal ...harga xmasuk akal ... hati hati ... makan ikan siakap sekor plus lala sikit plus tomyam  .. kena sembelih Rm160++... hati3.. api membakar sampai hangus ..,negative
Ok ok je,positive
Makanan sedap...tp dok buleh makan lebih2...,positive
"Ikan fresh, price medium range. Masakan pun sedap.",positive
Mentarang masak halia ni sedap ^^,positive
Harga n rasa yg oke,negative
Best ikan Bakar in kuala perlis,positive
Best ikan bakar restaurant in perlis...,positive
Medan Ikan Bakar,negative
Tempat menarik. Banyak pilihan dan harga yang berpatutan.,positive
"Variety makanan banyak, rasa biasa je. Mood dan pemandangan cantik, servis utk order mknan pun senang, nak bayar pun senang ada qr pay Parking: Parking bahu jalan berdereeeet gitu",positive
"Breakfast tepi sawah, berlatar belakang bendang dan gunung ganang. Rare. Sangat berbaloi datang dari jauh !",positive
Banyakkan meja mknan di bawah terbaikkkk....amin..,positive
Semuanya ok,positive
Makanan ok je xde la letops sgt..view je la yg menawan,positive
"makanan sedap, nmpk dari luar ramai,tapi bila masuk xsesak,sebab ada banyak gerai2 mknn dalam tu, kita ambil bayar terus..idea yg menarik dan bernas    ..mknn pun dpt cpt..cuma klau boleh, parking bgi luas skit dengan tmpt minuman kna bgi lebih skit pkrja kat situ..mcm tadi saya p, dkt tempt minumn tu yg beratur lama sbb ramai org,tapi sorg ja bt air ..itu ja la , yg lain ok",negative
"Makanan sedap dan banyak pilihan, mcm style foodcourt kedai lain lain. Air special dia teh buih. Kalau sampai awal banyak kedai tak buka lagi, recommend datang pukul 8 pagi dan keatas kalau weekday. Parking ada rm2 sekali masuk. View memang cantik. Kedai makan ada 3 tingkat.",negative
Makanan sedap. Suasana pun best. Sambil makan sambil boleh healing,positive
Makanan okay laa.. cuma time cuti agak crowded.. parking sape cepat dia dapat.. dtng sini sebab view dia cantik.. ambik gambar kt sawah pagi2 memang nicee.. rekomen juga utk dtng sni,positive
"Makanannya sedap, bagi saya bihun ayam dia nice, apatah lagi view pemandangan di sana",positive
Menu2 menarik..makanan sedap2..terbaik warung tepi sawah,positive
Boleh laa .. luar biasa sbb tepi sawah,positive
Makanan pelbagai dan sedap..suasana tepi sawah,positive
Vegetarian options: None suitable for vegetarians. Food,positive
Sedap nasi lemak dan lain2,positive
"Kali ke-2 pergi ingatkan ada perubahan. Tapi masih lagi sama. Kalau bukan sebab viral rasanya kedai ni tak laku pun. Makanan dan view baik pergi teratak bonda dekat arau, lagi best. Abang buh nasi lemak pandan tu masam bebenau mukanye. Senyum sikit bang. Dan 1 lagi, semua makan sejuk, sambal nasi lemak rasa macam baru keluar peti ais, capati pun dah keras. Tak ada nikmat nak sarapan. Kepada kedai, tolonglah sediakan makanan yang hangat, baru rasa fresh sikit.",negative
"nice local menu for breakfast especially roti canai sarang, got lempeng, roti puri, nasi lemak, sate, cucur udang. price cheap. the view?? awesome can OOTD at paddy field",positive
"Order Roti canai tapi dapat mcm roti tirai..tolong tukar penebar roti canai tu..order 3 keping yg cuma dapat 2 keping saja..Suasana tempat saja yg menarik, makanan kena improve lagi..Viral x semestinya sedap..",negative
"Have a lot of choices from roti canai, nasi lemak, bakso, soto, lempeng and kuih.. tried the kotiaw bakso. Delicious and served hot",positive
Tempat cantik. Makanan boleh la.,positive
Harga makanan agak mahal. Rasa makanan biasa saje. Senarnya kat Perlis byk je warung2 tepi sawah disebabkn tmpt ni viral tu je. org ramai & parking RM2 per entry.,negative
Tempat yg menarik utk dikunjungi,positive
"First and last, meja costumer kena berebut2 , nasib malang dtg pula waktu cuti sekolah, tpi warung ni sangat lah x teratur..",negative
"Pemandangan cantik.. Kiosk kecil dalam kedai mudah utk membuat pilihan makanan.. order, ambil dan bayar memudahkan dan melancarkan.. cuma bila ramai pengunjung kawasan kiosk + pintu masuk agak padat, mungkin jika hari biasa keadaanya berbeza.. ruang mkn yg luas dgn 3 slot pilihan.. kami pilih tingkat atas mengadap sawah   .. makanan ok sedap dan harga berpatutan",negative
Best experience. Parking banyak. 3 tingkat dining hall. Pemandangan sawah.,negative
Luar biasa ramai,positive
"makanan ok la..sedap jgk...cuma tempatnya nk mkn bertingkat2..laluan tangga sempit..x disaran utk yg bwk ank kecik dn warga tua dn org sakit lutut..sistem agihan meja kna improve..kita tgh mkn,org tunggu sebelah nk book meja..rasa x selesa doh...",negative
"Tanda hadir sahaja. Rsnya tak repeat dah   sb time.cuti org ramai, dan nk beli mknn pn ikut booth2 mknn. Banyak kali beratur utk membeli mknn berbeza. Ranya better buat payment one station shj. Booth2 mknn bnyk xpe cuma bab payment tu la ssh sikit. Dan tak selesa sgt sb time kita mkn pelanggan2 lain pn dah mnggu meja jd nk berhealing tu serba slh sikit sama juga msa kita menunggu meja msa pelanggan lain mkn Parking: Susah sangat nk parking. Kene jalan jauh. Paking kt dlm yg disediakan x mencukupi dgn bilangan pengunjung yg hadir time cuti.",negative
"Makanan jual ikut gerai2 kecil + vendor kuih. So kalau dtg time peak, mmg gigih la kena beratur. Menu ada pelbagai. Nasi Lemak Pandan sedap, lempeng pon okay.  Makanan lain tak sempat nak cuba sbb tak sanggup beratur Ada tempat parking berbayar. RM2 per entry. Tapi kena dtg awal kalau tak penuh. Overall was a good place to hangout with friends and family",negative
"OK sangat port sarapan ni. Typical kat Perlis, setting tepi sawah, background yang sungguh menyenangkan. Saya datang hari Ahad cuti sekolah, jadi sedikit sibuk tempat ni. Tapi saya sampai sebelum 8 pagi, jadi masih senang dapat meja. Nak repeat before balik KL pun boleh rasanya ni.",positive
banyak pilihan menu masakan untuk sarapan pagi,positive
makanan ada banyak pilihan ! suasana utk ootd superb. tempat selesa.,positive
pasarana yg menarik..sejuk angin bendang,positive
"order roti canai 4 and mintak nakk satu2, but makcikk tuuu buat dua2  and roti tuu mcm satuu keping jaaa",negative
Makanan boleh la.,negative
Terbaik..makanan sedap & banyak pilihan..view yg menarik.,positive
Tempat Viral di Perlis...Style stall kecik2 byk dan boleh pilih nk mkn apa...Ada 2 tingkat...,negative
Biasa2 je makanannya...tempat makan luas...tu je saya boleh cakap,positive
Tempat makan yang menarik. Suasana di dalam kedai yang santai dan teratur.,positive
Asik melihat sawah sambil makan hehehe,positive
datang awal ye... kitorang first customer best giler beli..sebelum pukul 7 dh dtg..tpi syok tak serabut bila order awal..nasi lemak die sedap..roti titab kurang..soto pon biasa je Parking: parking rm2,negative
"Makanan overated, biasa biasa je",positive
"Pergi sini sebab tempat makan ni viral. Kami kadang tak suka kedai viral sebab biasa ramai dah beratur. Tapi kedai ni sebenarnya berbaloi juga kalau nk singgah. Sebab menu dia tu memang menu authentic dan rasa memang sedap (banding kedai viral di perlis yg lain). Menu pula ade yg murah, ade yg biasa2. Tp overall okay la. Kena layan diri so kalau ada anak kecil, mencabar skit. Parking pun mencabar skit, kena parking tepi jalan jer. Kami pergi off peak (luar musim cuti) tp weekend, tetap ramai org. Rasanya musim cuti sekolah lagi ramai. Worth trying",negative
Suasana kampung dengan aneka juadah makanan berada dilokasi tersebut,positive
"Overrated. System pun tak teratur. Beli peknga, bagi duit rm10 balance rm2 je, boleh orang jual tu kata takde duit kecik. Bukan balance rm9 ni sampai takde duit nak bagi baki. Asap bakar ayam penuh dalam kedai sebab gerai bakar ayam duk tengah kedai. Instead of letak sinki, nak letak jugak bekas basuh tangan setiap meja, tapi takde orang refill pun setiap meja. Makanan pun overrated. Teh ais tak rasa teh sangat.",negative
Kalau tidak kerana kedai ni viral memang tak ramai yang akan datang. View lawa di bahagian belakang kedai tetapi dalam kedai  agak serabut dan sempit di bahagian bawah namun banyak lagi ruang makan di bahagian tingkat atas. Pilihan makanan banyak tapi kualiti makan agak kurang. Rasa makan biasa saja dengan harga yang mahal. Konsep jualan makanan agak mengelirukan. Perlu bayar di banyak tempat mengikut peniaga yang ada di dalam premis. Pekerja ada yang ok layanannya dan ada yang beremosi. Terutama pembuat air perempuan pelanggan  tanya saja pun di herdik pelanggan.Soft skill memang out. Parking pula di sepanjang jalan utama. Jika ditanya boleh dicadangkan atau tidak ? Kalau sekadar hendak mencuba suasana dan hendak  merasai makanan boleh saja. Yang pasti saya tidak akan ke sana lagi.,negative
Kerja bagus,positive
Kedai Luas Dan cantik. Tapi makan kurang skit,positive
Scenery cantik. Makanan biasa biasa ja.,positive
"29/10/2023 Kedai ni ada dua tingkat, byk tempat duduk. Sampai pukul 10 pon masih banyak makanan. Order dan bayar makanan ikut station/gerai makanan. Dulang/tray disediakan utk angkat makanan sendiri. Nasi daging bakar sedap, kalau panas lagi sedap. Daging okey la tak liat sgt. Roti bakar telur sedap Tempek sedap Pulut ayam sedap Bihun sup daging sedap Overall makanan semua okey. View sangattt lah cantik Pi perlis wajib datang sini",negative
Banyak vendor.. Teh ais kena try oke.. Sedap. Yg lain biasa tapi view dia.. Mantap..,positive
"Tempat cantik. Makan sedap, harga berpatutan.kemudahan baru dan terjaga.harap dikekalkn utk keselesaan.",positive
Makanan sedap... pemandangan sawah pun cantik... kene dtg awal pagi... kalau x penuh dengan orang gomen jer...,positive
"Makanan semua sedap. Banyak pilihan makanan. Suasana santai. Tingkat bawah and dua memang full, tingkat 3 lapang meja banyak. Orang ramai nak tumpang selpie dihalaman disediakan pn sesak haha. Warung Tepi Sawah memang bestttt. Kena repeat!!",negative
Tempat sgt cantik dan sesuai untuk ootd. Makanan pun sedap. Cuma kena dtg awal untuk breakfast sebab ramai sgt org akan ke sini terutama weekend.,negative
Memang terbaik,positive
"Nasi lemak pandan tak sedap langsung, yang lain boleh la",negative
Menarik. Banyak breakfast unik. Kebanyakan makanan memang sedap. Harga pun okay.,positive
"Many different choices, from satay, kuih, pulut, roti  bakar w telur.. many nasi dagang.. etc",positive
Nak datang sini weekday ok time wekend dtg mmg emm nk dapat meja pun payah. beratur panjang lagi overall is ok la,positive
Rojak,negative
"Tarikan kedai : Nice view to OOTD (jika cuaca elok) Kaunter minuman ada 2 (air panas & air sejuk jangan silap beratur) Ada pelbagai jenis kedai makan Konsep : self services - bayar dulu sebelum makan (cash or EFT)   (cash digalakkan membayar dengan wang kecil) Pelanggan perlu cari meja > beratur order > bawa makanan/minuman ke meja sendiri > bayar ikut kaunter... Ada kedai bayar di kaunter utama, ada kedai bayar di owner kaunter makanan   (perlu peka makanan anda perlu bayar di mana, minuman bayar di kaunter utama) Meja makan banyak disediakan sebab ada 4 tingkat (suggestions : warga emas/orang tua perlu diberi keutamaan duduk di meja bawah - ground floor) Parking: Lambat sampai, parking jauh dari kedai",negative
Sarapan pagi dengan pelbagai pilihan makanan. Sesak semasa cuti sekolah. Berlatar belakang suasana kampung menghadap sawah pagi. Lokasi cantik untuk bergambar.,negative
Tempat sesak orang ramai..dtg cuti skola bese mmg camni kot..sistem perlu tmbh baik lg..buat layan diri tp servis dr gerai makanan lambat..roti canai kena beratur tgu dia tebar..air pun sama..dia amik order dia buat air/mknn dia amik duit..cashier letak dekat tmpt amik makanan keliru nak beratur..order ckp pakai mulut lps tu lupa order apa..makanan biasa2 je xda yg betul2 sedap..org dah ramai kualiti kena jaga..kalau dtg lg perlis mmg xdah dtg sini..,negative
"tempat yg cantik utk sarapan pagi di perlis, makanan pun ok nice",positive
Makanan agak mengecewakan..Tak berapa sedap. Dan harga agak mahal sedikit...,negative
"Tempat menarik,view lawa..makanan in sha allah sedap,menepati selera saya...cuma kena datang awal,kedai sentiasa ramai datang dan pergi...",positive
"Banyak pilihan makanan, tapi rasanya biasa ajerr. Lokasi menarik di tepi sawah. Perlu pilih makanan di stall yang tersedia dan terus bayar sebelum menjamu selera....style R&R. Parking: Parking tepi jalan yang sempit dan terhad.",negative
Makanan sedap. View cantik. Ada tempat utk OOTD.,positive
Byk choice makanan cuma kena improve dia pny taste,positive
"Dah lama dah teringin nak makan kat spot2 tepi sawah, bendang boleh nampak bukit, gunung-ganang dengan banyak sangat pilihan makanan serta minuman. Overall, syok sangat! Semua kena datang cuba ni. Sedap semuanya. Nak rasa pelbagai jenis kongsi ramai2 bersama keluarga dan gang.",positive
Suasana yg menarik! Duduk di tepi sawah dgn suasana santai. Harga pun sangat berbaloi and ayam goreng utk nasi lemak tu sangat SEDAP!,positive
1. Nasi lemak hijau dan lauk2 yang sejuk......tidak panas seperti nasi lemak biasa. 2. Harga bakso yang agak mahal 3. Air digunakan UTK minuman panas tidak betul2 panas. 4. Customer service baik.,negative
Suasana yang sangat Indah di tepi sawah. Ada pelbagai kedai/gerai ala2 street food. Bayar dulu sebelum makan. Bawa makanan dan minuman sendiri ke meja. Restoran/warung ada 3 tingkat. Harga standard macam kt bandar.,negative
Menarik .bagi mereka yg inginkan kedamaian & ketenangan sambil bersarapan .tapi kena datang awal pagi sebab ramai orang .,positive
Mahai...kurang sedap,positive
"Satay ikan and otak-otak was really good. Roti telur goyang, and pulut with ikan masin and coconut floss was new to me. Taste wise quite bland. Soto was fine.",positive
"Semua menu best, menarik dan sedap...tempat breakfast yg recommend bila dtg Perlis.",positive
Makanan biasa2 je pemandangan sekitar tu cantik,positive
terbaikk tapi perlu tambah tandas,positive
Pelbagai jenis makanan dan pemandangan sawah yang cantik. Psst.. Nasi lemak not recommended.,positive
"Kecewa. Sebelum ni makanan sedap tapi selepas renovate kualiti makanan berkurang. Kuey teow kerang- RM6 kira mahal sebab tawar, rasa hangus. patut lap kuali sebelum masak untuk next person. Tak pernah aku makan kuey teow tak habis Colek- Kuah kacang & sos yang terlalu manis. cicah gula ke cicah apa ni?    Yang goreng2 tu boleh lah. Moi sup - Portion okay, sampai2 pun cukup panas cuma nasinya di blend. Rasa macam makan nasi tambah air haha, tak serap dalam nasi kuahnya. Suasana - kalau ada baby tu peluh2 jugaklah. servis - okay Kid-friendliness: Banyak ruang and budak2 boleh main tepi sawah (kena awal pagi lah, jam 9 ke atas panas lit lit ceq oi)",negative
"Tempat cantik, sedap angin pagi. Makanan char koey teow udang ok, roti pisang hangus ok, air nescafe panas ok, teh tarik manis sgt, colour merah. Tempat ni sesuai bawak family.",negative
"Walaupun warung dah renovate tapi kualiti dah ke laut, dah tak feel macam dulu dulu. Owner kena ambil tahu hal ini. Jika rasa hebat silap2 tak lama lagi boleh bankrap.",negative
Tutup dtg pd 28 4.2023. Owner tgh renovate..  Xtau bile siap. Tlg update d google maps..  Sb d google bgtau open,negative
The que is long for roti bakar. But others is okay. Makanan banyak sangat. Dekat tempat masuk tepi kaunter semua ada. Tapi table service lambat kalau orang ramai. Especially on the weekend. Kita siap bersih meja sendiri lah nak duduk.,positive
"Konsep gerai kecil-kecil. Datang jam 10am banyak gerai dah habis makanan. View best ada gunung ada padi, tapi padi for now tengah takde. Sooo kena tahu padi waktu apa menghidau, confirm cantik.",negative
"Best. Makanan banyak dan sedap, harga murah, view stunning.",positive
"Kena datang pagi2, seawal dia bukan jam 7pagi tu kena datang dah.sebab ni tempat makan pagi paling viral setakat ni diperlis. Kalau jam 9 tu berebut dengan orang ramai. Rombongan bas pun datang sini.",negative
Banyak pilihan makanan.,positive
"location best.sarapan best.biasa lah tempat viral,org ramai",positive
Servis yg sgt teruk.kerusi berebut2.pemilik restoran di mana masa itu.sepatutnya pemilik restoran kawal keadaan.,negative
Service cepat ..tempat duduk ja kena tunggu...utk pengguna kerusi roda...elok drop dulu kat depan kedai... Parking: Rm2..tp tak bertar...tanah merah n batu...,negative
"Just sharing my experience. Very hassle untuk order makanan. Please implement menu QR Code. Centralised payment antara food vendor. Beratur lama, makanan habis pula. Dah beratur eh rupanya nak order roti bakar kena beratur lane lain pula. Chaos sangat.",negative
"Assalamualaikum sy wakil driver2 van hnya bg cadangan ja.kami kdg 2-4 driver van tempatanxtrmasuk driver luar kami xmenharapkan sarapan free sbagaimna warung@restoran yg lain.apa la sgt 2,3 van xdtg pn kdai rmai pnuh mcm biasa jgk kan. cuma harap jasa baik  dpt sediakan khas 1@2meja dh cukup utk dikongsi para2 driver bas, van dll rehat sarapan.kt ruang blakang parking pn xpa. Tiap2 kali pergi trpaksa mengalah pada pelanggan dri luar sbb meja penuh kesian mai jauh2 xdak meja da yg trpaksa kna makan kdai sebelah sbb xdak tmpat.",negative
Kedai makan yang sngt nyaman dan tenang je.. Makanan semua sedap .. Duk tepi sawah angin sepoi sepoi bahasa masa nie pagi jadi cuaca sangat baik tak terlalu panas.. Sahabat yang ingin berjalan ke Perlis WAJIB singgah di WARUNG TEPI SAWAH PERLIS,positive
"Tempat makan paling over rated di negeri Perlis. Hanya sebab ada you tuber datang, tak semestinya bagus. Parking kena bayar, meja tak cukup, harga mahal. Bukan harga warung. Setakat nak tengok sawah, merata rata ada. Dan jangan datang semasa cuti sekolah atau hujung minggu",negative
"utk view okay. utk beratur order makanan, boleh ditambah baik lagi utk bahagian labelling bagi besar2 supaya nampak apa menu yg diberatur Parking: penjaga parking mantap!",positive
"Ok, banyak variety makanan. Food dia, mostly biasa2 saja.. Air ceroy, tawar. Boleh improve lagi ni. Parking payah sikit, ada disediakan, tapi selalu penuh dan berbayar.. Tempat memang ramai dan padat. Terlalu ramai. Kalau suka beratur dan bersesak sesak, boleh la mai... Agak mahal, tapi servis ok.",positive
Sempit,negative
Banyak pilihan makanan dan view yang cantik dan damai.,positive
"Tempat sarapan viral di Bintong. Pelbagai makanan, pilih saje. Boleh makan ditepi sawah atau ditingkat atas. Pemandangan cantik, makanan sedap. Cuma parking agak terhad. Kena hati2 parking tepi jalan.",positive
Ada banyak stall yg jual pelbagai jenis makanan. K.tiew goreng udang sedap sgt. Peknga pun best sbb sambal tumis die mmg pedas n sedap. Yg xbest adalah...kene beratur dekat each stall utk order mknn...sbb each stall owner lain lain..bayar pun lain lain... So for customer yg dtg berdua tapi nk try all foods jadi mcm x convenience sbb kene beratur bnyk kali.. and the line is quite long during weekends.... So utk this trip sempat try 4 menu je... Suggestions: mayb can centralize all order for 1 table Parking: Parking limited di sepanjang tepi jalan... Ada parking berbayar berdekatan dengan warung,negative
"Nice view , makan pon sodap,port mkn n photoshoot cantik tepi sawah",positive
"View okay, yang tak okay hrga makanan & portion",negative
Untuk menikmati makan tengahari cara masakan kampung boleh cuba.,positive
"All food here are recommended! Roti bakar telur goyang sedap! Pulut panggang sedap Otak2 sedappp Peknga sambal bilis / sambal sardin ! Sedap!! Harga semua murah. Layan diri , kita order  . Then beratur di counter utk bayar .",negative
Kena datang awal utk pilihan makanan byk..ttg rasa mknan biasa saja,negative
View cantik dan warung sentiasa penuh dengan pelanggan,positive
"Macam2 makanan, nasi lemak, pulut, lontong, mi sup, masakan panas, roti, roti canai dll",positive
Pegi weekend biasa 7.30 pgi orang belum ramai.enviroment ok selesa view lawa.makanan biasa ja .tekak masing2..,positive
"Pergi jam 830 pagi hari kerja sebab nampak dekat TT/IG, jadi tak ramai orang sangat. Makanan dan air cepat serve. Kedai ada pelbagai jenis makanan. Dan boleh lihat pemandangan sawah yang menghijau dan bukit. Sistem bayar pun sistematik, boleh guna QR Pay. Kedai dua tingkat jadi kalau penuh boleh naik tingkat atas. Ada beberapa props untuk bergambar. Harga makanan normal macam dekat kedai biasa. Parking kereta pun okay.",negative
"Best environment, cheap, bersih, sedap. Deserve more",positive
Menikmati suasana pagi duduk tepu sawah dan bukit bukau. Citarasa kampung dan pengunjung yang datang dari pelbagai latarbelakang dan negeri,positive
Beratur lm ckit uhh,negative
Sbb mkn berhadapan dgn sawah tu je kot die punya main point die. Rasa standard je.. Mybe sbb feel mkn sbelah sawah kot. Boleh la try sape yg dtng perlis. Sbb cari guna google gak mane tmpat srapan yg rating tinggi.,negative
Ramai orang,positive
Sebelum ni mai okay ja harini mai dapat makanan ja air tunggu 2 jam lama dengan staff tkdk perkataan maaf atau bgi apa2 untuk puaskan hati service so slowly,negative
roti arab sedap tapi sambal mcm kurang sikit la bagi saya.. tempat luas . ada 2 tingkat cm tu. so sentiasa ada place la.. suasana tengah hijau. overall okay je nice2,negative
Ramainye orang..   So tak sempat nak rasa menu lain.  Pulut ikan masin sedap. Nasi kerabu rasa biasa je,positive
kerusi maja makan perlu ditambah supaya pengunjung unruk keselesaan pengunjung...,negative
Sarapan pagi berlatar belakang sawah padi.  Kena datang seawal pagi. Terlalu ramai pengunjung.,negative
Tempatnye cantik dan berangin. Banyak pilihan makanan dan rasanye pun okay. Not recommended untuk yang cari makanan sedap2.,positive
"Makanan best cepat habis orang ramai, santai sambil makan best",negative
"Dtg2 dh ramai org beratur,mybe lmbat smpai kot.kalau nk mkn sini dtg awal pagi kalau time public hollyday",positive
"Pemandangan menarik, makanan byk pilihan...tekak saya biasa je tapi memang menarik sbb byk pilihan",positive
"Lepas makan, terus g ootd kat sawah. Eh serius tempat ni best sangat. tapi mcm biasa, kena dtg awal sebab ramai gilerr org. Makanan pun byk. Pulut ayam dia best! Nice",positive
"Tempat best permandangan lawa,makanan pun ok..cuma waktu cuti tempat xcukup..apa2 pun terbaik untuk marung tepi sawah",positive
Tak rugi singgah sarapan sini. View sawah dan bukit depan mata betul2. Pilihan makanan banyak. Disarankan makan makanan tradisional. Semua sedap2. Berbaloi dgn harga yang dibayar.,positive
Kuah kari dengan roti arab sedap termasuklah teh ais. Rasa macam thai tea. Roti telur gedik boleh lah 50/50. Sebab pernah rasa yang lebih sedap. Datang tempat ni sebab nak merasa makan dengan view sawah yang cantik dan view dia memang cantik. Saya datang waktu weekdays so takde lah ramai orang,negative
"Makanan - 1 bintang. Biasa sahaja. Makanan yg boleh didapati di tempat lain. Sate memang tak berbaloi langsung. RM1 secucuk dan teramat kecil. Sekali ngap je. Ada bau hanyir daging lagi. Ni memang nak rip off customer betul2. Memang tak berbaloi nak datang makan sini. Suasana dan kawasan persekitaran - yg ni boleh dapat 4 bintang. Memang cantik pemandangan. Sawah padi dan ada tempat untuk bergambar. Jadi cadangan saya - makan dulu kat tempat lain dan datang sini untuk bergambar. Kalau ada meja kosong boleh la duduk dan order air. Kalau warung dah penuh, bergambar je lah. At least perut dah kenyang Parking: Parking di tepi jalan. Area belakang warung pun ada, boleh letak dlm 10 kereta. Masuk ikut bengkel motor (kalau tak silap) sebelah warung tu. Depan rumah warna putih.",negative
"View lawa.. tempat wajib singgah kalau pi perlis.. peknga, capati, pulut masin semua sedapppp...",positive
makanan sedap dan murah...aneka pilihan sarapan ada...kami p time hujan... nak ootd xdpt.. tp mmg view cantik...,positive
"View cantik sangat, dengan angin sepoi2, menyamankan betul. Indahnya ciptaan Allah. Makanan pun sedap2,bnyak pilihan; pelbagai roti bakar, kuetiau,cekodok kuah kacang, sate, air macam2..macam2 lg lah..waffle coklat dia sedap sgt",positive
"Makanan biasa saja, pemandangan cantik",positive
Makanan sedap2...moden dan tradisional...harga tak menyeramkan...pemandangan terbaik...,positive
"Beratur lama utk dptkan roti bakar gerik dan meja utk makan, mungkin disebabkan hujung minggu",negative
Terlalu ramai orang..makanan sedap.. terbaek!!,positive
"Makanan dia sedap.. tapi untuk membeli agak mencabar. 1. Parking agak susah sebab kene parking tepi jalan dan seriously ramai orang. 2. Masuk2 jea saya tanya2 orang macam mana nak order. Untuk yg pertama kali datang, masuk2 jea akan nampak orang beratur bahagian kiri pintu masuk (gambar first saya attached). Situ ada dua line beratur. Yang kiri untuk bahagian roti2 bakar, yang kanan untuk pulut, peknga (lempeng), capati. Line kanan tu kene bayar kat situ jugak. Line kiri boleh bayar kendian kat kaunter bayar. 3. Ada juga stall2 lain macam mee celup, pasembur, satay, kue tiow, sate ikan dll (gambar no 2). Semua tu order kat stall tu dan bayar situ jugak. 4. Ada bahagian nasi kerabu etc kat sebelah kaunter bayar (gambar no 3). Situ tak sure bayar camne sebab kami tak beli situ. 5. Ada stall jual waffle dekat dengan kaunter air. Order dan bayar situ jugak. Kene bagitau dia meja nombor berapa nanti dia hantar. 6. Kami duduk kat tingkat atas. Berangin dan cantik pemandangan. Byk org lain dah share gambar. Dah duduk tu boleh panggil adik2 kat atas tu ambil order air (air aje boleh order kat meja, yang lain order kat stall and bawak naik sendiri). Air teh tarik ais dia terbaik.. Mula tu pelik gak apsal ramai sangat, tapi lepas makan memang paham lah kenapa ramai makan situ. Memang sedap. Lagi2 suasana tepi sawah buat tambah lapar. Sapa2 dtg lawat tok nenek sedara kat perlis ni wajib datang sini. Tak nyesal walau beratur panjang sikit.",negative
"Walahhhhh. ni memang terbaikkk amat.... view teramat cantik. subhanAllah. kagum sungguh tengok view... order sekali telur gedik, sate ikan, otak2... mantappppp!! layan teroksss!!! terbaik.",negative
Buka untuk sarapan sahaja...pagi hingga tengah hari...pilihan makanan yang banyak...paling padu peknga dengan gulai ikan kembong...cuma sini kalau boleh p awal lagi...sebab masa habis banyak kat beratur...ramai orang...,negative
Sangat menghampakan. Makanan langsung tidak memuaskan dan servis sangat lambat dan teruk. Makanan self servis tapi air yang kami order banyak tak sampai. Scenery je lawa membelakangkan sawah padi dan bukit.,negative
Pekerja biadap. Kalau kau tak boleh handle customer ramai jangan berniaga,negative
Makan minum mcm2 ado n sedap. Chae kuey tewo die dap  Tp kalau penuh jalan dpn skit belah kanan ade sadiah cafe for alternative.,negative
Tempat Healing terbaik,positive
elok datang awal. ramai betul orang..buai pon ada,positive
"copy from twitter - Honestly tak sedap mana pun warung tepi sawah ni. Just hype sebab view ja. Service sangat teruk from penbancuh air. My dad politely asked about our drinks sebab kami habis makan, then the boy and girl inside the tempat bancuh said  Pakcik mai masuk tolong bancuh .",negative
First time bfast sini. Sedap. View cantik.  Satu ja td...smpi bilis lempeng tu pedas sgt..takleh makan,positive
Viral nampaknya membantu,positive
Tempat yang sangat indah. boleh merasa suasana kampung tepi sawah dan berlatar belakangkan bukit batu kapur. jauh jugak nak pergi sini kalau dari kedah. dari segi suasana saya bagi 5/5. nice dari segi layanan lambat jugak service maybe sebab ramai kot. saya husnuzon jela. cuma makanan dia tak sedap. sate rasa manis sangat tak garing. rasa mcm cicah dgn gula je sate nya. saya amik nasi kerabu dan nasi dagang. makanan overall biasa dan ada jugak yg tak sedap. tapi kedai tak salah. taste lain lain,negative
"Pemandangan sangat lawaa  Makanan sedapppppp  Tempat Duduk ada waktu kami datang, mungkin waktu Pick Hour agak ramai, selain dari itu, semua MANTAPPPPP",positive
"Makanan banyak pilihan. Tp, rasa biasa - biasa je.",positive
"Tmpt ok je,nasi lemak just so so,,xde lh real woww ..tp suka je sarapan kt sni.",positive
"Pelanggan ramai, servis ok. Kena q ambil sendiri makanan",negative
"Terbaik, makanan yang disajikan sedap, servis mantap, yang penting suasana tepi sawah memang mengasyikkan. For traveller, highly recommanded!",positive
Kedai best...service bleh perkemas lg..overall best,positive
Ramai dari jam 7-10pagi. Nak2 kalau time tu pergi ada parent hantar ank2 masuk university. Kalau musim cuti sekolah lagila pack. Make sure rancang dahulu sblm pergi. Parking: Parking tepi2 jalan saja,negative
The best koew teow udang and roti canai banjir in Perlis and maybe Malaysia.,negative
Pemandangan yg cantik dan makanan pun ok...cuma kalau time cuti org ramai sgt....tapi overalls smua ok....,positive
"terlalu sesak,tak cukup tempat",negative
Pelbagai pilihan makanan tersedia di situ..,positive
ok ja,positive
Fast service walaupun ramai,positive
Nice view...located tepi sawah..ada bukit...memang cantik la nak habaq kt hangpa..pilihan almost everything its there..all makanan kampung sarapan menyorok pagi..MUST TRY.RECOMMENDED Vegetarian options: Variety..pilih sendiri Parking: A lot tepi kedai or tepi bahu jalan Kid-friendliness: Sesuai,positive
Parking: Kwsn Wide Field.,positive
Seronok makan di sini. Pelbagai menu disediakan. Meja makan pon banyak. service pon cepat. Cuma parking tu kena pandai2 sendiri bila waktu cuti..,positive
"Kena datang awal pagi, kalau lewat banyak menu yang dah habis.",negative
"Banyak option makanan kat sini.. kalau ada tetamu yang datang bercuti kat perlis, memang tempat wajib kami bawak tetamu",negative
"Maybe viral sebab the vibe? but going on the weekend, ramai sangat orang so the vibe is just so so. Makanan pun hmm disappointing. Kalau setakat nak ambik gambar pemandangan boleh la. Just a frank opinion Parking: No parking space provided. Parking tepi tepi Jalan je Wheelchair accessibility: Not accessible",positive
Saya datang awal pagi dalam 7.30..ok terus dapat meja . Very crowded on weekend. Review kat medsos is overated. Scenery biasa2 aje.rasa pun average aje.Rimas bila  belum habis makan next pelanggan lain dah tunggu sebelah  nak book meja. Owner kedai patut cari kaedah supaya servis lebih teratur dan satu entrance  saja supaya pelanggan dari depan yang menunggu lama tidak disailang oleh pelanggan yang masuk dari tepi.,negative
Banyak pilihan makanan. Semua sedap laahhh!,positive
Berbagai juadah sarapan pagi yg enak,positive
Bestt sarapan sini..tempat cantik tepisawahh..berangiinnn..mcm2 hadoo..da kenyang makan boleh naik ATv.. harga affordable dan mmg sgtt kenyanggg,positive
Sangat bagus,positive
"Sedap, bersih & cantik",positive
"Makan kat sini puas hati.. tak caya try la, penat baris pun masih berbaloi",negative
View cantik. Itu je la kelebihan yang saya rasa. Tapi kedai lain pon ada juga ditepi sawah. Hehe. Kalau weekend or public holiday memang orang ramai. Food kebanyakan manis dah macam makan kat kelantan plak. Makanan kene improve la. Manis manis belaka. Pekerja kedai bagus. Walaupon orang ramai tp mereka pantas. Owner kedai boleh set up satu tempat parking kot. Tak kan la untung banyak banyak mcm tu tak nak labur sikit utk buat parking area.,negative
Bnyk pilihan makanan. Pemandangan cantik,positive
"Ada macam-macam menu, sedap belaka. Ramai orang, tapi meja ada banyak.",positive
Port breakfast paling best di Perlis bagi aku. Beribu jenis makanan ada  . Layanan staff pun baik. Recommended,positive
Terlalu ramai orang. For those yang tak suka menunggu tu better go for other option.,negative
Cantik....byk pilihan makanan....view menarik.....rasa makanan biasa2 je...,positive
"Makanan semua sedap dan harga berpatutan. Parkir Pon senang, ruangan makan Pon Luas. Berbaloi untuk dikunjungi.",positive
saya ade datang kesini pada 11/08 nk cuba jgk kedai viral ni sekali dtg tutup plk..hampeh betul..dari jauh datang.. Parking: kawasan parking tiada..terpaksa parking ditepi jalan sahaja..,negative
View mmg cantik dan makanan dia pun sedap2 jugakkk xmenyesal laaaaa korang pergi situ,positive
Tutuppp,negative
hari selasa tutup,negative
Baik,positive
Tempat yang menarik pemandangan yang bagus mmg recomanded laa,positive
Diorang tutup jumaat,positive
"Pi hr jumaat tu, ramai sgt org, malas nk beratur",negative
"view cantik, tempat memang menarik, macam-macam menu makanan ada",positive
Order Kuew teow dan telur Bakaq gedik sedap. Tp kuew teow kena tunggu lama. Nice view. Tp kena sabar nk cari parking dan seat.,positive
View cantikk. Makanan okay okay je la. Mahal sikit la dari tempat lokal biasa sebab viral kan. Satay tak best sangat la. Keras. Lepastu pelik sikit daging dia mcm tak rasa daging. Boleh2 je la.,negative
Suasana kampung mendamaikan...,positive
mknan sedap..murah,positive
"Semua sedap. . Cepat. Sistem mudah. . Pergi station makanan masing2, ambik bil, habis makan bayor. Recommended. Ini adalah pandangan peribadi. Terpulang kepada pandangan peribadi masing-masing.",negative
Mmg sedap.!,positive
Macam2 ada kt sini,negative
Makanan Paduu,positive
Makanan banyak pilihan. tp terlalu ramai orang. Kena rush makan sbb orang dok tanya banyak kali dah siap makan ke belum,negative
"Org ramai, makanan banyak pilihan, view sangat cantik dan tenang, makanan cepat sampai dan sedap2 jugak..boleh cuba",positive
Tenang dan damai,positive
"Breakfasts.. Ramai org.. Datang lah awal.. Pastikan anda beratur di kaunter yang betul.. Jangan ikut ikut org.. Setiap makanan kaunter nya asing2.. Dah terkena.. Aci bwratur je ikut org.. Tau tau dah sampai, cuma nasi lemak aja ada.. Kene beratur kat lain pulak.. Apa pun, mknan agak murah.. Untuk 2 dewasa n 2 kanak2.. Rm40.. Kalau nak duduk di open air, kene tunggu lah.. N me soto serious sedap.. Wajib try..",positive
Makanan sedap...lepas makan boleh enjoy view yang cantik,negative
Serius mmg best... Mknn sedap dan service OK... Recommended,positive
"Menu byk, kedai ramai org, tepi sawah. Tp jln sempit nk parkg. Cuma sistem order & nk byr mcm kelam kabut sikit. Tq akak yg jual sup kat depan sbb tolong bgtau kat pngunjung",negative
Tutup sokmo,negative
Wow Tahniah kekalkan berniaga macam ni,positive
Semua makanan ada ..,negative
Untuk srpn mmg mknn sedap. Makan pulak ditepi sawah. Cuma dtgla awal dlm 7.20 dah ramai org. Pkl 8 sesak. Penga dia suka sgt. Bihun goreng & roti bakar telur gedik pun,negative
Mahal tp tak sedap,negative
Makanan ok sdap...cuma xbyk pilihan sbb kedai dh nk tutup...view cantik..kdai bke dr jam 630am-1200 shj,negative
Roti telur goyang the best,positive
Alhamdulillah and tahniah   recemended,positive
Wajib datang tiap kali sampai Perlis,negative
Sesuai untuk keluarga dan pemandangan yang cantik. Makanan ada yang ok dan tidak. Biasalah tu. Overall ok. Boleh datang lagi. Cuma kena datang awal kalau cuti sebab penuh yang amat.,positive
Pemandangan yg lawa serta ramai orang,positive
"Variety makanan sgt byk. Kena dtg awal sbb tempat sgt sesak. Sesiapa yg dtg sini, tolong la bertimbangrasa, dah habis makan, nmpk org beratur tunggu meja kosong, bangunlah segera, bagi peluang org lain plak duduk. Hampeh tul rakyat Malaysia ni",negative
"Kedai ni kena sabaq menanti. Ramai sangat customer. Dengan panas lit2. Lighting bergambaq cantik tapi berpeluh ketiak x sangga. Walaupun cheq org Perlis and menetap sini, kelmarin kira first time p tu pun sbb kawan dari luaq mai.",negative
Tempat best. Mknn sedap,positive
Tempat menarik untuk breakfast..tapi kena datang awal,negative
Makanan semua sedap2....,positive
harga berbaloi,positive
Bab makan saya tak kesah pun. Orang kata tak memilih. Padan dengan harga makanan. Servis ok. Layanan pun ok. Baru je pergi minggu lepas. Kalau nk sedap/layanan ala kayangan/parking mudah sangat pergi je makan kat hotel.,negative
"nice place..view cantik dan banyak jenis makanan..pulut ikan masin, capati sedap love itttt",positive
"Banyak pilihan menu makanan. Dtg pagi Selasa 8/3/2022 sekitar 9am, memang ramai org. Parking berderet se pjg jalan. Good food. Recommend to try. Better come early between 8-9.30am",positive
"Overrated. Yang best hanyalah pulut ayam. Yang lain, biasa-biasa saja. Order teh ais buih pun xrasa teh, hanya rasa penyesalan.",negative
..kena datang awal..,negative
Cantiknya pemandangan kat sini. Ubi nyioq ngan gula merah pun sidappp,positive
"makanan sedappp tapi susah sikit nak cari tempat duduk bila ramai orang. view cantik, sesuai untuk berswafoto.",positive
"Makanan sedap dan yang paling baik servis pantas. Nak kena tau nak makan apa je, pastu settle",positive
"Sentiasa sesak dengan customer sebab view cantik, makanan semuanya sedap2 dengan harga yg sangat berpatutan. Fast, excellent service.Sangat berpuashati, will repeat soon..very recommended",negative
"2nd time pi.Ramai sungguh org .Tambah hari cuti. Mana2 org luaq yg nak mai sini, senang ja. Dia tepi jln besaq nak ke kolej kediaman Unimap Wang Ulu . Lagi senang type jurrr dlm maps tu Warung Tepi Sawah. Parking hampa jgn risau, ada di sediakan. Tidak pun park ja tepi2 jln tu. Makanan mcm biasa, sedap dan pelbagai. Harga superb murah. Ha ni la salah satu sebab org Perlis bnyk yg obes. Makan sedap dan murah. Jemput mai ke negeri Perlis.. Tak try tak tau... #warungtepisawah",negative
Cantik..walaupon agak ramai orang...kena tambah space lagi kot,positive
"Terlalu ramai orang dan sesak,menu yang manarik dan banyak pilihan",negative
Servis memang teruk makanan habis air tidak sampai lagi.. Sampai kena order kaunter air pun Tak sampai lgi.. Macam ini panggil servis tip top..makanan pun kena ambil sendiri,negative
"Tempat breakfast yg sangat best di Perlis. Wajib pergi. Pelbagai jenis menu sarapan pagi ada...   Puas hati sangat. Harga pon berpatutan, makanan pon sedap.",positive
"Tmpt ni kwn yg suggest klu dtg perlis. x sgka pula rmai org. Pelbagai pilihan breakfast dari roti bakar, pulut, roti arab, peknga, sate, soto, bakso, nasi kandar dan pelbagai lg menu lain. Tips nk mkn sini, cari la meja mkn dlu, baru amik makanan. Silap kami dtg sini terus amik makanan.. lps tu seat sume dh penuh dgn org siap main jaga2 tmpt lg. Jenuh kami usung makanan hmpir setengah jam x dpt seat. Nsib baik ada group girls tu bg kami duduk. klu x mgkin lg lama la kami nk dpt duduk. Recommended amik teh tarik ais buih. sedap, syahdu wooo minum sejuk2. lps tu leh amik gmbr tepi sawah bendang. nk amik gmbr pn beratuqqqqq.. nnt kami review penuh dlm channel Youtube kami. search je Whoops! TV.",negative
menu macam2,positive
"Tempat lawa, pemandangan tepi sawah, servis okay waitress peramah tapi makanan hmmm mengecewakan.",negative
Makanan sedap & banyak pilihan,positive
Tidak sistematik dan terlalu slow service. Mungkin disebabkan musim cuti service lambat,negative
Layanan sgt lambat.harap perbaiki mutu layanan.. Makanan ok jer biasa2 ajer.tak.der la sedap mana pun .cuma perbagai,negative
Lazat,negative
Banyak pilihan makanan. Pulut ayam panggang dan capati antara yg best,positive
"First time try after dah lama viral. Saya p pukul 11am mcm tu. Jadi org x crowded sangat mcm pg2. Tapi makanan byk lagi ada. So far makanan dia okay la rasa. Goreng2 dia sedap. Dia ada peknga, ada roti2 canai capati dan mcm2 lagi. Sesuai la nak mkn2 family. Ada 2 tingkat. Depa besaqkan lagi bg ramai boleh mkn. Tips dia p la pukul 10am ke atas. Hehe",negative
Terbaikk..maknan sedap2.kenangan terindah di perlis,positive
Variety food..tp beratoq panjang weiii,positive
Gara2 viral.x biasa2 aje,negative
"Femes dah warung tepi sawah ni,keta beratur panjaaaannnnggggg...",negative
Makan semua sedap.. View pon tenang.. Bestlaa.. Rasa tak mau tggl perlis ni.. Hahhaha,positive
Ramai org...makanan semua sedap,positive
"Siapa lambat, parking jauh",negative
nasihat untuk jangan pergi lambat.. nanti semua menu habis..,negative
The food was good..  Just.. Korang banyakkan bersabar ehh...  Terbaikk..  Go go try...,positive
Food biasa-biasa. Paid for view only,positive
"Datang sini untuk breakfast on weekend/cuti sekolah. Ramai giler orang. Tempat duduk byk, kedai 2 tingkat. Parking tepi jalan ja. Instagrammable breakfast location. Pilihan makanan memang banyak cuma harga standard tempat tourist attractions (a bit on high side) Anyhow, still worth the travel.",negative
Indah khabar dari rupa..servis slow...,positive
"Menu sedap, xpernah mengecewakan.",negative
Peknga SEDAP. Pizza SEDAP. Menarik sebab tepi sawah dan banyak pilihan,positive
Banyak aneka makanan mengikut selera orang Malaysia dan harga agak berpatutan. Lokasi agak tenang dengan pemandangan berlatarkan sawah padi. Sila datang awal supaya tidak tersangkut dengan sesak orang ramai.,negative
Boleh order dulu pastu bayar bila makanan sampai. Banyak pilihan tapi lembab macam hape. Untuk group yang besar susah sikit nak cari tempat duduk sebab sentiasa crowded. Overall okay jee,negative
Dtg awal sebab meja limited. Makanan semua sedap. Paling sedap roti arab,positive
Boleh lah... boleh la.... hills sight scenic jer...,positive
Kelaut,negative
"Very bad experience untuk sarapan pagi, lontong kuah cair, nasi daging agak liat untuk dikunyah, order air lambat sampai",positive
Xpayah le pegi sini .. buang masa ja .. pi pegi makan kat tempat biasa lagi tenang .. sama ja .. korang xyah terpedaya dgn viral ni .. sama ja sedap ngan kedai lain huhu kalau tauke warung baca ni saya minta maaf nah tu ja .,negative
"Sedap, Terbaik..mesti datang.",positive
Menu terbaik.. peknga best.. sedap...,positive
Katup... Anjay,negative
View cantik untuk mengambil gambar. Menyediakan pelbagai jenis sarapan. Jam 8-10 agak ramai orang. Jam 11 keatas kurang sikit pelanggan.,negative
Best lepak tuk sarapan sini..peknga dia terbaik..,positive
Tiptop   Ingatkan tempat viral servis slow tapi sebenarnya laju je makanan order sampai   Makanan pown boleh tahan la sedap tapi air teh ais buih dorang mmg sedap. Yg paling best view mmg cantik,negative
Tempat menarik tetapi servis mengecewakan. Bila bayar dan beri teguran di perli pula kata kita saja yg tegur dan org lain tak tegur pun. minta maaf mcm perli dan tak ikhlas.,negative
"Servis teruk, saya tahu saya dan keluarga pergi hari ahad orang pun ramai..saya sedia maklum dan tak kisah sebab nak cuba warung viral ni. Menunggu utk dapat meja, bila dapat meja pinggan, gelas dan sisa makanan org sebelum tu penuh meja, minta pekerja kemas meja tapi tak datang juga kemas bnyk kali bagi tau tak dtg juga. Takpa lagi kemas sendiri meja. Utk ambil makanan layan diri, beratur sendiri dah la panjang, tak apa lagi beratur ja walaupun lama dan akhirnya dapat makanan dan terpaksa berapa kali ulang alik ambil makanan bawa p kat meja. Pastu p dekat adik sebab dia beratur nak order air pastu pekerja tu ambil order air dan saya tanya air sat lagi mereka yg hantar dia mengaku ya... so saya dan adik terus pergi kat meja dan makan makanan yg beratur tadi.  Pastu tengok org lain yg datang lambat dapat air minuman dulu...bila bagi tau kat pekerja yg ambil order tu dia kata sat ya... takpa sabar lg..tunggu punya tunggu tak sampai juga air yg di order. Saya dan keluarga nekad utk pergi bayar makan sahaja tanpa tunggu air yg tak sampai2. masa bayar bila di tegur, cashier tu perli pulak dia kata saya sorang ja yg cakap mcm tu. Sebelum tu saya tengok customer meja sebelah saya x tunggu dah air. Dia pergi bayar terus ja, cakap cancel pun dak. Saya ada hati perut lagi, pi bagi tau dan tegur. Tapi dibalas mcm tu. Kita faham ada ramai customer, x cukup kakitangan. Yang saya marah tu, saya tegur dia perli balik. Bukan saya mintak pelik2, saya tegur benda basic. 1st come 1st served. Table cleanness, saya x cakap dekat cashier, saya baru tambah dalam Google reviews. Geram, ckp baik2 dibalas dgn perli. Kita tinggalkan review supaya diambil pengajaran secara serius.",negative
Banyak pilihan menu...,positive
Makanan dan minuman sedap sedap belaka. Staff Service peramah dan mesra pelanggan. Suasana indah dan menenangkan minda. Salam Terbaik dari orang Sentul. Syabas..  saya bagi 10 bintang.,positive
First time ke sini..suasana mmg cantik.tp servis x ok. air sejam order bru sampai.. begitu juga dgn mknan yg dipesan. sgt2 lmbat smpai. owner perlu pertingktkan lg prestasi servis agar lbh maju di kmudian hri.rsa mknan so so je..,negative
Sangat best... view mnarik...mknn sedappp,positive
Makanan ok tapi kurang sistematik nak order mkanan dn sebagainya...datang awal better untuk daapt tempat duduk selesa,positive
Byk pilihan menu breakfast kt sni. Lg satu kt sni menang tang view la.. Lawa,positive
"Makanan sedak,kedai ramai pelanggan.tumpuan pelancong.kurang kakitangan.oder tidak sampai.",negative
Alangkah baik sekiranya pemilik / pengusaha mengawal aliran masuk pelanggan di pintu hadapan berdasarkan kekosongan meja untuk memastikan pelanggan dapat menikmati sarapan dengan mematuhi prosedur beratur mengikut giliran. Kecewa melihat pelanggan yang datang awal masih belum dapat meja sedangkan yang datang lambat dapat meja disebabkan tiada sistem teratur untuk pelanggan. Dengan adanya sistem begini barulah boleh bersarapan dengan tenang sambil menikmati pemandangan sawah padi tanpa gangguan dari pelanggan yang tak sabar menunggu pelanggan lain selesai bersarapan sebab nak merebut meja.,negative
"Datang weekdays pn still ramai, apatah lg weekend. Ada dua tingkat ruang makan. Menu smuanya sedap..Ada certain menu mcm roti bakar dgn nasi lemak kena ambil sndri kt bawah.. Makanan yg kita order, smpai kt meja je trus kena bayar.. Tp air mnuman dgn menu yg kena amik sndri,nk balik bayar kt kaunter. Jadi sediakan duit kecil siap2 Parking sgt limited, tepi jln pulak tu.. Kalau bawak anak2 kecil kena hati2.",negative
"View sangat cantik. Kami datang hujung minggu, ramai sangat orang tapi meja masih cukup walaupun perlu jaga jarak. Makanan pelbagai pilihan. Ada yang perlu tunggu lama, ada juga lauk yang boleh terus ambil makan.",positive
Breakfast sedap..capati sedap..soto pn sedap..,positive
System  . Teruk gila. Tempat crowded and management teruk gila. Like ada yang nak kena layanan diri ada yang kena order. Pastu makanan tak sedap langsung and overpriced. Order nak kena selalu remind sebab tak sampai sampai. Pastu makan jdi berdouble. Popular sebab tepi sawah ja.,negative
"Kalau datang pagi weekend, agak sesak sbb ramai dtg. Pagi weekdays masih ramai org juga tapi still boleh cari tempat duduk. Agak lama untuk tunggu air sampai, dah habis makan baru air sampai. Makanan okay dan sedap",negative
makanan sedap... datang awai org sgt ramai,positive
"Tempat yang rare , mesti cuba , food pelbagai , sedap dan view yg cantik...cuma system x teratur , better ada yg menjaga dan memberi tempat ddk rather than pengunjung kehulu kehilir mencari tempat ddk sendiri.",positive
"Best, Banyak pilihan makanan! View pun lawa",positive
"Kedai Perlis, Harga KL",negative
"Warung di tepian sawah padi di negeri perlis. Datang diwaktu peak hour ketika sarapan. Agak sukar untuk parking kereta memandangkan warung ini berada di tepi jalan utama. Pengunjung terlalu ramai sehinggakan terpaksa menunggu giliran untuk duduk dan memesan makanan. Makanan perlu dipesan sendiri, dan jika hendak cepat, ambil sendiri. Tarikan utama adalah roti bakar dan teh ais buihnya. Makanan dan minuman sedap. Pemandangan akan lebih menarik ketika musim menanam padi atau pun ketika padi hendak dituai.",negative
"Service super slow, staff blur2. Mknn x sedap portion sikit. Ksian cust kna tgu lma tuk dpt seater.",positive
"Tempat best, luas, makanan sedap cuma gerammmmmmm sy punya order lambat sebab ada staff yg terlupa/terlepas order. Meja belakang dtg lambat dr saya tiba2 dpt order roti titab dulu. Mmg hilang terus mood sy nak makan    geram..",negative
Sarapan kampung terbaikk,positive
5 kali call waiter utk ambik order tapi tak datang. kekurangan staff. so kalau nk pi mkn pls jangan expect makanan cepat sampai. overall makan tetap sedap & view sekeliling yg cantik,positive
Yg ni sedp makanan dia. Must try peknga dia dgn ubi rebus cicah kelapa dgn gula merah.,positive
view cantik patut dtg awal pagi tgok matahari naik.. Mknn pun sedap.,positive
Tempat yang sangat menenangkan. Dan makanan yang sangat lazat,positive
Lain semua ok.. best... cuma bab makan rasanya tak kena dgan selera saya..,positive
Mantap Pak Brahim.,positive
Wlupun rmai costumer mknan cpt smpai,negative
Ok.. pemandangan cantik..  cuma jauh sikit nak pegi,positive
"View cantik tepi sawah.. Tapi makanan biasa jaa, tak sedap mana pun.. Mahal pulak tu...",negative
Awas! Habuk daripada kedai hardware berhadapan kedai makan ini memasuki ruang premis makan,negative
Best... kena datang awal...,positive
Warung tepi sawah dgn pemandangan sawah n bukit2 yg menghijau..very refreshing,positive
"Best tempat ni.. boleh mkn di tingkat atas, menu traditional boleh mkn d sini.. weekend jer mesti penuh..",negative
Best place untuk breakfast Kedai located Tepi sawah and they provide delicious foods Roti Canai Capati Roti arab Roti bakar telur goyang Aneka sup Kerabu manggi Pulut ikan masin Char keow teow Lontong Teh tarik madu .. And banyak lagi Buka : 7pagi - 12 tengahari Isnin tutup,positive
"Warung dengan pelbagai pilihan menu makanan, tempat yang selesa, pemandangan cantik latar belakang sawah padi. Makanan sedap",positive
Terdapat pelbagai pilihan makanan/bfst,positive
Semua OK cuma frust sbb ubi kayu nyok & peknga xdak.. Padahal 7.30am dh sampai kedai,negative
Menu tradisi yg pelbagai,positive
Makanan sedap..servis laju..cantik view.,positive
Harus singgah disini sekiranya melawat Perlis,positive
Cantek pemandangan bukit d belakang sawah.Makanan sedap n murah.,positive
Peknga sedapppppppppp,positive
"yang ni warung tepi sawah sebelah warung viral.   nice jugak la, sapa suruh warung viral tuh penuh kan...takde seat plak tu. rejeki tokei kedai warung sebelah warung viral. Org pakat mai kedai sebelah la, sebab kedai viral penuh takde seat. kami mai jauh jauh nk p makan bekpas, sekali mai kedai viral penuh takde seat, aduh keciwa. takpala,kedai sebelah pon okay sgt ni.",positive
Walau beratur panjang tp makanan semua best,positive
"Kena datang sini awal, kalau tidak nnt makanan habis. Makanan ok, sedap jgk tp tu la kalau lambat makanan habis. Koew teow sup siam sedap, sata pon sedap. Makanan murah murah. View cantik tp agak tak menarik sikit sbb dlm penambahbaikkan. Dan nampak semak sbb pondok yg dirobohkan hanya diletak di tepi bendang. Parking byk, boleh parking tepi jln. Org pon ramai, tp mcm tak ada penjarakkan sosial. Dtg jgn lewat sgt, sbb udara pg di bendang itu nyaman.",negative
"Dibuka untuk sarapan pagi shj Dan tutup pada jam 12 tengah hari. Kami sampai Di sini dari Alor Setar pada jam 11 pagi Dan lbh separuh makanan dalam menu dah habis dijual. Jadi kalau nak dapatkan banyak pilihan makanan, jangan lewat  Dan elakkan hari minggu kalau tak mahu berebut tempat duduk. Personally, keadaan warung ni biasa2 shj tp oleh sebab nak lihat sendiri keadaannya selepas diviralkan, kami datang.",negative
makanan sarapan pagi yg sedap suasana tenang dan crew mesra pelangan,positive
Tempat ok. Makan biasa2 je. Jenuh nak makan berebut meja,negative
"Harga, pemandangan menarik",positive
Suasana tenang..menarik dan menu sedap sedap,positive
keunikan mee rebus yang manis.. permandangan cantik.. buka sampai pukul 12 sahaja..,negative
"Aneka pilihan makanan, murah dan sedap.",positive
Puas hati menu padu2,positive
Makanan semua sedap2.. Murah plak tu..,positive
Bersama rakan2 dari group Estima ACR50 Perlis..,positive
"Menu banyak. Sesuai untuk semua jenis tekak yang tiba-tiba nak makan pelik-pelik pagi-pagi. Air pun sama. Segala jenis ada. Tapi manis melenting. So kena sebut taknak gula/ taknak manis langsung (untuk yang tak prefer manis). Anyway, suasana masa makan is the best for those yang memang nak enjoy the view. Pilih meja luar. Overall, semuanya goooooood!",negative
Tempat penuh harga boleh la,negative
Mmg sangat ok,negative
"Bersarapan pagi bersebelahan dengan Sarah padi Dan berlatar belakang pemandangan bukit2 batu Kapur yang cantik......makanan yang sedap2 untuk dinikmati dari roti canai, roti Arab, peknga kelapa, nasib lemak, roti kawin n roti bakar telur goyang Dan macam2 lagi la. Boleh le singgah sini untuk bersarapan memang berpuashati.",positive
banyak pilihan sarapan,positive
Makanan sedap dgn view superb,positive
"Saya diberitahu, setiap hari jumaat, sabtu dan ahad orang sangat ramai, tapi servis amat memuaskan. Makanannya sedap, berbaloi pi. Pemandangan nyaman sekali.",positive
Terlalu ramai orang pada hari cuti,positive
Sesuai bawak keluarga dtg mkn2...bersih dan sedap..,positive
Tempat yg sgt menarik utk singgah mkn pagi jika datang ke Kangar ..hanya 10 min dr bandar Kangar.. sambil menikmati pemandangan sawah padi dan kaki bukit dgn angin yg mendinginkan boleh menikmati pelbagai juadah yg menarik dan sdp,positive
order air. siap makan pun tak sampai lagi air . nak ambik air kosong pun bekas tu kosong dah tak berisi. Tp nasi lemak dia 5 bintang... 1,negative
"Makanan kampung sedap, pemandangan cantek, best a",positive
Ada banyak pilihan makanan... Banyak makanan sedap2... Puas hati... Duduk di tingkay atas.. Tengok view sawah padi dan bukit yg cantik.. InshaAllah... Akan repeat lagi.,positive
"Sarapan dia okay la, biasa je... Tp permandangan dan suasana yg menarik, jarang kita jumpa. Service pun pantas.",positive
"Menu makanan yang pelbagai, suasana damai dengan pemandangan sawah padi dan bukit bukau negeri Perlis. Sangat sesuai untuk bawa keluarga bersarapan di sini. Harga makanan yang berpatutan dan sedap.",positive
Tempat breakfast yg best,positive
"Makanan sedap dan murah, view pon naiss terokk",positive
Boleh laa.. cuma jgn mai time cuti,positive
"Lama abam xkesini..hrni bwak keluarga kecil abam sarap kt warung ni..suasana mmg trbaik kt sni..view pn cntik..ble sapa2 nk try makan kt sni..menu mmg meriah..menu popular kt sni peknga, ubi kayu rebus cicah sambal bilis & teh ais madu tarik..mantap beb",positive
Ok. Pemandangan cantik. Kena pi awai,positive
Best semua sedap,positive
Warung,positive
Terbaik. Makanan sedap. Servis mantap. Pelbagai pilihan menu.,positive
Ampa kena mai sini weyhhh..breakfast time mmg ramai orang   sampai tak cukup meja.. mai2 tu ampa kena booking dah dgn org yg tgh makan tu...semua makanan depa sedap2    mai dengan family n family pun kata sedap,negative
Ramai orang sokmo tapi tempat makan & makanan mmg best la. Dengan tepi sawah lagi. Siap ada tempat bergambar lagi.,negative
sedap makanan..view cantik..fresh..,positive
Sarapan yg terbaik di Kangar..,positive
Tempat yang cantik...makanan menarik..banyak pilihan...sesuai untuk semua,positive
Makanan ok..tp ramai orang,positive
Salah viral nih..viral tempat patutnya..makanan biasa2 ja..,negative
Lokasi  damai & menyenangkan bagi yg inginkan pemandangan di samping menikmati juadah makanan yg pelbagai,positive
View cantik. - makanan sedap - Harga berpatutan.,positive
Makanan sedap2,positive
Datang awal pun ramai orang. Kalau pukul 8 maybe tak ramai lagi. Makanan tiptop sambil menghayati keindahan sawah padi,negative
"Had teh ais buih, nasi lemak, roti bakar telur goyang, peknga. The day I went there, Rita Rudaini is having a shooting for a tv programme here.",negative
Mkn ooder xsampai2,negative
Best Sgt Tenang Je duk kat sini makan okay aja yg penting Tenang pekerja pon mesra pelanggan overall mantop recikssss.....,positive
View lawa.. taknak ramai org datang weekdays,positive
"Bleh mkan ubi kayu cicah nyoq yg xdak kt warung2 lain,warung yg dikelilingi sawah pdi n bukit bukau mmg santai habis laa",negative
Lalu,negative
Makanan semua sedap. Citarasa kampung. Layanan terbaek,positive
makan banyak jenis..view terbaik..fresh..harga pun ok..,positive
Sedap tpi x semue la.. service ok la so so . First try okey buleh la dtng sekali lagi...,positive
"Tempat cantik, makanan pun byk",positive
Pemandangan indah sambil menghirup secangkir kopi.,positive
Makan sedap,positive
Sejuk berangin memang sempoi untuk sarapan . Laksa nya sedap hehe,positive
Pulut ikan masin,positive
Makanan sedap. Cuma kena sabar ramai org dihujung minggu or cuti sekolah.,positive
"Kedai makan ikonik ditepi sawah, pelbagai menu sarapan kampung selera utara",positive
Best. Menu kg...peknga gulai ikan termenung..ubi rebus.,positive
Ramai orang....insya Allah halal....,positive
Pek Nga bleh la,negative
"Terbaik menu masakan kampung.. Tenang.. Damai dan bersih.. Harga berpatutan.. Pulut ikan masin dan kelapa,  lempeng serawa durian, ubi kayu rebus dan kelapa, nasi lemak hijau, roti goyang dan lain2. Kena datang seawal pagi sbb ramai org",positive
"Tempat yang cantik untuk breakfast. Kalau nak datang kesini, datang sebelum 730pagi. Kalau tak, menunggu tempat makan ler. Menu tradisi, ubi rebus, lempeng, kari ikan termenong, soto, mee rebus, pulut ayam, pulut ikan kering, peknga dan roti canai.",positive
"View cantik, makanan boleh tahan sedap",positive
Bad experience.makanan biasa2 je.view je ok.servis lambat.meja penuh pinggan terpakai tiada orang ambil.kawasan takde bumbung sangat.pelanggan yang dapat bawah bumbung oklah.pelanggan tak bawah bumbung kena hujan.,negative
Best gila mkn kat warung tepi sawah,negative
"Sabar ler menanti, sebab kita yang pilih tempat ini.",positive
Peknga mmg rare. Makanan lain pun sedap sambil melayan suasana tepi sawah yg mwnarik,negative
Tempat mkn ala2 kmpong berangin sepoi2 bahasa harga patut patut dikunjungi,negative
"Tempat cantik untuk ambil gambar, makanan sedap. Datang awal untuk duduk di luar, dekat dengan sawah padi",positive
banyak pilihan makanan. agak crowded,negative
ramai org need to tambah kerusi n space,positive
"To crowded, capati pun kureng..",negative
View yang cantik dari warung. Makanan ok & harga yang berpatutan.,positive
Macam-macam makanan ada...boleh cuba,positive
Lama menunggu,positive
Cantik tempatnya,positive
Servis slow kalau ramai orang.,negative
"Servis tip top,owner yg peramah   ,yg blum cuba blh p trjah naa...rugi klau hampa x p",negative
Menu 6ang ringkas tetapi sedap,positive
Murah dan sedap!,positive
Kadang kadang pelayan kurang memuaskan,positive
Suasana tenang n nyaman...makanan pun sedap2 belaka,positive
Servis cepat. Mantop,positive
"Makanan sedap,murah dan tempat yang cantik",positive
Antara tempat paling best untuk sarapan pagi bagi warga Perlis.,positive
popular disini koew tiaw goreng roti bakar potong telur separuh masak pek nga boleh try.recommended.,positive
Macam-macam ada,negative
Kelia,positive
Alhamdulillah kena dengan selera,positive
"food sedap, murah n view cantik.. mesti pergi",positive
Kedai ok la...byk mknan tradisional,positive
Panorama yg tenang..makan dengan tenang..terbaik..makanan pn sedap..,positive
"Tempat cantik. Boleh la kata kedai hipster tapi gaya kampung. Macam-macam makanan breakfast ada. Saya order soto campur, kiew tiow goreng, ubi, milo ais. Boleh tahan sedapnya. Makan sebelah view sawah. Terbaik",positive
"Kueytiaw sedap, pemandangan ohsem",positive
"Mee, roti capati, nasi lemak best... with nice paddy fields views",positive
Harga makanan murah. Terbaik,positive
"Makan dan minum disini sedaaappp ,terbaeklah",positive
Santai Nakawan,positive
Mintak tgh sawah pulak,negative
Biase je,negative
Peknga + gulai ikan sekor nasi lemak daun pandan koeyteow goreng ubi kayu rebus pulut ikan masin,positive
"Makanan ok , suasana nyaman",positive
"Tempat cantik, menu baru. Sayang kualiti serving dan kecekapan operasi out. Dahla makanan biasa saja. Jangan ingat sebab dah viral orang ok saja. Satgi klo ada persaingan, kedai baru bukak, tempat cantik, makan sedap, konsep sama tapi kualiti layanan lebih baik dan operasi lebih bagus. Boleh kerat jari, memang pelanggan akan lari. Orang Melayu pasaipa laguni. Satgi pelanggan lari, kata ada orang bomoh. Akai takat tu ja. Tak kemana. Harap kualiti dipertingkatkan kalau betul nak lama dalam dunia perniagaan. Sedih, tak gamak nak ajak orang luaq mai makan.",negative
Banyak menu pagi yang istimewa. Mostly semua sedap.,positive
Terdapat ber bagai makanan tradisional.harga amat sesuai bagi orang yg berpendapatan rendah dan berkeluarga,positive
Kotiaw kerang mmg sedap.. tp tlg letak kipas utk keselesaan pelanggan,positive
Bakar2 nice.. Service pun nice.. Selesa dan x terlalu crowded.. Masakan sdp,positive
Terbaikk WARUNG TEPI SAWAH,positive
Semua sedap. Takde yg tak sedap.,negative
"Sarapan pgi yg sungguh enak, ada Peknga, pulut ikan, n macam2 lagi lah.",positive
Makanan sedap baqqq hangg,positive
Suasana mendamaikan dan makanan memang best.,positive
Ramainya orang,positive
"Kurangkan menu,upgrade service",positive
"Permandangan damai, soto sedap, servis blh improve lg",positive
"Permandangan cantik, servis blh improve lg ketika kedai full",positive
Byk menu yang menarik,positive
Pekerja kurang mesra. .Boleh improve lagi..in shaaAllah,positive
"nak breakfast dengan suasana santai, pemandangan menarik, ada angin2 sikit, memang sini la tempatnya. makanan pun sedap, harga terbaik.",positive
Tmpat sarapan yg cantik & santai...,positive
order air. siap makan pun tak sampai lagi air . nak ambik air kosong pun bekas tu kosong dah tak berisi.,negative
"Makanan sedap, tapi lambat skit la sejak2 viral nih",positive
sarapan ala kampung yang sangat menarik dan sedap sambil layan pemandangan di kawasan sawah... memang terbaik...,positive
Makanan sedap tapi servis lambat sikit,positive
best breakfast kat sini. menu terbaik,positive
Makanan ok..dapat menikmati pemandangan sawah..best la.,positive
Yaa..warung tepi sawah..kedai makan minum pagi..dengan suasana tenang berlatarkan pemandangan sawah hijau dan bukit bukau banjaran nakawan..makan pek nga sebutan perlis..atau lempeng dgn kari ikan adalah pilihan popular..ubi kayu rebus..pulut kukus ikan kering..hidangan tradisional ketika hendak megerjakan sawah zaman dahulu datang dan rasai kelainannya.,positive
Sedap dan murah. Pemandangan cantik dan mendamaikan.,positive
Cuba lah rasa pekga disini. Makanan org dulu dulu.Terbaik.,positive
Makanan generasi lama pun ada,negative
Menarik.. sedap.. selesa.. bersih,positive
"Masa tunggu 1 jam lebih order makanan tak sampai2, yang sampai awal air, nasi, sayur sahaja Meja orang lain makanan sudah sampai siap habis makan dan balik lagi Resit hilang katanya, belajar bertanggungjawap dan ALERT Dah lah datang dengan family",negative
~     ~,positive
Y=70,positive
Sedap pantas harga berpatutan,positive
my favourite. harga sedikit mahal tapi berbaloi dengan makanan yang sedap2 belaka. sini semua sedap2. will repeat it always... recommeded,positive
Food taste just ok ok. Dulu lagi sedap mungkin dah tukar chef. Harga lebih kurang,positive
Marvellous...Udang Lipan Cili Kering..,positive
Makanan masin sikit..waktu menunggu biasa xlama sangat..parking banyak.,negative
Salad,positive
Air takde,negative
Call 10 kali pun tak jawab nak buat reservation mcm mana? kalau tak terima reservation bg tau siap2 tak ambik reservation. jgn letak no telefon. buat sakit hati sja.,negative
Reserve        5,positive
"Das beste Essen wahrend meiner gesamten Malaysia Rundreise. Unglaublich nette Bedienung. Absolute Empfehlung, wenn man Meeresfruchte und Fisch mag!!!",positive
Halal. Makan sedap. Servis pantas.,positive
Raja,positive
Sedap mknan kat sini satey dia punya sedap,positive
"First time makan sini member suggest, peh sedap. Lagi2 mantou goreng taktau nama, sedap. Overall sedap. Berapa kali sedap la tulis, confirm sedap! Sambil makan boleh tengok sunset.",negative
MINI,positive
"Seafood yg sedap. Tapi satu je, serve agak lambat.",positive
Teruk servis shop ni. Datang sorang pastu tak layan tak ambik order . Meja sebelah cina mai ramai2 je on the spot pi amik order . Racist & judging people . WORST!,negative
"ok,       5   8                   RM215, 1.3 2. 3.KERABU 4.           Saiz    RM28, 5.kangkung 6. 7. 8. 9. 10.",negative
Parking: Convenient parking,positive
"Is a school holiday, crazy many people. The food are good. Waiting around 1 hour after order. Love the Silky Egg Yuan Yang,",positive
"Makanan Chinese style , fasiliti lengkap,table service laju , makanan halal , lokasi strategik Di Kuala Perlis, Malaysia",negative
Dah habis lupa ambil gambar..    Udang lipan telur masin...,negative
Order dah dekat sejam lambat walhal hanya order 3 4 dish sahaja lepas order dia ckp sayur dah abis mmg teruk layanan drp staff kat sini. Kepada yg belum pergi fikirlah 2 3 kali sebelum pergi.,negative
Ok mknan sedap ..layan puas hati ...nk p lgi,positive
Makanan yg sgt sedap,positive
Makanan tidak halal,negative
Nasi Arab dia mantul,positive
Best restaurant at Kuala Perlis,positive
Sampah! Makannan teruk betul,negative
Biase je la,negative
Ok la rasa skrg dah kurang sedap. Kalau dulu sedap la...,positive
Makanan sedap!!,positive
Love it! Murah Dan sedap,positive
Di restaurant HTS ni ownernya kne up gred n tambahkan lg stall n setiap stall sub pd semua lapisan masyarakat. Ni kn bertambah LG pengunjung2 anda.,positive
Masakan Yang Sheedaaapppp,positive
salad,positive
Bagus,positive
Kedai Kopi hadapan Pasaraya Ten Ten Kangar,positive
I love it..  Sedap sangat...,positive
Sunguh indah pemandangan malam dan medan ikan bakar yg menarik,positive
Best seafood at Kuala Perlis. Damn fresh siaa,positive
ook,positive
Sehr lecker und preiswert,positive
sedap dan berbaloi dengan harga,positive
",,",negative
The aiskrim goreng was so delicious!,positive
Dah la sedap murah pulak,positive
Best seafood at Kuala Perlis,positive
Makanan sedap n hidangan cepat sampai.,positive
Serius tempat ni mmg ohsem sedap and tauke dia pun friendly and siap boleh bajet kita berapa ble habis ikut per head jadi xde la membazir...btw tempat ni muslimin pun dtg makan jg..nama mmg kedai cina..tp makanan semua seafood,negative
Sedap & worth 4 money,positive
"Kalau nak rasa makanan rare dengan masakan rare, kedai ni sesuai untuk dicuba. Contohnya, udang lipan masak telur asin. Atau udang lipan masak cabai kering. Kalau nak try masakan standard seperti udang/sotong celup tepung, atau ikan masak tiga rasa, boleh try Kedai Liza Mat Koma Laut kat bangunan sebelah. Sebab Hai Thien ni mahal sikit drpd Liza Mat. Harap Liza Mat tak naikkan harga lah lepas aku ip komen ni.",positive
"Good food and fast services! For More Food Review, Follow Instagram : kvvk_food #",positive
The best siakap stim siam..,negative
Tempat makan Sultan Perlis. Confirm la sedaaaapp...,negative
Boleh laah makan,positive
.,positive
Sedap & murah makanan kat sini...tmpt yg besar & selesa,positive
",",positive
Makanan fresh dan harga berpatutan.,positive
Estuve en este restaurante en viaje de trabajo y  comi camarones  muy buen toque de sabor en sus comidas,positive
"Hai Thien seafood...klu kita membaca nama cafe ini pasti kita berangapan ini crfe cina ataupun siam...apa ada pada nama?????jgn...salah angapan mu....di beri nama hai thien kerana ia milik org cina peranakan siam.Di sini terdapat 3 dapur utama..dapur melayu(melayu thai) dapur cina,,dapur india(babi di haramkan masak) ia sama cam hotel 4*...kolabirasi dapurnya.menu sama cm kad hotel..layanan firls class..pelayan pakaiyan kemas.selipar di haramkan.dan di sinilah tempat Raja Perlis makan bersama keluarga..ketam nipah menu kegemaran baginda..deretan.pohon bamboo mencantikan langskep cafe Hai Thien...",negative
Murah dan cepat,positive
One of the best seafood in kuala perlis.,positive
Masakan enak,positive
Makanan laut yang paling sedap di Perlis ... Harga makanan pun berpatutan ... Restoran berhampiran dengan tepi pantai best kena angin laut ... Cha Koi Mayo & Otak-Otak menu yang paling saya suka ...,positive
Good food at reasonable price in Kuala Perlis .,positive
5,positive
good,positive
Makanan sedap servis laju,positive
Servis pantas. Makanan sedap. Harga berpatutan. Suasana hype.,positive
sedap kut,positive
"Ni antara tempat makan yang Best di Perlis. Tempat bersih, dan suasana santai dan tenang. Menu pun sedap-sedap. Harga Berpatutan",positive
Kenapa sedap sangat TT...,positive
"Service laju, makanan sedap, view cantik",positive
Makanan sedap tapi portion sayur tu mcm sikit sangat. Tak balance.,negative
"sangat tak puas hati, 3 kali I pergi 3 kali service & makanan too bad. First time I pergi, bayangkan I excited kan nak try cafe kat Perlis, it was 2020 or 2021 mcmtu, end up I dapat buttermilk rice yg sangat dry, with the price yg tak tally dengan rasa, I wont repeat that. Plus the service sangat slow, takde orang pun slow ya Allah. Second time I pergi on 2021, I thought ada improvement, yg improve just kedai, lain semua sama service masih slow sangat. Third time I pergi on 2022, I punya makanan tak sampai2, my friends punya dh sampai, I was too mad sebab I wait for an hour plus, sampai I was so frustrated I pergi tanya the staf, bila kita tanya pasal makanan kita, dan2 la dia cakap tengah buat dah eh nak kena ketuk kepala ke??? then what did you do an hour ago??? punya kecewa nya I suruh je dia bungkus, sumpah potong mood. that was the last time I pergi, I cuba nak husnudzon setiap kali pergi situ, but it was all the same. I memang takkan recommend this cafe kalau ada org tanya I, never on the list pun.",negative
"Terbaik , perkhidmatan terbaik fasiliti lengkap dengan SOP dilaksana dan kemudahan disediakan terbaik, makanan sedap selera melayu Perlis terbaik pelayan ramah sporting",positive
Terbaikk,positive
The Best Western Food in Kangar. Makanan Western Sedap. Service pun Pantas. Harga Western yang Berpatutan.,positive
Makanan kebanyakan tidak sedap dan selalu masin. Makan chicken chop banyak kali kat kedai ni dan tidak pernah tak masin. Masin sangat2. Dah suruh tukar pun masin lagi. Bila tanya kenapa masin lagi jawapan dia mungkin dah lama perap. Hari ni cuba makan mee kicap Raja pun masin.saya x faham sampai sekarang kenapa tukang masak dia suka masak masin. Saya ni kali terakhir saya datang sebab makanan tak berubah dari bulan2 berikutnya. Seronok duduk sini sebab ada busker itu sahaja. Tapi makanan kebanyakan nya memang tidak sedap.,negative
Suasana santai dan ok. Servis pun laju. Harga tak mahal dan tak murah. Menu limited choice.Spaghetti ambil 3 jenis semua tak jadi dan kureng. Sama je rasa dan rupa 3 jenis pun.olio aglio masin terus. 3/5. Mushroom soup ok tapi ada halia banyak kat dalam?  3.5/5. Sandwich croissant beef is a cheff kiss 5/5.air teh ais dia sedap juga. Dan kopi gantung pun ok.,negative
Recommended service tiptop makanan pon sedap sangat berbaloi.,positive
"Environment yg santai, mknn yg sdp dan portion yg mmuaskan",positive
"Servis tiptop, makanan pon sedap. Memang tempat pilihan untuk pergi makan bersama keluarga dan kawan kawan. Will repeat again soon",positive
"Puas hati dinner western sini, selepas 10 jam bertarung kat highway hari pertama cuti sekolah travelling dari KL. Kualiti food dan servis terbaik. And the restaurant ambience.. class. Good food is the exact thing you need to relieve the stress after such long drive up north",negative
Average food and harga boleh tahan la,positive
"Cafe Western yg menarik dibumi kangar, terletak di taman sena indah kangar, menyediakan makanan2 barat dan juga makanan2 tempatan yg pasti memikat selera perut anda",positive
Mantap gais,positive
Thorbaik all aspect,positive
Sedap. Semua sedap! Harga murah portion besar,positive
Makanan Dan Servis Dari Staff Tersangatlah Terbaik       Saya Makan Chicken Cop Cheezy Boom & Aglio Olio . Sos Blackpaper Sedap . Cheese Pun Sedap     Aglio Olio Pun Sedap    Combo Dengan Ayam Yang Lembut . Terbaikk Chortiez . Semua Rating Saya Bagi 5 Star,positive
Service pantass dapat makan cepat,positive
Terbaik! Makanan sedapp !!! service paling mantoppppp,positive
"Layanan terbaik, servis terbaik. Terima kasih akan datang di lain hari.",positive
Best weh makan sini,positive
Highly recommend! Puas hati sebab portion banyak sepadan dengan harga. Thank you for your service.,positive
"Alhmdulillah, makanan sedap. Makanan cepat sampai, tak payah tunggu lama. Layanan pun tip top. Suasana kedai pun cantik dan selesa. Highly recommended.",positive
Suasa sangat cantik dan romantik kedai ada band sangat menarik bagi saya tentang kedai makan ni menu yg menarik layanan water bagus menerangkan menu sangat jelas bagi saya ok sangat Banyak kali saya pergi mungkin haritu org sangat ramai makanan saya agak sedikit lambat tapi dimaafkan sebab standart lah kan org ramai Sekian dari penjelasan saya,positive
So far or. Recommended. Makan pun best. Cuma suasana tempat ni mungkin tak kena dengan saya. Agak bising,negative
Depa punya mushroom   sos memang thorbaik,negative
"Memang padu beb kedai ni. Harap tak viral sangat, mudah la nak menikmati makanan sambil layan busking.",negative
Tempat cantik. Makanan sedap dan pelbagai serta harga berpatutan.,positive
"service sangat bagus. harga makanan mahal sikit,  boleh tahan. hazelnut ketagih kat sini mmg power. recommended",positive
Terbaik dtg perlis kompom datang sini,positive
"Antara cafe yang menyajikan western food yang terbaik kat Kangar ni. Pelbagai menu western yang ada kat sini. Cafe ini dah lama beroperasi kat sini. Dah bertahun juga saya dok beli western food kat Chortiez. Sekarang ini,cafe berkonsepkan lapangan terbang. Memang unik dan cantik..banyak perubahan yang dibuat oleh owner cafe. Dulu,setiap hujung minggu ada persembahan busker. Biasalah waktu diner,memang full house cafe ini. Tempat makan yang selesa,harga berpatutan dan memang sedap..",positive
"Selalu repeat untuk mood western, hampir semua menu dh rasa",positive
Sedap tomyam dia dgn mee kicap,positive
"Size: portion besar Rasa: sedap, cukup rasa Harga: berpatutan dengan portion Servis: food serving pantas, staff friendly Tips: datang awal, 8.30 malam meja dah mula penuh Parking: Parking kawasan sekitar (lot kedai). Datang sebelum 8.30 malam untuk pilihan parking yang banyak.",positive
"Makanan sedap. Byk pilihan. And paling penting, cepat ja dpt.",positive
"Mantaaap. Ada live band lagi! Suasana ala ala airport pulak tu!!! Kangaq dah lain sangat dari zaman 80-an. Rugi laa orang Malaysia tak mai singgah sini. Dok lalu nak masuk Siam je, lenkali singgah sini dulu laaaa!",negative
Biasa orang KeyEl  datang Perlis ni nak makan kat tepi bendang makan ala ala kampung. Tapi ada sejenis nak makan ala ala hipster Dan western boleh datang sini.,negative
"Tempat makan yang best. Western food dia memang mantap. Yang paling best harga dia boleh dikatakan murah giler beb. Sedap pun sedap, murah pun murah. Padu. Kid-friendliness: Tempat yang luas. Ruang makan yang selesa. Jarak antara meja ke meja luas. Kanak2 bebas untuk bergerak",negative
biasa saja.,positive
Nice environment. Suami aku suka creamy spaghetti chicken grill & kopi gantung. Sedap katanya.. Salad chicken pon nice.. mushroom soup ja masin sikit..,positive
makanan western...kopi gantung dia terbaik,positive
Best tempat makan gini... Kadang ada busker dok menyanyi...,positive
"Menu yang banyak, staff yang baik. Next time boleh cuba menu lain.",positive
Menu ok makanan ok but bila take away mintak sudu garpu plastik takde tak disediakan so boleh sediakan kot pas ni..bila cust mintak tu jangan buat dono ja mcm cust tu kayu lak..,negative
Banyak option kat sini tapi rasa tu oke cuma bukan luar biasa. Gituwwww. Menarik untuk makan di Perlis.,positive
Pertama kali mai. Makanan portion besar. Mmg puashati. Spageti xberapa sedap. Kena improve. Overall semua puas hati. Rekomended.,positive
"Selesa, makanan berkualiti.",positive
"Hipsturrr + western food. Harga standard seperti di KL sikit..tapi oklah sebab sedapkan..setanding la dengan bayarannya. Konsep outdoor. Kalau datang jam 8mlm keatas, orang start ramai.",negative
"Kali ke 3 pergi. Mak dan ayah sanggup datang dari Alor Setar semata nak sambut birthday adik dan ayah. Kami book by msg supaya senang bila sampai nanti. Makanan semua sedap2 dan portion berbaloi dgn harga. Anak saya bagi tumpah air dan diganti airnya. Terima kasih atas service yang baik. Kid-friendliness: Ada baby chair, space yang luas,",negative
"Ingat sikit ja,oder la lebih. Rupanya penuh pinggan .. Harga dgn hidangan yg kita dapat,aku rasa sangat murah. Hampa kena try..",positive
"Mlm penuh,xsmpt mkn,",positive
Service cepat walaupun kami datang dalam group yang ramai. Makanan pun not bad. Staff pun friendly.,positive
"staff baik, xmau tulis panjang2 alhamdulillah memang saya puji,recommended sangat2, kipidap",positive
Makanan sedap. Berbagai pilihan. Service ok cuma nasi goreng sampai & mushroom soup lambat. Kopi gantung sedap,positive
"Berada di taman sena kangar perlis. Di tengah-tengah persimpangan antara lot kedai (depan pengiklanan micho) Agak susah nak parking dgn betul disebabkan kawasan terhad kotak parking. Suasana premis yang menarik. Cuma sewaktu hujan agak sukar & tempias hujan. Antara bumbung tak bersatu jadi bila hujan, pekerja bawa makanan lalu kena hujan makanan . Untuk makanan, rasa bersesuaian (worth for price) cuma ada part perlu tambah baik dari segi rasa makanan. Jgn masak kalut2. Kualiti rasa makanan penting. Overall ok. Repeat here several times.",negative
Spaghetti cabonara beef bacon powerr,positive
Pasta tomyam seafood sedapppp gilaaa!!!!!,positive
best gila makan dekat sini!! sedap!! recommended pls datang here!!,negative
Semua makanan sedap dan layanan yg sangat baikk,positive
Alhamdulilah sedap kena dengan cita rasa. Sesiapa yang duduk area kedah perlis boleh cuba mmg recommend sangat.. berbaloi makanan dan harga.. Mantop! Will repeat again,positive
Sangat sedap,positive
Makanan sedap-sedap. Staff mesra.,positive
Antara tempat fav kat perlis. Will repeat again,positive
Dah la lambat menunggu! Makanan tak sedap langsung.!,negative
Lamb cop liat dan X masak betul.  Pisau X tajam jg,positive
Kedai terbaik..semua sedap,positive
"Tempat yg menarik dah selesa. Service dari pelayan yang baik. Masa menunggu makanan yang sederhana. Tempat parking yang banyak dan dekat. Order Chicken Burger, Fish and Chip, Spaghettis Carbonara with Chicken Grill. Spagheti tidak terlalu muak. Just nice Parking: Dekat dan banyak space",positive
Semua makanan sedap  tempat selesa,positive
"one if the best western restaurant so far! saya dah travel merata, dan dah banyak restoran western yang saya dah pekena, tapi chortiez ni boleh saya cakap top 3 restoran western terbaik yang pernah saya makan in term of price & food taste! boleh rasa premium makanan tu, dalam keadaan harga makanan yang sangat berpatutan, below market price, menu makanan yang pelbagai jenis, servis yang bagus daripada crew, sentiasa standby untuk sebarang request cust. *ini restoran western 1st saya yang setiap kali balik perlis saya repeat, makan harini esok mai repeat lagi cuma kalau nak perbaiki, just dari sudut tandas, ruang makan aircond, dan penyediaan sesetengah menu yang agak lambat overall kudos to chortiez & team! kipidap dan teruskan improve. insyaallah chortiez akan terus survive dan relevant di dalam business ni",positive
"Memang terkenal dgn makanan yg sedap dan harga berpatutan. Elakkan waktu puncak, 8pm hingga 9pm. Atau buat tempahan awal.",positive
"Veryyyyyy recommend, murah, sedap, dan paling penting portion banyak namamposss",positive
Makanan sedapp ! Berbaloi dengan harga   boleh repeat!!!!,positive
Makanan sedap...portion banyak kena dengan harga dan layanan pon terbaik kalau kena mesti repeat,positive
"makanan sedap portion banyak , berbaloi dengan harga 100/10 . Layanan terbaik",positive
"Sedap, rasa konsisten sejak bertahun lepas. My fave is mee kicap ayam/ duck",positive
"services out. slow giler. order by wassap. dah habis apa2 yg ada dalam menu patutnya off lah dalam website tu, ni ulang alik bgthu menu xde n kena order yg lain. dari seramai2 manusia yg dine in, sampai tinggal 2 3 ketul je. datang makan dari 9.40 pm. last order dapat dalam pukul 11 lebih. my suggestion, better kedai ni order by manual lah. tak perlu guna wassap2/website if servis lembab macam ni. tq",negative
"Sangat recommended, isteri saya ckp nnti nk ajak repeat lagi    sedap sgt  boleh pi try makan semuaa hehe",positive
Servis lambat gila. Tunggu punya la lama.,negative
Sedap portion banyak.kena share.,negative
Sedap. Servis laju..,positive
"makan sedap servis laju hype , #nanostix arau Parking: lots",positive
Kedai ni padu..masa awai2 sampai dh nmpak gempak...makanan2 semua sedap.. enjoy dgn suasana yg santai..nyamuk xdak.. sejuk..lagu2 depa buka layan mood,negative
"makanan2 di sini semua sedap2 belaka.. kena dengan tekak penduduk perlis.. all the best all team..kedai cantik, suasana menarik..sesuai untuk semua golongan..akan datang lagi nanti...",positive
Burger agak mahal ..rasa kurang dibandingkan nilainya,negative
Semua makanan sedap..busy tu biasa lah .selalu pegi meja full ja..tpi servis tetap tiptop..akan pergi lgi nanti..all the best..,negative
"Parking: I went during a public holiday...so parking no problems....but cant imagine if its week days...its hard to park especially with other shops around Chortiez... Anyway, congrats coz your cooking is all my familys taste",negative
Makanan & minuman sedap2 .. berbaloi dgn hargaa .. kedaii bersih hipster2 .. pekerjaa mesraa,positive
"Sedap, nanti datang Perlis singgah lagi",positive
Ok. Cuma kamheong X= kungbao chicken,positive
Makanan mantap   layanan waiter,positive
"Tempat cantikk , makanan sedap kena dgn tekak, nanti dtg lain",positive
"Semua menu sedap, kedai cantik.. servis layanan terbaik.. all the best !! Akan datang lagi nanti !!! Very recommended!!!",positive
cuba kali pertama .... taste ok.... makanan lambat serve...,positive
Semua sedap2,positive
Makanan sedap and banyak gila pilihan. Servis laju. Tempat bersih and nice siap ada band lagi. Terbaik lahh,negative
Niceee. Sedappp. Air buah gelaih besaq! Tapi tak de wifi,negative
"Ok la dgn harga mcmni ,portioning byk n rasa pun ok",negative
Makanan padu...boleh repeat...,positive
"Boston steak 9/10 mantap semua element sedap Carbonara spghetti 4/10 mcm sos prego je Mee kicap w/ duck 2/10 itik masin, mee trlalu masin.. Xboleh habiskn.. Sayang tengok makanan sbb daging itik tu nmpk sedap sgt.. Cara masak dh ok.. Timing hntr makanan xngam.. Steak smpai dlu diikuti mee kicap.. Spghetti 25mnit kemudian.. Steak dh sejuk dh.. Rate 2/5 masa bayar dh bgtau ap yang kurang hope kedai ambil serius isu ni.. Environment kedai 10/10 mmg best & santai.",negative
steak sangat liat. steak sauce terlampau masin. harge agak pricey. meatball sangat mengecewakan. need improvement.,negative
Order steak agak pricey dan paling mengecewakan daging liat walaupun dah pesan medium rare. Meatball pun rasa macam fishball. Boleh perbaiki untuk orang lain selepas ni tapi saya dah tak nak datang dah,negative
Berbaloi..seorang mkn stanby rm25,positive
Service laju,positive
"Dtg da ptg nk maghrib, servis slow gile, ade yg order lmbt da smpai dulu food, yg kami dok sejam tggu xsmpai2, Food agak masin ye, maybe chef nk kawen kot, tuh yg masak semua masin namati.huhu.",negative
Keadaan cafe bersih dan selesa. Cara order pun sangat modern. Kena scan bar code untuk menu. Dan daftar juga scan bar code. Menu banyak dan kebanyakannya berpatutan. Air pun pelbagai jenis. Sedap dan puas hati. Berbaloi dengan harga. Ruang makan selesa dan bersih. Pelayan pun baik dan mesra. Sentiasa topup tissue bila dah habis. Boleh order awal melalui whatsapp dan reserved table awal sebelum sampai ke cafe. Layanan staf memang mesra dan baik.  Ada band jamming juga semasa dine in di cafe. Kebersihan kedai 5 Kesedapan Makanan 5 Layanan pelayan 5 Presentation makanan 5 Memang recomended.,negative
Sumpah tak tipu memang sedap betol,positive
"Makanan dan air sedap dan ada kualiti, setup outdoor tempat yang menarik, ada kipas dan meja tersusun kemas. Yang penting bersih",positive
Order take away sgt lambat....klu lapar better mkn dlu sblm order...,negative
Tempat cantik dan layanan memang baik. Cuma makanan kurang memuaskan. Chiken chop sejuk. Steak agak liat dan sedikit berbanding dengan harga,positive
"memang recommend    kopi gantung padu   makanan sedap, Tempat selesa, servis bagus, sangat memuaskan",positive
makanan sedap! service takyah kata laa..laju matt,positive
"Makan terbaik . Service terbaik , tempat selesa",positive
Padu leleh leleh,positive
"Terbaikk service disinii, makanan nampak sedap, bilaa rasaa tuu nikmatt diaa allah jaa tahu, staff sangat friendly dan boleh bergurau",positive
"Puas hatii sangat makan kat sinii, makanan kenaa dengan hargaa. nanti memang repeat lagii dengan member",positive
"makanan sedap dan staff cukup sempoi, memang terbaikk memang recommended laa untuk makan kat sini",positive
"Service sgt cepat. Baru lepas order, terus air sampai. Lepas tu bertubi2 mknn sampai. Mmg cepat la, mknn pn sedap. Harga pun murah. Kalau kat KL tak dapat harga gini.",negative
"Tuuuu dia, ayam seluas tapak tangan ha",positive
Blh laaaaa,negative
Makanan sedap & pantass love gilaaaa harga pun tak mahal manaaa,positive
"Tempat makan yang selesa. Menu pilihan pelbagai dan memuaskan. Suasana dan kemudahan kedai komunikasi telefon bimbit, kedai gunting rambut serta beberapa kemudahan lain. Rasa makanan Ala barat yang sememangnya terbaik dan lazat",positive
"Sedap rasa makanan depa, air limau asam boi series padu! Servis cepat. Cuma agak mengecewakan menu tak sama mcm dulu",negative
Makanan sedap. Banyak pilihan. Tempat cantik dan selesa,positive
Tempat yang cukup menarik dan selesa cepat just Oder on Line...makanan sedap puas hati...sesuai untuk semua lapisan masyarakat....,positive
Lack of management  satu order nk dpt satu order sangat lambat bila customer ramai  30min utk tiap 1 serve sampai ke meja.. customer ramai beratur di luar  if kedai boleh settle order meja by meja mungkin dpt fix mslh customer utk dptkan meja lebih awal  ada meja customers yg baru masuk pon dpt makan dlu  very dissapointed  dah la dgn gastrik lg  spoiilll betul,negative
"Harga mahal , portion sikit . Baik makan western dekat kl ...",positive
order secara maya...yg lain ok..lamb macam kurang sedikit..lain mulut lain rasa kan..,positive
Kopi sedap gila babenggggggggggg,negative
"Nice, budak2 bujang bniaga...baik2 belaka.makanan pun sedap2",positive
Servis masih kurang memuaskan,positive
"Hari Ahad memang ramai pelanggan, jadi elok order dulu melalui talipon. Saya order takeaway 45 minute lebih awal, tapi masih kena tunggu 10 minit baru siap. Makanan mmg sedap.",positive
"Makanan sejuk,dh la mahal",negative
boleh la setakat nak kenyang,positive
"Western dia memang tiptop laaa dalam perlis ni . Servis pon boekk , memang recommended lahhh !!",positive
waiter pon peramah dan bagus layanan,positive
"kedai yang sangat cantik, bersih, suasana lagu yang sangat hype, makanan sedap, service mantap  sangat recommend",positive
Kedai makan yg sedap. Terbaik.. Tak kedekut bahan.. Puas hati. Harga pun berpatutan,negative
menu banyak & reasonable price.. kedai selesa. terbaik utk hangout n lepak dgn rakan or keluarga.,positive
mkanan sedap paking mudah..,positive
Sakit perut lepas makan... namun suasana terbaik n pelayan semua mesra,negative
Belum pernah pergi lihat lagi...,negative
"SEDAP WEH , TAK RUGI MAI MAKAN SINI",negative
"Makanan best sedap, tempat pun kemas elok, service staff mmg laju, so far, so good.",positive
terbaik..sedap..kenyang,positive
Service staff terbaik.makanan sedap dan amat memuaskan,positive
"Masakan semua sedap, bersih dan selesa terbaik!!",positive
"Best mai sini. Owner pandai atoq meja. Kemas, bersih. Makanan pun sedap2.",positive
servis baik. cepat. cuma makanan x panas. macam dh masak lama.,positive
Makanan biasa2 ja....rsa wowwww tu xde,positive
Makanan sedap. Servis hebat. Kedai pon best,positive
"Servis pantas, makanan sedap dan harga munasabah",positive
Service pantas,positive
Semua menu Best.. Sedap.. Santai lepak,positive
Makanan sedap.. mmg port dinner ngn family,positive
"Portion besaq,  sedap dan murmur",negative
Best tempat layan western,negative
makanan semua sedap2..layanan staff pun bagus..,positive
Sedap .chicken chop very recommend .  Environment best . Tak panas.tak dk nyamuk. Ada cahaya lampu lembut selesa bila nk mkn. Staff semua kemas n displin.,positive
"Best.. proven boss komited jaga staf. Staf nk santai2 sat2 xpa, perlu facing customer so bila diperlukan, anda perasan. Len2 tu mostly, B E S T .",positive
"Tempat yg menarik,makanan enak dan staff yg  peramah",positive
Tempat cantik & sesuai utk lepak2..makanan pn sedap.,positive
"Tmpt mmg menarik..deco pn cantik..tp bkn taste tekak abam la mkn kt sni..msing2 citarasa kn, xkan sma pnya..nk lepak minum mmg ok sgt",positive
"Alhamdulillah saya sudah makan disini,,,makanan pperrrhhh...sedap bhaii...karamba lamp shank dia   ,,,ssuupppp naik keatas  ...tempat Pon menarik  mai2 singgah chortiez,,,Tak rugi kalau makan sini datang dengan perut kosong,,,balik dengan perut penuh",negative
lamb shank tik top lembut.kuah ngan sedap 5 bintang kita bgi,positive
Terbaik. Servis Pantas dan makanan biasa2 saja...,positive
Makanan yang terbaik servis terbaik dan harga yg berpatutan,positive
Lamb shank terbaik. Sos pekat. Chicken chop hipstur sedap. Suasana best. Order cepat walau byk.customer,positive
Wah... Ada menu2 baru lah... Yum3...,positive
tempat yang paling hipster di perlis !,negative
Teh Ais sedap!,positive
Potion besar,negative
Suasana mmg terbaik. Makan pun sedap. Tapi kalau orang tua tua pi jenuh pesah la nak order. Hahaha,positive
Sedap + harga berpatutan.antara kedai makan yang popular di Perlis.,positive
Tempat relax,negative
"Tempat western antara yang terbaik dekat Perlis,jangan lupa mai kalau mai Perlis , serious",positive
Service order sgt menarik,positive
Berbaloi!!!!,positive
Sedap n cepat,positive
"makanan not bad, ada yg sedap... harga standard mknn western... service cpt, tp kalau ramai org mungkin lambat sikit.. overall okay je... can give it a try...",positive
"Chicken chop besar, cepat kenyang, menu pelbagai. Malam minggu ada busking, mmg syahdu nk brsama keluarga dan kawan2. Harga dia agak menakjubkan",positive
"Port untuk santai & makan, service terbaik",positive
Makanan sedap dan saya berpuas hati,positive
Tempat meriah dan ceria. Makanan sedap,positive
Terbaikk ..,positive
Makanan dkt Chortiez semua sedap2.. Suka gi makan dgn family anak2 saya pon suka yg paling best Beef Ribs and Lamb Shank memang terbaik laa boss.. Mantap habis..,negative
Boleh mai rasa..mmg sedap gila..harga pon berbaloi..mkn bleh knyg gila,negative
chicken burger dia sedap giler,negative
Menu menarik di samping konsep yang lain dari yang lain,positive
"Wastern sgt sedap , dan svs yg terbaik",positive
Kuah blackpaper sedap.. daging burger biasa2 je.. roti pon gitu.. so.. so la..,positive
Antara western recommended di bumi perlis..sedap menu2 di sini..cuma nasihat untk staff yg di dalam kitchen untk jaga suara kerana agak kuat  .. sbb selalunya customer ni mcm2 jenis org..hehe nasihat je..chortiez makin maju sekarang..kedai pon makin cantik..selesa pergi makan kt situ .klw boleh tambah kuantiti untk menu steam rice sbb selalu pegi ja dh habis..huhu..apa2 pon maintain yaa. Terbaik,negative
"Service slow, pekerja bising sangat cakap benda tak elok pula tu. Dah lambat hantar makanan, bagi alasan pula cakap kitchen lain2 lah, buat makanan ikut order lah. Atleast minta maaf, tak reti jugak minta maaf. The last time nak jejak tempat macam ni.",negative
Pekerja slalu buat bising..,negative
Hidangan besar.. Sedap..,positive
"Puas hati 1 plate, harga pun berbaloi, pekerja pun nais",positive
Semua menu2 di chortiez sedap.. sy selalu pegi sna makan spageti aglio olio.. sedapp.. hee klw boleh kurangkan bolognese tu skit.. tu je nk komen.. yg lain semua tiptop.. layanan waiter berjambul yg sporting suka bergurau malu pula   tpi ok je kmi boleh terima.. tempat menarik.. maybe patut buka cawangan lgi laa.. good luck all,negative
Semua menu terbaikk..sedapp..layanan waiter tiptop..puas hati...harap dpt buka cawangan ke kedah dan penang pulak.. all the best..,positive
Ok la tp garlic bread selambak...  Kena bwk pisau sendiri...  Semdiri potong,positive
"superb, mmg tak menyesal datang dari jauh untuk cuba menu di sini",positive
Lamb chop trbaik,positive
"Makanan overall sedap. Tapi service kurang okay. Maybe after this serve by table, not by menu. Haritu datang, service by menu, mana yang order spaghetti, you all siapkan spaghetti dulu lepas tu baru chicken chop, so meja yg order this two types of menu, lambat nak settle. Kitorang yg order spaghetti dah habis makan baru sampai yg chicken chop. Just kesian kat orang yg datang tengok meja penuh, tapi nak tunggu settle, lambat sangat, so terpaksa ke tempat lain. So maybe boleh improve on that.",negative
Layanan baik,positive
Servis pantas. Makanan sedap harga berpatutan.,positive
Makanan ok cuma byk nyamuk,positive
Spaghetti aglio olio sedap. Chicken buttermilk. Watermelon juice sedap. Boba milk. Alhamdulillah kenyang.,positive
Menu chicken chops..kenyang mkn,positive
Side dishes biasa ja. Mushrooms soup. Asa hangit sikit warmer periok rosak kot. Dlm beger xda sayur. Just ada dressing sayur di luar tu je. Otherwise nooice,negative
Makanan sedap dan berbaloi dgn amaun nya,positive
Saya suka spaghetti carbonara yang sangat sedap...,positive
Terbaik....,positive
Perghh,negative
"Makanan agak lambat kerana ramai yang berbuka puasa di sana. Tapi, apa yang bestnya, dia serve tiap orang ais kosong. Sejuk hati. Maksudnya dia jaga kebajikan pelanggan dia. Layanan yang baguss. Makanan yang sedap. Layak dapat 5 bintang",positive
Chicken chop agak memualkan. Sebab banyak tepung. Tapi belum try menu yg lain lagi,positive
Tempat boek nak lepak2.. makanan portion banyak. Berbaloi dengam harga. Steak n lamb chop dia memang recommended.,positive
Harap boleh sediakan bahan masak yang mencukupi untuk pelanggan. Saya datang pukul 9 lebih. Banyak menu sudah kehabisan bahan. Selamat maju jaya Chortiez,negative
Pesanan agak lambat utk disempurnakan.,negative
santai,positive
Makanan sedap ala-ala barat.,positive
Order nasi dapat nasi keras separuh masak,positive
Warungnya lumayan mahal tpi sesuai dgn rasa dia agak masuk ke dalem belakang eleven untuk tongkrongan mantap juga dan hati2 makan d sini karena biasa di atas pohon banyak burung gagak jadi suka pup sembarangan jdi kena kepala,positive
Terbaik...  I give 5 star,positive
Makanan yang sedap,positive
Cafe hipster terbaik diperlis. Makanan sedap dan puas hati harga berpatutan,positive
"Kedai ok Layanan ok Harga boleh la ~Nasi Lemak Ayam Goreng Berempah~ Nasi ok Sambal boleh la Telur ok Ayam ok Bilis keras Papadom masuk angin Sayur tak kena Maaf, saya tak rekemen menu ni...",negative
Harini makan terasa masin sedikit,negative
makanan not bad. tapi haritu kuah blackpaper pekat sangat. harga pun berpatutan,positive
Boekkkk,positive
SEDAP GILAAAAA KENA P TRY DULU BARU HANGPA TAU..,negative
"Makanan: macam-macam jenis lauk pauk ada kat sini. Memang sangat banyak pilihan, nak lauk bakar ada, nak lauk goreng ada, nak lauk berkuah ada. Servis: harga memang murah dan berbaloi, saya ambil ikan termenung bakar saiz sederhana, harga rm3.50-4.00 je sekor rasanya. Memang tak jumpa dah kat tempat lain. Siap ada air percuma lagi. Suasana: masa datang hari tu siap ada persembahan lagu tradisional lagi, memang menarik. Kat meja luar memang panas sikit la tapi ada bilik berhawa dingin disediakan juga. Parking pun senang sebab ada RELA jaga dan boleh je parking kat tepi jalan asalkan tak halang laluan.",positive
"Aku suka restoran ni.Kena dengan selera kami sekeluarga.Mari Perlis kalau tak singgah Suri mmg rugi.Lauk pauk banyak jenuh nak pilih,aneka jenis kerabu dan ulaman semua sedap dan harga pun murah.Staff kat situ semua baik2.Permata yang tersembunyi di Perlis.Mai jangan tak mai. Parking: Tempat letak kereta luas.",negative
"Makanan sadap babanar(sedap),aneka menu pilihan.. Recommended.. Cuma kada kahagiyan ikan kali bakar dgn karabu hampalam..",positive
Banyak pilihan Makanan yg Ada,positive
Padu,positive
"Sedap, banyak pilihan lauk, dan murah. Amik lauk ikan temenung, skali tgk harga kita pulak yg termenung sbb mmg murah.",positive
Lunch dekat sini 21/2/24 2pm Sedap dan murah. Cuma kalau datang peak hour agak crowded. Tapi overall makanan sedap sebb banyak pilihan ada bakar bakar jugak. Staff ramah. Tq,positive
Kami orang jauh dari Ipoh datang merasa. Terbaik laa,negative
Terbaik harga murah berpatutan lauk pauk bermacam jenis  sedap mai LA cuba,positive
Makanan sedap dan banyak sampai rambang mata tak tahu nak makan apa.. Makan murah,positive
makanan ok. cuma ada seorang staff kurang ajaq. nak lalu cakap nk lalu.,positive
"Sambal- sambal belacan semuaaaa sedappp sangatt, laukkkkkkk pon sedap dan harga yang sangat berpatutan!",positive
Banyak pilihan menu. Tempat makan luas. Sirap & ais kosong percuma. Free flw,positive
"Alhamdulillah sedap...kerabu kacang botol mgkin blh lg di baik. Tapi keseluruhan sedap. Ayam percik, siput sedut sedap sambl belacan sedap.  Alhamdulillah.. puji.. air free sirap n air kosong sejuk... Yg bhgian kios tuu. Try beli kuih pulut udng, mengecewakan... Kelapa hampas... Pulut lembek... Potong trus... Harap seller jual dgn jujur  mcm mne mkn mcm tu la kita rasa sdap. Jgn la jual mcm tu",negative
"Makanan banyak pilihan, harga biasa2, sedap",positive
"Mahai nak mampuih ahhhh  Teh O Ais 3, Nasi biasa ayam seketoi, nasi tambah teluq mata 1 dgn nasi gulai ikan seketoi RM28.",positive
Ayaqqq asammmm perut perghhhh sedappp nak mampuihhh. Ikan bakaqqq,positive
Terbaik  variety of Lauk .. suasana best. Kami makan kat kedai + tapau @ 10.30 pagi,positive
Pening nak pilih lauk. Banyak sangaaat. Semua sedap dan harga sangat berpatutan.,positive
"Makanan sedap dan murah, soon akan repeat lagi",positive
"Ikan bakar sedap giloo! Pilihan yg tepat. Recommended sgt! Semua teratur and ada tanda harga. Mcm2 lauk ade, rambang mata.  Talapia bakar cuma RM10   Ada air sirap dan ais kosong free flow untuk customer. Terbaikk! Parking: parking agak susah sbb kwsan kecik sikit but no worries banyak kereta park tepi jalan",positive
"Makanan so so je, boleh dimakan. Servis slow. Atmosphere teruk, serabut bising instrument, DJ bagai. Meja x cukup lama menunggu. It depends on each individual preferences but not my preference.",negative
"Layan diri, lauk pauk berpuluh jenis.. bayar dan makan atau makan lepas tu bayar pun boleh.. menepati citarasa",negative
"Banyak pilihan..rasa sedap...air asam sedap,bakar bakar sedap...",negative
Makanan sedap dan agak berpatutan. Berbagai sajian masakan melayu disediakan. Ada juga dessert dijual oleh vendor makanan. Thorbaik kipidap dongibap,positive
Banyak pilihan makanan masakan melayu. Semua sedap. Ramai orang sewaktu saya pergi tapi proses sangat laju. Beratur nampak panjang tapi sekejap je. Pilihan lauk sgt banyak. Bakar-bakar pun ada. Kawasan parking jugak disediakan. Pack jugak sewaktu peak hour/lunch time. Akan repeat!,negative
Sedap pelbagai lauk masakan melayu terdapat ikan keli dengan pelbagai jenis masakan servis laju,positive
Banyak pilihan lauk.. kerabu pon macam2 ada     pukul 9 dah ada macam macam lauk dahh,negative
Menu makanan dia menarik dan sedap untuk dinikmati,positive
Banyak pilihan lauk kat sini. Ikan keli bakar cicah dengan air asam kerisik campur dengan kerabu taugeh perut lembu,negative
Me - ikan keli+sayur touge+terung bakar+sambal belacan+paru sambal. Wife - ayam bakar+ulam timun+telur masin+sambal belacan Sister in-law -ayam merah (2 set) Total rm41,positive
Berbaloi,positive
Wajib pergi ye.. Memang macam pergi kenduri.. Air Sirap Free Siap ada dJ.. Haha... Inform ada lauk apa... Pilihan makanan lauk campur memang banyak.. Jangan amek dulu.. Servey dulu.. Sebab banyak lagii weiii... Harga memang murah habiss... Air rm2 je weii.. Makan 4 org x sampai rm42. 50,positive
Makanan banyak   puas hati,positive
"Murah dan sedap, dah bertahun makan sini. From a loyal customer",positive
masakan melayu terbaik!!!!!,positive
Tempat makan yang bersih dan sedap..lebih dari 30 jenis makanan yg dihidangkan..suasana tempat makan seperti dalam taman serta servis yg baik...keep it up owner and stafs .. Semoga kedai sentiasa maju jaya di masa akan datang ..terbaik..,positive
"Sedap mkn ns lauk kari kepala ikan, bendi tumis & bergedil air lemon herbs campuran. Petugas pun peramah cekap & persekitaran yg bersih",positive
Makanan banyak..makan tghari,negative
Ikan bakar yang sangat sedap..lauk pelbagai semuanya cukup rasa masakan melayu asli terbaik,positive
"Banyak pilihan lauk,harga patut,service baik dan mesra pelangan",positive
Menu masakan sangat sedap,positive
"Sedap, berperisa, menyelerakan. Sebaik suapan pertama menyentuh lidah, sebhanallah, rasa terangkat. Cuma, sebaik saya ambil kambing bakar, dagingnya dicincang bersekali tulang. Retak gigi saya. Saya ingatkan potong kecil2 (bite size) boleh gigit terus, malangnya setiap potongan ada tulang (paling bahaya yang kecil2 dan hancur akibat hentakan) Kalau kambing tu, biarlah tulang sekali daging. Xpayah dicincang2. Tak lumat pun.",negative
"Recommended! hat mana ada saudara mara ramai, boleh mai makan sini...ada meja panjang...harga pun berpatutan...yang mana mai berkunjung ke perlis, rugi kalau tak mai makan sini...harap2 dapat diiktiraf jadi salah satu tempat untuk jadi ikon pelancongan negeri perlis...",negative
Pilihan lauk yang amat-amat dahsyat. Brader  bagi announcement pun suara sangat. Toilet pun bersih cuma tolong sediakan getah air. Vegetarian options: Ulam banyak pilihan,negative
Suka sangat makan kat sini. Masakan melayu yang paling best kat perlis.,positive
"A great place untuk makan tengah hari. Banyak gila lauk Melayu yang best2 kat sana. Paling best, kerabu dia. Banyak jenis. Ruang makan pun besar, parking pun banyak. Free flow sirap ais dan ais kosong.",negative
Rasa kampung asli! Authentic traditional Malay taste! Very affordable! Highly recommended. Sedap bak ang!,positive
Sedap & murah,positive
Betul2 menghidangkan masakan Melayu asli dengan citarasa org Perlis... tempat mkn kegemaran. Mai hari2 pun xpa..xkan pernah jemu. SEDAPPP,positive
variasi makanan yang banyak. staff rajin dan cepat. puas hati. segar2. owner pun sangat ramah. Parking luas giler,negative
"Gerut percik, Telur sotong, nangka dan ayam gulai. Panas sikit, kipas tak kena. Parking: Large parking but a lot of cars as this is a popular spot. Food : 4/5 |",positive
As said by a friend of mine: sedap nak mampuih....,positive
Vegetarian options: A list of the most popular options Food,positive
Ermmm.. rambang mata.. Datang sendiri la.. Feel it to believe it,negative
Harga berpatutan..makanan sedap,positive
Semua sedap dan murah.wajib singgah kalau ke perlis.,positive
"Close ahad, 2@3 kali pi sabtu tutup pulak. Next time ubah la operation hour",positive
Jangan pi lambat nanti lauk habis,negative
Makanan sini sedap. Before Ramadan murah cuma sekarang macam naik sikit harganya kot tapi masih murah. Kalau makan masa tengah hari panas tak Semua tempat ada kipas. Sini ramai jadi kena pandai cari meja kosong. Banyak kali dah repeat makan sini.,positive
Banyak pilihan makanan. Sedap. Pekerja yang mesra pelanggan serta bersih. Harga pun berpatutan. Antara port pilihan makanan tengah hari yang terbaik di Perlis.,positive
"Makanan sedap,suana ok...cuma pembakaran tpt ikan bakar debu asap masuk ke arah meja mkn.",negative
"Nasik campur kampung style... Macam2 lauk pauk, dari ikan bakar, menu masakan kampung dari utara sehingga menu dari Siam pun ada... Banyak pilihan untuk belanja keluarga dan kawan2 makan... Weekend memang ramai pelangan. Mai awai, lauk pauk masih panas2 lagi...",positive
"Kadang murah, kadang mahei",positive
"Banyak pilihan makanan,tempat parking banyak,meja makan banyak ada ikon",positive
"Parking luas. Tepi jalan pun boleh park. Meja makan pun banyak. Pilihan makanan sangat2 banyak lebih 100 gamaknya. Rasa dia, ada yang kena tekak. So far memang recommended sebab banyak pilihan.",positive
"Lauk-pauk banyak gila, kelabu mata nak pilih. Ada sediakan bilik berhawa dingin juga. Harga boleh tahan murah.",negative
Sedap...harga patut.. pilihan banyak...terbaik,positive
"Servis sangat baik. Staff cepat, peramah. Sangat banyak pilihan lauk. Harga murah compared to KL  . Rasa pon sedap. Will come again.",positive
"Lauk byk, murah Dan sedap.",positive
"Banyak lauk pelbagai, jenuh pilih lauk2 kampung dan modern ada. Lebih murah berbanding makanan di Anjung Keli.",positive
makanan semua sedap,positive
Kedai best bila angin masuk. Sejuk dan tak panas,positive
"Pergi dah kul 230pm...byk lauk dah abis...keseluruhan memuaskan dan sedapmkn ikan kembung kicap, cendawan goreng, ayam goreng tepung, gulai",negative
Kedai mesra pelanggan banyak lauk sedap lauk kampung dan air percuma.. pantas dan cepat,positive
Rambang mata tengok lauk pauk. Ikut nafsu semua nk makan. Puas hati harga berpatutan. Makanan sedap2 belaka. Kedai bersih & teratur. Tukang cedok nasi pakai glove mmg terbaik.,positive
Banyak Pilihan makanan.. menu sedap Dan berkualiti.. harga berpatutan.. helokkk sangat laa.. wajib singgah kalau Mai perlis.. servis baik.. orang kata masak Dari hati.. puas hati kita makan.. Alhamdulillah.. rekomen menu Telur sotong Suri.. teringat ingat beberapa hari lepas Cuba,positive
"Makanan sedap, kena pergi awal kalau tak lauk cepat habis  , harga okay, tempat duduk pon okay banyak, ada mcm food cart jugak tepi2 tu mcm asam,cendol,bubur and kuih. I loike hahaha",negative
"Banyak pilihan lauk-pauk. Sedap cuma ada masanya ada lauk yang terlebih manis tapi takpa itu biasa bagi restoran yang ramai pemgunjung, akan ada terlebih terkurang. Harga berpatutan dan pekerja yang baik",positive
Terbaikk semuanya,positive
Sedap amat,positive
"30&31/10/2022 Awat x de 10 bintang,kita nk bg 10 kalau blh.. memang tip top..hrga sgt2 x msuk akal.. murah sgt2.. mcm2 pilihan aneka ada.. jajan pon ada..macam2.. tmpt yg sgt2 tenang..tepi sawah.. layanan bgus.. korang klu dtg x singgah sini..memang rugi... Kami klu dtg sini... Compom akn singgah mkn sini..sgt2 murah..trkejut jugak dgn hrga nya..ingtkn mahal..  tmpt cntik.. brsih.. cuma tandas dia sikit kurang brsih..x de lock (dh patah)tlong owner btolkn itu ya.. penting tu   apa2 pon..tq",negative
Makanan mantop dan harga sangat berpatutan,positive
Set bawal mmg power,positive
Pelbagai lauk disediakan.,positive
"Makanan sedap2, banyakkkk hidangan , servis cepat, boss pun tak kedekut and tak berkira, halalkan ja klau yg sen2, mmg terbaik",negative
Kalo ttp hari ni (1/10/22) tak pyh la tulis kat sini bukak.. ni la melayu kalo niaga.. buang masa dtng jauh2,negative
Ok harga ok dan murah lauk banyak,positive
"Masakan sedap cuma masa oergi memang full house,susah juga nak mencari tempat duduk. Order air pun laju jer sampai..",positive
Macam macam leuk ada. Murah dan sedap gilaaa,positive
Makanan memang sedap. Banyak jenis boleh pilih. Perkerja buat kerja memang laju dan peramah. Harga ada yang mahal ada yang murah. Kawasan restoran pun bersih. Parking: Tempat parking sangat luas.,positive
Lauk jenuh macam macam pilihan ada.. Ayaq sirap cemey. Parking banyak,positive
Lauk sedap Kena pergi awal sebab lauk banyak habis kalau lewat Tempat selesa Parking luas Restoran tepi jalan,negative
jauh kami dtg dr bertam kepala batas...mknan sedap dan berbaloi2...,positive
"Sedap. Tapi makanan cepat habis. Nak makan, pergi la awal",negative
Lauk banyak...dan ada siap di buat portion utk bekas kecil2 1 bekas rm5.00. pelbagai jenis lauk2 disediakan dan fresh2 semuanya. Harga berpatutan.. Memang recomended... Bukak isnin - sabtu 9.00pg - 4.00ptg,positive
Sedap. Itu saja,positive
Sedap dan boleh pileh berbagai masakan ....tempat febret kami sekeluarga,positive
"Orang ramai, parking luas, makanan sedap. Semua complete. Meja makan je tak cukup",positive
Masakan sedap banyak menu harga murah... 100/100 rekmen restoran ni     . Tak sampai 10rm utk sorang makan/minum.,positive
Harga memuaskan layanan baik dan pantas,positive
"Sedap, harga berpatutan.",positive
"Makanan sedap, aneka pilihan, harga berpatutan   .",positive
Makanan terbaik..owner peramah..tempat parking luas..best place to eat in Perlis!!,positive
Makanan best sgt2..sedap,positive
"Sedap, murah, lauk banyak.",positive
"makanan sedap, pilihan lauk-pauk untuk lunch pun banyak, memang rambang mata, dan dan harga pun murah.",positive
malay kampung cuisine.very cheap,positive
The main shop ada lauk pelbagai. Harga pun appropriate. Ada few food stalls yg jual other meals. Agak meriah.,positive
Lokasi berhampiran stadium Kangar. Keadaan restoren agak luas. Pelbagai jenis masakan untuk makan tengah hari disediakan. Setiap pelanggan disediakan sarung tangan plastik untuk memegang senduk untuk mengambil lauk pauk yg disediakan. Kemudahan pakir luas. Harga berpatutan. Terdapat juga kemudahan tandas. Terdapat juga menu buah buah an. Makanan ala Kampung juga terdapat disini,positive
Pilihan makanan yamg pelbagai,positive
"Dtg dlm 12pm dah ramai org, dpt parking jauh, even ada tray lauk dah kosong! After all kami puas hati sbb makan sedap dan berpatutan.",positive
Mkn terbaik...hrga pling murah dtg ni cfm puas hati,positive
"Makanan banyak pilihan. Murah2 beb. ikan keli goreng rangup garing. Yang ikan bakar fresh2. lauk2 gulai, udah xleh nk ulas. meja banyak, walaupun kene beratur, pasti dapat. Aku dari Muor kot, sampai2 makan sini lu. fuhj",positive
"Banyak pilihan lauk, sayur dan ulaman.",positive
Masakan sedap...murah... Mesra pelanggan...try dlu baru tau,positive
Pilihan serta harga berpatutan,positive
Highly recommended.... Mcm2 lauk ada & berpatutan,positive
"best layan lunch disini, mcm2 menu kampung ada",negative
Servis pembayaran yang agak.menyusahkan pelanggan yg datang makan secara keluarga. Makanan harus disusun dihadapan cashier untuk membuat pembayaran. Datang dengan 10 orang family.mmg susah..harap improve.. overall.makanan sedap dan murah..4bintang,negative
Layanan baik..bersih dan mesra pelanggan,positive
Tidak di nafikan kedai nasik campur terbaik di PERLIS.. Selain dari masakan yg sangat sedap pada harga yg sangat murah ianya juga mengekalkan tahap kebersihan terbaik berbanding kedai2 lain,negative
Makanan mmg sedap sangat2..mmg puas hati  harga pn murah..layanan mmg trbaik,positive
Makanan kampung .MMG terbaik,positive
Makanan sedap. Banyak pilihan. Harga berpatutan. Staff membantu. Tuan kedai baik. Cuma jangan perli pick hours. Orang penuh tak ada tempat duduk. Delicious food. Many options. Affordable. The staff is helpful. Good shop owner. Just dont have to pick hours. Full of people with no seats.,positive
"Nak makan kat sini lagiiiii... Pleaseee.. sedap, murah & banyak pilihan lauk.",positive
"Nice place,  masakan pun best.  Harga pun sgt nice. Terbaik.  Kipidap guyss.",positive
"Selalu lunch sini.. Best place, harga berpatutan & awek2 lawa.",positive
Masakan kampung sedap.harga berpatutan.parking luas.,positive
Sop terbaik kodai ni... makanan pun sodap..rugi sapo yg dtg perlis tk singah..paking keto luas...selasa sangat2..tempat pun bersih,negative
Tempat makan tengahari yg best.. Banyak pilihan,positive
"Pilihan lauk banyak. Staff sangat polite, friendly & efficient. SOP control sangat baik.",positive
Puas hati makan kt sini. Kedai bersih. Lokasi strategik. Staff peramah. Macam2 masakan ado. Harga berpatutan. Sangat menyenangkan. Terbaik owner,positive
One of the best lunch nasi campur in Perlis,positive
Banyak menu pilihan...sedap2..,positive
Sedap. Xmau kata apa.. hampa mai jea laa rasa,positive
Makanan terbaik...make sure datang awal!,positive
Antara kedai masakan kampung yg terbaik di perlis,positive
"Makanan sedap n murahhhh.. Somi amik cencaru bakar,kerabu pelam Saya kerabu,sup sayur tauhu telur, ayam goreng berempah, hati masak kicap sikit Rm14 ja",positive
Selesa..sangat patuh sop musim covid,negative
Makanan selera melayu. Lauk pauk banyak pilihan. Harga berpatutan.,positive
alhamdulillah harga berpatutan dan sedap..,positive
Makan sini pun sedap. Mcm2 ada. Sy bagi 5ha.,positive
Menu macam2 ada.. Sampai tak tau nak pilih la.. Semua sedap2 belaka,positive
Masakan kampung yang sungguh menyelerakan,positive
Saya suka je...orang cakap mahal...tapi ok je kot....kalo tuan kedai rendahkn harga utk sume bnda yg dijual...lg elok...,positive
Sedap sesuaai dimakan semua kaum diMalaysia.,negative
"Lauk pauk semua sedap, kedai selesa.",positive
Lauk byk betul..,positive
"Dah dua kali datang sini, servis sangat mesra, pilihan lauk pauk yang banyak, pelbagai jenis kerabu dan ikan bakar segar. Mesti datang sekiranya sampai ke Kangar.",positive
Menu pelbagai dengan masakan yang cukup rasa..,positive
Terbaik...makan tengah Hari dgn lauk pauk bermacam2 jenis...HARGA berpatutan,positive
Banyak jenis lauk dan ulam. Ada ruang makan aircond.,negative
Banyak pilihan harga mesra rakyat padu bebbbb Alhamdulillah...,positive
terbaik makanan sedap hargaaa murahh,positive
Aneka Pilihan Lauk campur.. Sayur2 ikan boleh dikatakan macm2 lah ada.. xkira dgn extra kedai2 yg bukak sprti sate n etc.. Harga ? ofcos lah berbaloi 2 rugi kalau xtryy.. rasa pon sedappp,negative
Makanan yang sedap dan murah,positive
Restoran Suri Masakan Melayu Asli,positive
Menu dan harga terbaik,positive
Tempat makan tengah hari dan setiap hari makan di sini..,positive
Makanan sedap dan banyak pilihan.,positive
"Makanan pelbagai dan sedap.Pekerja pun cekap.Cashier ramah. Ruang makan selesa, suasana dihiasi dengan pokok-pokok hiasan yang menarik dan mewujudkan suasana tenang dan segar.Parkir kereta pun luas.Waktu puncak mmg ramai pelanggan.",positive
"Lauk manis sangat. Semua lauk & kuah nampak mcm pedas, tapi sebenarnya manis. Kalah lauk kelantan dia punya manis. Tapi servis memang baekk ah. Air SIRAP & air suam FREEEEEE",negative
"Kalau mai Perlis, wajib try",positive
Masakan kampung yang super sedap...,positive
parking yang luas,positive
makanan sedap dan harga berpatutan,positive
Mai awal.. Lauk bnyk,negative
Sedap dan berbaloi..,positive
Lauk pauk sedap + banyak pilihan,positive
"Servis terbaik, tempat yg selesa, makanan pelbagai dan sedap dan harga yang berpatutan.",positive
Masakan sedap dan sangat padu. Harga yang berpatutan.,positive
Actually kedai ni memang dah buka lama dah tahun berapa tah x ingat.. Btw restoran ni restoran nasi campur. Ada pelbagai aneka pilihan lauk pauk yang tersedia.. Waiter semua ramah ramah... Facility cukup ada tandas tu kira dah oke Ada tmpat makan vip ( kena booking dulu),positive
Tempat makan tengahari terbaik... Nice place..,positive
Restoran yg terbaik dalam negeri perlis. Menu banyak pilihan. Harga amat memuaskan.,positive
tempat terbaik utk makan bersama keluarga.. makanan selera kampung yg sgt sedap.. tahniah restoran suri..,positive
Sedap dan byk pilihan.,positive
Sekali sekala jamu selera kampung..pelbagai kerabu dkt suri..terbaik,positive
Pekasam dia torbaik,negative
"Pelbagai lauk pauk, panggang, bakar, desert, air kelapa, dll. Ramai pengunjung sbb sedap dan tak mahal. Recommend.",negative
Memang terbaik makanan kat sini..ramai pelanggan datang.Harga makanan yg murah dan sedap.boleh datang lagi jika ke perlis....suggested sgt....,positive
Lauk jenuh. Nak makan pon susah nak pilih lauk. :D,negative
"Assalamu alaikum, restoron suri menjadi pilihan atas beberapa faktor, banyak pilihan lauk paut nya, bawal goring segera pon ada serta pelbagai ulam sama ada mentah atau di rebus di sedia kan juga Sambil belacan bersama budu kelate. Kedai nya bersih serta kawasan paking kereta pula luas bagi memudahkan pelangang untuk makan di restoron suri. Saya selaku pelangang yang Kekadang sampai menimati selera di tengah hari Ketika berada di kangar. Ingin menyarang agar restaurant suri Buka sekali lagi di waktu malam dengan masakan sama melebihkan kepada masakan segera. Selamat maju jaya restaurant suri. Pembubuh nasi Tuan banyak membazir. Nasi tumpah terlalu banyak. Innal mubazziri na iqwa nassyayatinn. Membazir itu sedara syaitan.",negative
"Sedap hingga menjilat jari, kampung taste",positive
"Sedap, menarik, harga berpatutan...",positive
"Makanan sangat sedap dan harga berpatutan, berbaloi",positive
Terbaik bro..,positive
Murah,positive
Masakan terbaik..kemudahan yg selesa,positive
"Betol2 masakan asli kg..menyesal klu tak singgah sini dgn lambakan lauk yg menarik..ditambah pulak dgn ulam-ulaman yg banyak semestinya segar..pilihan cili tumbuk, potong, cencaluk,cili kicap mmg terbaik..yg paling penting harga patut",negative
Sedap banyak jenis lauk,positive
Masakan sedap,positive
Masakannya manis... Bukan citarasa orang Perlis sejati... Orang Kelate pasti suka.... Maaf bukan selera org utara... Mungkin aji atau gula byk... Tak disyorkan kpd org utara... Org utara tak makan masakan manis...,negative
Manis belaka.. ikan bawal tak segar & tak panas pun. Ayaq nyiok fuhhh mahalnya.. kl baru rm4. Dasat perlis,negative
Pelbagai jenis lauk. Banyak menu pilihan.,positive
Byk pilihan,negative
"Murah sgt2, kepala ikan di bahagi dua hanya rm8/RM 10 shj. Menu pelbagai dan sgt sedap. Lokasi di tepi sawah, sgt nyaman, toilet bersih dan boleh menampung pengunjung yg ramai. Ada juga air nira dijual di pintu masuk restoran Suri. Pasti sy akan repeat lg jika berkunjung ke perlis. 5 star!!!",positive
Sedap2,positive
"Very chip price, delicious, good place. #rambangmata #airkelapasegar&sedap #semuasedap2",positive
Aneka masakan. Air sirap free,positive
"Masakan khas melayu, harga murah wajar, fresh food",positive
Tempat makan kegemaran waktu tenghari. Owner dgn staff sangat ramah dan mesra pelanggan. Yang paling penting pelbagai aneka lauk pauk yang sedap dengan harga yang boleh tahan murah sesuai taraf hidup masyarakat setempat.,positive
Tak pernah tak sedap,negative
sedap n banyak pilihan,positive
Makanan sedap.. banyak pilihan,positive
Masakan sedap boleh mai selalu.,positive
Aneka pilihan harga berpatutan,positive
"Mai lmbt lauk xde... huhu nk lunch, kna dtg awal...",negative
Baguih..,positive
Superb...lauk pauk bnyak pilihan,positive
Set ikan bawal goreng is a must try and the ayam kampung goreng berempah!,positive
Oklah,positive
"tempat makan popular di kawasan kangar.harga berpatutan.ada air sirap free.mcm2 masakan ada.ayam kampung goreng pun ada,pelbagai ulam,sambal,budu,ulam ulaman,bawal goreng.ada buah buahan juga.terbaik.",positive
Sangat suka pada kerabu yg disediakan. Ada pelbagai jenis kerabu dan sedap,positive
Makanan sedap & harga berpatutan..,positive
SEDAP DAN MURAH,positive
Lauk pauk byk.. Servis pon,positive
Kebersihan kurang memuaskan,positive
Bnyk pilihan makanan dan rasa yg memenuhi citarasa...,positive
"mknan sedap, layanan bagus.",positive
"Pilihan lauk untuk nasi campur yang banyak. Pelbagai jenis kerabu disediakan untuk pilihan pelanggan. Ambience yang selesa. Tempat parking yang luas, senang utk cari parking. Pelbagai jenis ikan bakar yang dibakar segar turut disediakan. Dibakar sejurus pelanggan order. Tempat makan yang luas.",negative
Sedap. Harga berpatutan. Ada Buah2,positive
Mcm2 lauk menjadi pilihan..mmg sedap..layanam staff pown terbaek..recommended,positive
Sedap. Recommended,positive
bnyak lauk sedap2,positive
Sedap menarik,positive
Femesss kat perliss,negative
Sedap & harga brpatutan..,positive
harga berpatutan+ sedap,positive
"Masakan biasa-biasa, tapi rasa luar biasa puas.",positive
Bersama Saiful rizal makan nasi lauk ikan keli bakar,positive
Tempat selesa,positive
"Masakan nasi campur. Ada pelbagai jenis lauk. Tempat selesa. Ada ruang berhawa dingin. Ada masakan set bawal goreng, ayam goreng, ikan keli dan daging bakar. Ada ulam-ulaman. Ada dadih, cheese cake, kuih muih tradisional dan makanan ringan. Ada buah-buahan. Konsep Restoran Suri ini lebih kurang macam Anjung Keli. Cuma saiz yang lebih kecil. Ada cendol, abc, nira segar, air kelapa segar dll. Ada minuman percuma.",positive
The best masakan kampung in Perlis..,positive
Masakan kampung yang terbaik.,positive
masakan sangat sedap,positive
Lauk semua sedap2,positive
"Masakan kampung,harga yang berpatutan,disamping berniaga owner restoren juga beramal menyediakan minuman percuma kpd pengunjung,restoren suri juga diketogeri sbagai kedai harga patut 2016",positive
Masakan yg sedap menepati citarasa melayu..harga yg berpatutan,positive
"Masakan melayu yang banyak pilihan, sesuai untuk makan tengahari",positive
"Sgt brbaloi! Mkanan sedap n Muraaah, mana nk dpt mkn lauk2 kg yg ada rasa yg sedap, hari ni mkn ikn patin dan  skli buah baru rm8 ja ada air free jika mahu,",positive
Nice restorant,positive
Rasa ori,positive
Masakan melayu tradisional. Sedap & murah.,positive
Memang sedap menu bawal goreng,positive
Berbaloi....,positive
sebelum makan kira dulu setiap pinggan senang sikit taukey nak kira,positive
"Bukan sahaja terdapat banyak pilihan lauk pauk dan ulam tetapi masakannya memang sedap, tempatnya bersih dan selesa, layanan memuaskan.",positive
Mknn fresh.. Smua sdap2 n murah,positive
"Among the best restoran masakan melayu. Pelbagai hidangan lauk, pilih aje. Sentiasa full dari pukul 11 pagi - 2 petang.",negative
Pelbagai pilihan lauk pauk masakan melayu pada harga berpatutan,positive
Masakan melayu perlis terbaik...,positive
Makanan ok...tp kena p awal. Klu p kul 1 dan keatas lauk da xbyk.. Cuma xmesra pelanggan,negative
Sedap woi..,positive
"Sedap, murah dan banyak pilihan lauk",positive
Service dan layanan dari pekerja2 yg baik.berbagai2 makanan kampung terdpt disini.utk  yg jaga kesihatan blh cuba ikan dan ayam yg dibakar serta sayur2 yg direbus pun ada.,negative
"Lauk pauk yg superb ohsem.. byk pilihan lauk, ikan bakar, sambal dan ulam ulaman. Suka ikan keli goreng sbb garing dan rasa fresh. Byk meja utk duduk. Ada jgk tersedia kiosk abc, cendol, air kelapa dan grill. Tempat yg sesuai utk membawang sambil mkn. Hehe. Tempat parking luas tp masih tak cukup luas kalau time busy. Tapi, hidung terganggu dgn bau longkang dan bau najis kucing kat tempat basuh tgn. Everthing is excellent and very worthy come at here. Will come again. Superb food for lunch at Kangar.",negative
Antara tempat makan tengah hari terbaik di Perlis. Tp kena mai awai. Mai pukoi 1 lebih pon nak start mencakaq tray lauk.,negative
Pelbagai masakan melayu dan ulam.,negative
"Tempat yang sangat disyorkan untuk mereka hendak makan makanan melayu ,pelbagai makanan dan minuman ada...",positive
Masakan kampung terbaik,positive
byk lauk,negative
Tempat masakan melayu terbaik!,positive
Bes gilo ....banyak lauk errr,negative
"Tempat best untuk makan makanan melayu, suasana tenang",positive
Makanan cepat habis kalau lambat for lunch.,negative
Truly masakan Melayu Asli,positive
Pelbagai masakan kampung. Air ais percuma,positive
Nih baru rasa masakan asli kampong style. Harga murah ... boleh jemput orang kampong datang sini ramai2.,positive
Ada pelbagai pilihan jenis makanan puas hati...,positive
Masakan dsni mmg sedap...,positive
"Masakan ala kpg mmg sedap dan harga amat berpatutan,ikan keli dan bawal panas terbaikkk",positive
Banyak sayur & ulam-ulaman... lauk-pauk masakan kampung,positive
Suri coner jln stadium utama...menyajikan berbagai masakan...dengan harga berpatutan....,positive
Layan,negative
"Harga berpatutan, masakan sedap",positive
Best dan sedap terbaikkk,positive
"Masakan yang best, terutamanya bawal goreng panas yang sedap. kalau lambat memang habis cepat",negative
"My fav place, every time datang Perlis mesti datang sini",positive
Paling banyak choice makanan dessert.. semua sedap sedap. Air pun sedap!,positive
Matcha caramel - 98% susu fresh milk 2% matcha . Matcha buat kasi warna hijau je. Sumpah tak sedap,negative
"Makanan pelbagai pilihan, air sedap.. anak melayu.",positive
Aneka makanan vendor ada di sini,positive
kemudahan utk pelanggan x dak... terutamanya toilet.. anak nk kencing pon toilet xbgi guna...alasan toilet ttp....kedai buka toilet ttp...geng kerja kencing berak kat rumah siap2 ka gena,negative
Makanan banyak pilihan..sedap2..harga pon berpatutan,positive
Menu banyak. Ada makanan berat dan ringan. Cuma tiada ram untuk kerusi roda,negative
"Good food, aiskrim sedap. Coffee bagus. Parking mudah. Staff helpfull",positive
Punya lama pinggan cawan kotor terbiar..dah kutip pun biar lama meja kotor..dulu boleh guna password wifi sekarang dah tak boleh..dah la balik kg takde internet,negative
"Sedap makanan dia, air pun sedap.. boleh pergi jauh ni",positive
Makanan sedap..Staf ramah dan senyum. Tip top. Makanan dah bertambah sekarang ni. Lagi meriah. Kena ke cafe awal sebab takut makanan habis. Sekarang cafe buat utk pick up makanan gina pager. Bila pager dah bunyi boleh datang kaunter ambik makanan yang telah dipanaskan. Agak slow sikit la sebab ramai kan. Depa akan ring pager bila air dan makanan siap. Semua makanan sedap alhamdulillah. Tempat makan boleh ke tingkat atas utk ruang yang lebih selesa. Bahagian bawah ruang tempat makan terhad.,negative
"Harga murah service slow sikit, overall",positive
Buleh la nak potong kaki dia punya manehh,negative
"Air sedap tapi lambat sangat nak siap, orang tak ramai pon. Staff perempuan tff muka kerek sangat memang tak boleh nk senyum ke. Macam dah lama perangai macam tu",negative
sedap2 semuanya,positive
Pilihan makanan yang sangat banyak. Harga pun secara average nya murah. Ambience memang tiptop. Service dan system sangat teratur. Deserves every hype they had.,positive
Bagus...banyak pilihan..kopi pun sedap,positive
Harga ok Rasa ok Order macaroni cheese and durian crepe for take away. Notice they have varieties of  biskut raya  and ready made rice. Nanti kita cuba lagi,positive
"Terbaik, jom sokong produk/ perkhidmatan orang Muslim kita, #SupportBMF",positive
banyak pilihan tapi agak lama tunggu untuk bayar. kalau improve part ni memang nice   part makanan memang recommended sebab rambang mata. banyak yang selalu dijual kat shopee pun boleh beli kat tff,positive
tff dah combine dgn leka kopi..padu,positive
Sedap and berbaloi Dari segi makanan . Harga murah Dari cafe lain,positive
Sangat best...,positive
"Terbaikk, tahniah kepada pengurusan. Kualiti servis & makanan masih cekap & sedap. Ayuh sokong produk & perkhidmatan Muslim. Siapa lagi nak sokong kalau bukan kita. #SokongBMF #SupportBMF Recommanded for traveller",positive
"Seblah pusat internet komuniti, x pernah Mai lg sebab busy  bagi 1 bintang dulu",negative
Tempat yang selesa untuk lepak. Minuman sedap. Recommend to cuba,positive
Makanan kat sini sedap2 belaka.. Mai sini mesti oder kopi float.. Mabeles,positive
"Sedap, banyak pilihan, tempat selesa & cantik",positive
Air sedap .. cuma bila nk bayar kat kaunter tu agak lambat n lama .. terutama lunch hour. harap boleh di baiki untuk akan datang .contoh nya di kaunter ada 2 orng ke.   Untuk kira makanan sorng dan  untuk bungkus makanan dan bungkus cookies sorang.    Mungkin lebih cepat.,negative
Sedapla jugak ayaq dia. Kek br try rainbow kek sedap.,negative
Cafe yang santai mempunyai pelbagai pilihan makanan yg sedap serta berkualiti.. Tahap kebersihan yang terbaik,positive
Cafe agak pack dan busy. Makanan pelbagai. Staff mesra pelangan. Makanan overall okay . The cafe is a bit packed and busy.  Diverse food.  Customer friendly staff.  Food overall okay,negative
Servis kena pantas lagi. Yg lain mantap,positive
"Makanan pelbagai, untuk minuman boleh dikategorikan baik berbanding tealive. Harga berpatutan, makanan dibungkus kemas. Bahagian bawah premis untuk jualan barangan dan minuman, bahagian atas dijadikan tempat makan. Keseluruhan boleh ditambah baik lagi servis. Staff pun mesra dan berpengetahuan.",positive
"Bnyk variety kek , smua best ayaq pun mur mur jaaa , cookies pun dap",positive
Banyak pilihan,positive
"Banyak pilihan takeaway food, sapa teringin kuih raya boleh cari sini..ada tpt dine diatas.. coffee for me just normal not wow.. tidak mengecewakan dan tidak la Wow ..",negative
makanan berbaloi dengan harga..,positive
berbaloi dengan harga...,positive
Makanan mostly vendor kat sini.. Ada yg sedap ada yg biasa biasa.. But the drinks tff cafe the best.. Harga berpatutan,positive
Konsep kedai menarik...bnyak makanan yang dijual dengan harga yang berpatutuan...lokasi kedai pon strategik dan dekatvdengan kawasan perumahan awam,positive
Banyak pilihan..bagus..,positive
"Ada banyak jenis air utk order, ada kek dan banyak makanan berat jugak dlm bekas plastik, boleh microwave. Tapi haritu pergi masih tak boleh dine in",negative
"ok juga,banyak pilihan kek dan pelbagai lagi makanan pencuci mulut",negative
Makanan sedap dan berbaloi,positive
Cafe yang terbaik. Harga memang berpatutan sekali. Cafe mesra  pelanggan. Kualiti makanan amat memuaskan.,positive
Mantap terbaik,positive
Order Foodpanda self pick up pukul 6. Datang Cafe nak pickup kena tunggu sampai pukul 7.10 pulak.,negative
Terbaikkk,positive
"Sistem order air yang tak sistematik langsung... pelanggan ramai , patut lepas order tu bagi resit senang nak trace balik . kedai tu okay makanan banyak jenis boleh pilih selalu beli cookies kat sini . Sila improve",positive
tempat makan selesa,positive
"Tak pernah beli lagi makanan dia kat sini. Beli air je, tapi suka vibe dalam kedai. Ada tingkat atas , boleh lepak sambil makan makanan yang diorang panaskan (makanan semua boleh pilih dari peti) ada spageti memacam jenis , kek , kerepek. Air dia paling aku suka coklat blended (tak ingat nama sebenar) dan juga mangga. Fresh tak sangga. I like",negative
Murah dan sedap! Memang terbaik,positive
Salah 1 kedai WAJIB singgah utk dptkan manisan dan pelbagai latest menu in Perth Lace...tuan penasihat..25%,negative
Padu..smua best,positive
Seronok,positive
Bihun sup,positive
Service lambat..  kena cepat skit buat air. Menunggu 15 minit .,negative
Semua makanan dan minuman di sini overrated dan tak sedap.,negative
"In love sangat dengan beverages & desserts dia. Sangat2 suggest to try is the Grasa chip chocolate biscuit tu. Terlazat diabad ini. Cuma 1 je, i hope sgt in future TFF blh masukkan menu makanan yg dlm peti ais tu dkt dlm menu in FoodPanda, means customer blh order dr rumah.",negative
Mantap dan sedap...,positive
Tempat me time lepas balik kerja,negative
"Terbaik. Makanan sedap, kek sama taraf secret recepi. Berbaloi dgn harga. Recommended sgt2",positive
"Cafe deco simple sahaja. Konsep dine in makan dalam tupperware (menu macam spagetti, meatball dll)",positive
best place to mengopi di kangar..dtg awal bnyk choice kek..,negative
Best hhaha saya sukaaa,positive
Opkos la semua sedap2,positive
Kek red velvet  sedap .banyak tempat duduk. Nice place to visit. Coffee laate sedap jugak.but x sesuai kalau family besar nk mkn sini.kalau nk chill2 sesuai la.,positive
tempat cantik! makanan pun sedap dan harga pun oklah,positive
"Kalau nk mkn kat situ lebih baik thari dan ptg, stok mknan akan sampai waktu thari. Sistem no kadang2 akan ikut no dipaparkan. Kdg2 panggil dgn mulut",positive
Tempat selesa..semua jenis kek  air n makanan lainmmg terbaik n mantopppp...I love tff cafe,positive
Sedap juga..,positive
Sy suka kopi kat sini. Best..,positive
Pelbagai pilihan makanan. Ais krim teh hijau yang paling best. Tapi masa menunggu hampir 30 minit untuk semangkuk aiskrim. Harap boleh diperbaiki,positive
Caramel machiato vs starbuck mmg jauh jugak rasa dan nikmat tu.. Tp berbloi la dgn harga.,positive
Mantap sedap,positive
"Tempat makan selesa ada a/c, greentea frappe sedap tak manis sangat, just nice    banyak pilihan makanan, western food, desert, biskut, dan macam2 lagi . Memang terbaik . Boleh buat port lepak . Harga pon tak mahal sangat, dan amat sangat berpatutan ya . Sekian terima kasih",negative
Lama tunggu lebih 30 minit,negative
Semua sedap. Especially tauhu bergedil dan kopi kampung,positive
Cake dap em. Latte pun ngam,positive
Makanan sedap pastu perniagaan dia bijak,positive
Makanan2 yang sangat berbaloi,positive
"makanan menarik2 dan sedap. Jangan lupa dapatkan Rempeyek Ketagih Cheese Tomato Spicy dengan harga RM25 500gram. Dah makan sekeping, habis sebalang.",negative
cafe terbaik.. mcm2 ada.. semua sedap2,positive
"Sedap, harga murah stading Starbucks",positive
Air yg enak. Makanan yg sedap. Tempat yg selesa. Staf yg baik. Semoga ada lebih kemajuan di masa hadapan. Love this cafe so much..,positive
Starbucks of Perlis. Cant deny the quality. Good job anak melayu,positive
Nyum nyum kenyang beb,positive
"The best cafe in perlis. Semua cookies dan kek sangat sedap. Very recommended. Pelbagai jenis kek ada, lagi sedap dari secret recipe. Takkan menyesal kalau datang sini, sambil2 makan kek kena dengan mango shake, terbaik. Rasa mango shakenya mmg ori buah, dan xmanis. Ada aiskrim skali dia letak. Latte juga sedap, smooth lebih kurang macam starbuck dah. Kalau datang sini juga, jangan lupa beli cookies yg sedap macam mini grasa dan dernmak yummies. Satu balang RM15 sahaja.",negative
wow..cafe dia sangat best gila!! food punya banyak n sedap! kek super delicious. burn cheesecake terbaik. creep cake pun terbaik.,negative
Saya rekemen utk try green tea ice blended.,positive
"Sedap sngt, nty nk repeat lagi",positive
"pelbagai jenis makanan tempatan dan barat dalam satu kedai.ada kek,kuih,spaghetti dan lain2.",negative
Kek sedap.. Boleh cuba lg,positive
"Serve frozen food cam blackpepper meatball, variasi pasta, dim sum, chicken grill juat pilih apa yg nak then nanti diaorg akan panaskan... utk dimakan sesuai utk yg nk cepat ..rush lunch.. pasta rate 3 star je, minuman plak semuanya sedap 5 star , meatball yg rm10 sedap! Cake slice  5 star... lain2 cakes yg 3 star je.. so average 4star la... oh ya ada cookies gak blom try semuanya tapi semuanya nampak macam sedap! penah beli choc chips cookies ja sgt byk chips yummy! Restaurant nice n cozi!",positive
Sedapp kek cuma soda ribena tu kurang ummphh ckit...kordial sikit sgt,negative
Ni tmpat seller fast food berkumpul.... Mksud aku seller tk makann kat sini and tff tolong jual...,negative
Semua ada... Best2... Cuma kalau pegi selalu penuh... Tapi tu tanda mmg best la tempat tu...,positive
Terbaik... Sedap semua,positive
Sedap sgt sgt,positive
Bad taste,positive
Nama kedai pon dah lain mcm.. Apa yg best kat sini.. Manggo shake dia.. Sedap walahhh... Harga standart la.. Nm pon cafe...,positive
kedai yang cantik dan selesa. pilihan kek yang banyak. tak rugi datang sini. recommended!,positive
Kek okay.. Tapi yg lain so2 jeee huhuhuhuhu,positive
Love it..byk pilihan,positive
Makanan kt sini semua sedap2 belaka..,positive
Kek byk choice and sedap2,positive
Suka,positive
Nak lepak jumpa client memang sesuai,positive
Makanan sedap. Service bagus. Keria gula melaka sedap. Sesuai untuk santai.,positive
banyak pilihan,positive
Banyak makanan sedap,positive
internasional.....,negative
biskut sedap,positive
Power bak ang,negative
Sedap  harga x mahal  welldone kualiti cegini,positive
"Banyak pilihan makanan, pavlova coklat sedapp",positive
Mocha ice kureng    ..agak pahit..nasi ayam penyet terbaik,positive
"Signature drinks di sini adalah Manggo Shake. Sedap dan lemak. Konsep macam Cafe Hispter. Santai. Pelbagai jenis makanan. Ada bebola pelbagai citarasa, spagheti, fettuccini, ayam grill, macaroni cheese, popia vietnam, chicken salad. Ada cookies dan kek.",positive
Kopi kaw,positive
"Coconut milk shake SEDAP,",positive
#longblack2shot #basqueburnicheesecake #tffcafe #kangarperlis,positive
Suka.  Makanan byk,positive
cake banyak pilihan..best...milkshake pon sedp...xterlalu manis..,positive
tempat yang menarik untuk minum sambil santai. konsep hiasan yang menarik.,positive
Banyak pilihannn...i likeee manggo shake terbaikk dari ladang,positive
"Nice cafe, minuman sedap, dessert banyak pilihan dari kek hingga ke cookies, makanan ready to eat x de makanan masakan cuma untuk dipanaskan semula. Tapi semua sedap dan berbaloi disini",positive
"Bagi aku ok coconut shake dia,bab ada isi nyok goreng hehehe",positive
"Alahai, capati lembut tapi kecil dan nipis. Layanan sangat tidak mesra. Order air hingga siap makan pun tak sampai-sampai. Sangat tidak puashati dengan kedai ini.",negative
Sedap.. Capati lembut sgt,positive
Sedap oi.kena mai lagi,positive
Capati kuah sardin rekeman sangat sedap dan lembut...nasi lemak juga sedap ...ramai orang waktu pagi,positive
"Capati dan sardin sedap, kotiau sedap cuma lebih kuah.",positive
Nice utk breakfast. Tambah baik lg. Akan singgah lg Di masa akan dtg.,positive
"Tarikh kami p : 30.12.2023 Sabtu, 9.30pm Capati elok lembut.. Kuah sardin termanis sikit je.. Org ramai.. Jadi lama sikit la menunggu.. Paling tak leh lupa, NASI GORENG DAGING dia ya ampun.. Sedap gilaaaa..",positive
Tak kedekut kuah sardin..,negative
"Roti capati, mmg TERBAIK. Ada 2 pilihan kuah: sardin dan kari ayam. Perlu sabar sket sebab capati dimasak dengan hanya menggunakan 2 kuali je. Tp, tangan tukang masak mmg laju, sangat cekap.",positive
"Capati melayu memang sedap.. Cuma Kuan ada dua pilihan Sardin dan kari ayam... Service pun bagus.. Air sedap.. Nasi lemak bungkus kecil,kena makan dua bungkus baru ngam..",positive
Capati lembut,positive
"Capati Labu Sayong ni memang tempat favourite dari dulu lagi  Capati sedap,goreng2 sedap dan ada yong tau fu juga.. Semua terbaik",positive
Capati dengan kuah kari sardin sedap. Nasi lemak bungkus yang sedap dengan 3 pilihan lauk .,positive
Makanan sedap dan berbaloi. Servis cepat!,positive
Kedai warung klasik yang menyajikan capati di Persiaran Makanan Bintong. Nak makan capati Melayu boleh datang sini. Kalau cuti panjang selalunya akan penuh dengan org luar. Kena tunggu lama sikit kalau datang waktu pagi.,positive
Cepat dan sedap. Capati lembut. Nasik lemak rm2 telur separuh. Kenyang mkn,positive
Capati sedap,positive
"kuah kena pelbagai sikit ja lagi,sardin dgn isi dia skali, kuah kari daging ka kambing ka skali isi...surrrr, capati lembut",positive
Masakan malam ada panas2 goreng2 dari stall tepi tue. Capati masih ada malam. Nasi lemak bungkus pun ada atas meja. Air order kt owner kedai.,positive
Capatinya sedap  lembut gebu terasa cair di mulut dicicah dengan kuah sardin yg banyak isi   kuah ayam pun banyak juga isi Makanan cepat smpai servic bagus Saya sekeluarga 5 orang puas hati makan dan akan datang semula,negative
Capati sedap...serve cepat..harga standard..tempat selesa,positive
Sedap gila.. daging bakaq depan kedai pun sedap jugak,negative
Capati yang sedap dan lembut dgn kuah sardin.,positive
Sedap. Roti telur rangup. Capati pun boleh tahan. Santai je makan.,positive
capati memang paling sedap sangat recommended. cuma service kurang mesra. kena lebihkan senyuman ketika interact dgn pelanggan,positive
Delicious capati and roti telur...,positive
Capati wajib try wkwkwkw,negative
Capati dia memang sempoi. Minima 4 keping woo. Mantap!,positive
"Makanan sedap (sarapan pagi ),harga murah layanan   kt sini kita blh lihat penggunaan gelas \ cawan yg pelbagai model,bentuk & klasik..",positive
capati dia lembut bakhang! sdap,positive
Chapati sedap.,positive
Capati terbaik stkt yg sy pernah rasa...2 hari berturut bfast kat situ,positive
sarapan pagi roti canai sarang burung.,positive
Capati dia memang lembut. Wife yang tak suka capati pun boleh tambah.,negative
Sedappp... Balik kampung je mesti singgah sini bawa adik beradik mak ayah.... Terbaikkkkk,positive
Roti canai sardin yang gebu dan garing. Capati pun sedap. Harga berpatutan.,positive
Anak memang suka capati sini. Habis tambah habis tambah.,negative
Recommended! Satu keping tak cukup. Goreng goreng pun sedap,positive
Capati lembut.elok.kuah baik.cuma kalu tambah banyak sikit pilihan makanan..lebih baik.skrg x ada apa.,positive
Capati kuah sardin & kari ayam sedap & boleh diterima selera kami. Servis pun cepat sebab abg yang buat capati tu mmg expert. Harga pun sangat berpatutan.,positive
"Capati lembut dan sedap. Pelanggan sentiasa ramai tapi tak perlu tunggu lama sangat. Ada nasik lemak, kuih muih, bubur dll juga di meja depan untuk pilihan lain. Recommended",positive
Makanan Alathai,positive
"Padu baqhang capati kuah sardin, patut memba oder sorang 3set, takdan 5minit cerahhh. Mantap boleh repeat n rekemen. Tempat pun ok, cuma kalau naik kereta tu susah sikit la nak parking hehehe tepi jalan kan.",positive
Capati yg sedap,positive
Capati sini sedap. Saya beli 20 biji buat mkn family. Nanti nak cuba mee udang dan goreng goreng lak,positive
Capatinya lembut bersama kuah sardin atau ayam..bawak balik pon makan esok pagi masih lembut goreng2 pon ade daging salai danok pon ade..,positive
"Sentiasa ramai pelanggan , makanan sedap .. perkhidmatan terbaik fasiliti lengkap suasana menenangkan dengan keindahan Bukit,",positive
Capati memang sedap. Terbaik. Lembut,positive
"The best capati,lembut dan sedap kena pulak dgn kuah sardin perghhhh..tapi kena bersabar tunggu",positive
"Sapa mai Bintong Perlis wajib singgap sini! Capati ummphh! Kuah tu mngkin blh bg kick lg,makanan panas kena cargas skit hehe",positive
"Capati kecik dan nipis bebenau. Nak nangis hakak nengok capati ko dek cicah dgn kuah daging dan sardin lak hanyutttt dek oii.. chair dan manis. Nasib baik Air Nescafee ko  sedap dek oii. Layanan kowang dah ok, cuma kowang kene modified capati dan kuah2 ko tuh.. hakak terpaksa bagi 2bintang dek. Lps 6 bulan hakak singgah lagi yer. Lagi satu, kowang kene jalan2 Cari makan dan rasa resepi pengusaha yg lain kalau nk maju. Apapun, keep it up dek ehhh...Maaf laa gambau x der nk post sbb sedey benau hakak nengok capati kowang..ciaciacia",negative
Sedap..bukan utk breakfast shj lunch pun ada,positive
Capati sardin + limau ais = Rm3.50,positive
"Capati paling famous dan sedapp, kami order 20 keeping sebab sedap giler",negative
"Makanan ok. Kuah sardin sedap. Lain2 takde masalah. Cuma toilet je, kotor. Harap perbaiki",negative
Capati kuah sardin mmg mantap. Nasi dagin bakaq order kt sebelah.... Pun padu,positive
"Lembab.. sumpah lembab. Hantar makanan carca merba tak ikut turn. Attitude hauk! Sampai sejam lebih baru hantar, itupun kena pergi tanya. Tak yah caya dengan ramai orang sebab masing-masing tunggu makanan tak sampai. Satu bintang sebab cicah sardin sedap.",positive
Kalau orang ramai masa menunggu boleh tahan...kedai ni ramai sbb kena tunggu lama.. rasa dia dah average biasa2 dah sbb tunggu lama..,negative
Capati dgn pilihan kuah kari ayam dan kuah sardin memang AAA,positive
Lambat. Dah sejam tunggu tak sampai lagi.,negative
Makanan sedap dan pelbagai,positive
Capati Melayu yg sedap dengan kuah sardin,positive
Sedapp terbaik Makanan disini adalah tempat persiaran makanan Bintong Di Perlis1,positive
Macam saya komen sebelum ni. Bab makan saya tak memilih sangat. Kawan kawan kata makan nasi goreng kurang sedap. Saya makan ok saja. Nasi goreng seafood.,positive
"Kedai Capati yang sedap , tapi makanan lain perlu diperbaiki lagi, tempat yang luas dan selesa , servis sederhana.",positive
Capati melayu sedap tpi comel jee... & nasi lemak bgks kecik pun sedap lmbt abis...,negative
"Terbaik, pendapat saya capati dia mesti kena order lebih daripada satu untuk kenyang, lepastu ada juga menu lain yang boleh try.",positive
Memang best capati nya. Order sampai banyak keping. Kari ayam perghhhhh,positive
Capati dia mmg sedap.. you tau foo pun sedap cuma tmpt sempit.. kena makan atas longkang yg ada bau jugak la...,negative
Lik,negative
Nasi girwng n mee udang special mmg sedapp. Terbaik,positive
Capati yang sedap.. panas serta kuah yang memikat selera.. juga terdapat hidangan lain yg umphhhh   sila cuba mee udang,positive
The best capati in town. 1 keping RM2. Kuah sardin yang sangat sedap.,positive
Best capati. Ada cikmak singgit. Jugak. Worth  your money.,positive
"Capati lembut mendamaikan, cicah dengan kari sardin tatkala gerimis pagi. Mm",negative
Chappati Sedap,positive
"Terbaik,semua staff peramah",positive
Sedap dan harga berpatutan,positive
Capati lembut dan kuah cicah pn sedap. Kuih2 pn sedap dan berlemak. Harga sgt2 murah kalo nk dibandingkn kt KL.,positive
Service laju and capati dgn roti arab dia sumpah sedap... Kuah sardin or ayam yall,positive
Capati paling sedap dalam dunia! Capati India pun kalah.,negative
"Chapati lembut, wangi n sedap",positive
Terbaik la punya capati,positive
Lauk menarik,positive
"Keadaan kedai yg cukup bersih,indah dan menenangkan sewaktu kita makan,dan makanan yg dioder baru dimasak,maksunya fresh and hot,fantastik.in perlis,may Allah bless the shop",positive
Chapati paling sedap dalam perlis,positive
Everything just nice especially roti capati & kuah sardin .,positive
Gud,positive
Capati sedap..satey sebelah kedai pn sedap,positive
Capati paling Nipis n Kecik,positive
Capati mmg terbaik kt area bintong ni..klau ble prlbagaikan menu capati ni msti lg best,positive
capati sedap..,positive
Sedap tapi tak boleh beat capati ceria kat baling..,positive
Murah sangat and sedap...,positive
"Capati sini memang sedap... Makan dekat situ, terus tapau bawak balik...",positive
Sedap..bleh dtg lagi kalau ke perlis,positive
Nice capati!!,positive
Kuah sardin memang best...,positive
Padu kot... Roti arab kuah sardin 5 star... Capati kuah kari ayam 5 star... Nasi lemak sambal bilis 4 star... Kena repeat lg nie... tq,positive
"Nice capati and roti arab. Nasi lemak RM1 also not bad, not spicy.",positive
Dl ok aku dok mkn capati. Skrg da keras kejung capati. Dgn kuah tiba2 manis bagai. Pakai dok dah la main mkn. Patut la mak aku da tak mau mai cini.,positive
Tempat yang selesa. Capati pon sedap,positive
Keenakan mee udang tak dapat dilupakan,negative
Barang mudah diperolehi,positive
Sangat sedap... Especially gulai ikan nyok2.capati torbaek...teh tarik buih sgt sedap. Gorengan 5*. Jenis sup or berkuah sgt menyelerakan.. 5* untuk capati Labu sayung,negative
Good capati,positive
Capati yang lembut & sedap.,positive
Love the capati tapi sayang gulai kambing takde,positive
Sedappp..,positive
Biasa2 je...harga pun bukan nye murah...baik gi kedai sebelah mkn roti canai melayu jugak,positive
Capatinya lembut.. Kuah sardin dan ayam sedap..,positive
Soft fluffy capati tapi one small request...kuah kasi panas sikit..,negative
Sedap bihun kuah telor sebiji,positive
Ok lah.. murah.. rm2 je sebijik... rasa ok ok je.. buat breakfast seblom gi office capati sardin sedap tapi byk bawang capati ayam ada ayam comel seketul..,positive
Capati baik.. kuah je makin cair dr tahun2 lepas.. ill give 5 star if u improve ur kuah sardin.. overall.. baik!,positive
Capati paling lembut saya pernah rasa setakat ini di mana mana...very special.,positive
Nice capati.,positive
Capati menepati citarasa dgn jari sardin,positive
Set gulai panas lambat sikit sampai. Tp capati superb dibaluti kuah sardin,positive
Rasa capati yang sngt lembut dn kuah yg sangat sedap. Recommended!!!,positive
Makanan banyak yg sedap,positive
Steady abg tu tebor capati..tepok2..msk...siapp..cicah lak gn kuah kari/saden..kene gn nes tarik panas..,positive
Kena jaga2 dgn kucing kencing merata,negative
Menu utama tentunya chapati.,positive
Capati labu sayung,positive
Capati dia terbaik bag ang,positive
Capati best!,positive
capati sedap,positive
Okok aja,positive
Capati yang lembut. Tak cukup satu.,negative
"Sorry to say..capati labu sayong dh xmcm dulu. Order capati sardin tp dpt capati bawang. Disebabkan ank suka mkn, so tpaksa la hadap walaupun capati sardin btukar jd capati bawang",positive
Semua makanan di situ lazat. Antara capatu paling lazat di perlis,positive
Roti lembut & sedap walaupun dah sejuk.,positive
Capati sedappppp,positive
Sedap! Mmg patut cuba,positive
Sedap!!!  Ada pilihan kuah samada sardin or kari ayam,positive
"Capati dan kari atau gulai temenung, terbaik.",positive
Sedap..,positive
Capati kuah sardin,positive
Penyediaan tempat dan makanan yg di order amat memuaskan.,positive
sedap... yum.. yum..,positive
Capati Labu Sayong & Nasi Gulai Panas,positive
Sedap capati dia..,positive
Capati dia memang urmmmphhhh !,positive
Makanan best,positive
Capati dia mmg A... 1 kompem x cukup...,positive
Empangan timah tasoh,negative
"Makan capati panas-panas di pagi hari memang sedap, kuah dia memang tiptop pekat. Order sekeping biasanya tak cukup. Capati nipis sedang elok tak tebal sangat jadi memang terbaiklah.",positive
"Tmpt wajib pergi stiap minggu sbb capati sdp,lmbut mkn panas2 cicah kuah sardin..Nasi goreng pn sdp jg..",positive
Capati dia lembut .. best,positive
Capati yang marvelous,positive
Tempat strategik..cuma parking kurang..tepi jalan..,negative
Sarapan pagi capati secara santai dihujung minggu dan pagi hari di sini terasa relex..,negative
"sedap,cepat dan murah..",positive
Boleh tahan,positive
Masakan panas dan gulai panas terbaik lah capati pon sedap..puas hati sgt,positive
Capati terbaik d kngar..,positive
sedap dan menarik,positive
Capati terrrrrbaekkkk di Kangaq,positive
Ok ja,positive
Saya suka makanan2 dkt sini. Semua sedap! Dan portion makanan bg saya sgt puas hati!    Waiter2 semua alert ya wlaupun ramai org. Harga sgt berpatutan. Mmg saya lock! Terima kasih semua!,positive
"Pelbagai menu makanan Ada disini , Yong tau foo memang terbaik , Ada juga western food , malays food , Dan pelbagai lagi , fasiliti lengkap kemudahan disediakan terbaik perkhidmatan terbaik layanan pekerja cemerlang",negative
"Love the yong tau fu, sos dia sedap banyak pilihan makanan cuma servis agak slow sebab ramai orang",positive
Ada pengalaman kurang memuaskan selepas makan di sini,negative
"Kedai paling teruk yg ada di perlis bad service, grab nk pickup makanan dari asar smpai maghrib tak siap2 lpstu siap air je dulu smpai cair air tu lps siap makanan tak lengkap semua, boleh pulak dia tnya tunggu apa lagi padahal tak lengkap smua order lagi!!",negative
Lembab,negative
"Service zero. Ambik order tak reti, org nk bayar pon x reti nk ke kaunter. Pekerja lain tengok saja sibuk bergosip dkt meja depan.",negative
Maaf rate untuk service kalini agak kecewa. Selalu dtg mkn sini tp ptg ni layanan staff tidak memuaskan Sebelum ni layanan staff amat memuaskan tetapi tidak untuk harini. Suami saya bertanya dekat adik yang tengah susun barang2 untuk yong tofu tp tidak diendahkan langsung padahal suami mengulang pertanyaan banyak kali dihadapan staff terbabit.staff tersebut hanya memandang kosong dan membiarkan suami tertanya2 tanpa dapat jawapan Padahal soalan suami hanya lah boleh dah ke pilih untuk membeli yong tofu Harap en kamarudin dpt memantau staff2 di kedai..terima kasih,negative
Cepat n makan pown pelbagai n sedap goreng2 ...yong tau foo sgt recommended ...,positive
Sejam tggu makanan sampai.. Order nasi putih + sup daging..sup daging samp..nasi putih stngah jam baru sampai.. Nsi goreng stngah jam tggu..makanan sy snri sejam bru samp..tp bgkus.. Sy ckap nk mkan sini bukan bgkus.. Dgan muka belagak irg keja dia jwab mna sy taw..sy mai hntaq ja.. Trus dia blah...say sorry apa pun dak.. Last jejak kaki kt sini!,negative
Customer kna jaga bila meniaga ni... Request nk tambah mangkuk plastik pakai buang pun kedekut.. X dapt sampai kesudah... Nk hirup juga sup tu.. Bila dh kaya raya sevis ke laut... Customer nk mai xpa tk mo mai pun xpa..,negative
"pekerja sangat tak ramah, tak ramai orang pon tapi terpaling busy, makanan itu ini takde padahal belum pukul 8 dah habis hm sangat laku keras. Laicikang rm5 tapi portion dalam mangkuk plastik kenduri   baru nak order makanan yg semua macam dah habis pon tak sempat sebab pekerja sangat busy dengan customer yang tak ramai bad food can be accepted but bad services is a BIG NO!!!",negative
"alot alot of choices!!! yong tau fu, nasi goreng, mee kari, mee rebus, satay, western food. Makan tenghari nasi campir pun best juga sini. Banyak pilihan lauk pauk masakan pun boleh tahan.",positive
Sedap jgk,positive
"first time dtg sini,byk pilihan makanan boleh pilih..yang nak bawak family memang sesuai sngat lah,tempat pon selesa,makanan punn sedap2 mmg berbaloi dengan harga paling best abc dia memang padu",positive
Beli nasi ayam penyet kali ni dapat ayam kecik macam ni ja. 12 ringit. Kalau tidak ayam sebelah peha.,negative
"Order bungkus.. Tggu lebih setengah jam.. Kita faham order panda masuk.. Xpe boleh tggu.. Sekali lebih setengah jam tggu rupa2 dh siap lama staff biar order atas meja x cari siapa customer yg order takeaway.. Servis out.. Jenis bila order dh siap customer kena pandai2 tahu sendiri.. Kang aq tnya bnyak kali nnt kata xsabar2 plak, korg plk yg stress.. Servis tu boleh dibaiki lg.. Rajin2 tgok tmpat letak order tu.. Kalau tgok dh lama sngat order tu atas meja cari laa owner nya.. Slalu panda kena sidai mknan xsiap.. Kali ni aq kena sidai tp mkanan dh siap",negative
"Sentiasa sedap. Tiap kali balik kampung, ni port klu dah xtau nk mkn apa. Yong taufu sup, bihun sup daging dgn nasi goreng seafood, top food here. Recommended!",positive
"Kena sidai geng... kondisi kedai xramai customer, bungkus 3 makanan..nasi gorg ikan masin, 2 koteaw tomyam.. sejam kena sidai..tu pn lepas 2 kali p tnya baru dpt mknn.. order laicikang nk minum smbil tggu order..stgh jam baru smpai.. highly not recomended klau kdai masih xtau nk brubah.. sudah beberapa kali kena sidai..",negative
Masakan panas sedap,positive
Terbaik yong tau fo sedap,positive
"Indah khabar dari rupa...sekadar boleh makan tapi servis sangat teruk...kami macam halimunan..kena panggil untuk datang ambil order...ais kacang dan lai chi kang sampai sudah tak dapat2...bila tanya, alasan : staf yang buat, keluar...tapi tak reti nak beritahu.",negative
Yong tau foo sedap. Ada pelbagai menu,positive
layanan bagus tempat selesa. pekerja mesra.,positive
Maaf tumpang tnya. .milo panas gelas dgn teh tarik gelas harga 4ringgit ke secawan. . Saya minum milo gelas dgn teh tarik gelas 4ringgit.,negative
Makan semua sedap2.. Mesti makan sini everytime datang Perlis.,positive
Kedai besar..meja bnyk..bagus..rasa makanan..biasa2.. service agak kurang sedikit..,negative
harga makan dekat sini mahal sgt..rasa tak sedap dah tgh lapar...yg betul sedap chiken chp szling..  yong tau foo  pun kuah tawar... sgt2 kecewa... jauh beza review yg org bagi..,negative
service sangat slow. sejam lebih weyh tunggu. dah la tengah lapar. orang yang baru sampai pon dah dapat makanan dulu dari kami. fries saja pon smpai sejam lebih baru sampai. nasi ayam penyet tu aku taktau lah ko penyet ape sampai lama sangat.,negative
Lauk makan tengahari banyak pilihan dan sedap,positive
Makanan sesap tapi servis lambat.,negative
Macam macam makanan ada,negative
Mcm2 ada.. mee sup sdp& kuah yong tau foo pum sdp,positive
"-TEMPAT OK LUAS -SERVICE ADA MASALAH ANTARA WAITER DENGAN TUKANG MASAK , SEBAB MAKANAN SAMPAI SEJUK MAKNANYA MAKANAN DAH SIAP LAMA TAPI LAMBAT HANTAR -RASA OKLAH BIASA2 YONG TAUFU JUGA BIASA2 SAHAJA OVEROLL OK2 SAHAJA .",negative
Yong tau tu paling sedap kat perlis. Kuah dia pekat elokkk,positive
Yong tau foo kuah sdp pedas. Abc pon sedap. Nak order grg2 dia kata lambat.. Order nasi aym.. Yak matt lg lambttt... Abc dh mkn 2 habis.. Tgu 1 jam lbh.. 3x tya.. Baru dpt nc ayam. Org lain dtg bgkus bleh dpt dlu..,negative
"tengah order thru foodpanda ni, 2 jam dah padahal order 4 meal yg sama ja niat nak permudah la siap order, apahal tah lama sangat ... tapi duk tgk still open dekat fp tu padahal order sedia ada pun berejam nak siapkan... niaga bagi ikhlas sikit jgn tamak amik order banyak2 tapi tak mampu nak siapkan... update: total masa diambik 2 jam 16 minit. tak termasuk masa rider hantar",negative
Sedap makan. Kena pi siang. Malam ramai,positive
Makanan kat sini memang terbaek... Selain yong tau foo ada jugak makanan goreng dan western,positive
Makanan sedap. Cuma kalau pergi waktu kebulur tu elakkan order makanan bergoreng. Sebab lambat nau. Sempat habis air dua gelas dulu baru makanan sampai.,negative
Makanan pelbagai. Tempat duduk banyak,negative
"peniaga yg bermula dari pasar malam dan sekarang dah buka kedai. dulu satu pintu, skrg dh 3 pintu. masakan favourite saya nasi goreng kampung. updated : dah tambah satu lagi cawangan di seriab,berdepan dengan IPK Kangar,Perlis",negative
Selalu menjadi pilihan bila tak ada idea.,negative
Berselera jgk bila mkn kt sini,negative
Bihun sup dh tak sesedap dulu..,positive
Yong tau Foo...terbaik dan memuaskan,positive
"kuah yong tau foo dia sedappp, jus mangga dia pun sedap",positive
Jus Mangga RM6 terbaikkk & paduuuu,positive
Service yg sgt cepat..mknan pun sdp..keep it up,positive
Service lambat sangat,negative
Menu istimewa nya Air Sampah Memang sedap baq hang Tapi orang kate laa Aku tak minum lagi Aku diet,negative
Chicken chip tak sedap.... Orng tak ramai .meja banyak koaong ..   Tapi kata goreng2 lambat . Sbb kalut dok ligan food panda.   Geram betoi .,negative
"Ada macam2 jenis makanan, yang goreng, western, nasik campur gulai kambing, sup daging/gearbox, mee kari, dan yang paling penting yong tau foo.. setakat dok makan tak pernah tak sedap  puas makan kat sini, cuma kekadang berebut parking ja",negative
Baguss...,positive
sedapp,positive
mcm2 mkanan ada,negative
Servis cepat dan makanan sedap,positive
Makanan menarik dan sedap,positive
"Harga okay, makanan sedap, pilihan banyak, servis laju, kedai selesa.",positive
Nasi goreng kampung: Saiz hidangan semakin kecil dan tiada disertai dengan sup.,negative
owner baik,positive
"harga terlalu mahal tak padan dengan makanan,tak la sedap sangat,boleh la... air buat cincai saja... cas mahal",negative
Sedap.. boleh mai pulak,positive
"Sedap, harga berpatutan, bukan utk pedas lover. Laici kang dia nit recommended",positive
YTF terbaik di perlis dgn harga bpatutan. Dgn koteow kerang n udg yg Best...,positive
Pelayan restoran tak mesra pelanggan!!!!!,negative
toke kedai terbaikkkkk,positive
Mungkin anak beranak tokey tu kena senyum sikit laa ngn customer.. makanan sedap dah..TQ..jgn terasa,negative
"masakan sedap sedap tapi untuk cashier kiraan biar betol yaa . sbb wang yg sepatunya dipulangkan tak mencukupi . tak kisah sgt pon tp tulah klau terjadi dekat org lain takut nanti disangka penipu . so lepasni hati hati , harga dan pulangan wang baki sebaiknya dikira dengan betol okay",negative
Sedap dia punya yong tau fu. Kuah pedas dia sedap.,positive
Sllu lepak minum2 ja kt sni..Ada caw kedua kt Kangar Jaya tp xpnah la lg lepak stu,positive
"Memang terbaik, makanan dia pun sedap.orang pun ramai.",positive
Servis agak lambat. Kalau boleh jangan buat orang tunggu makanan lama.,negative
"Yong tau foo best  Koewteow goreng best, nasi goreng pun best",positive
Bihun sup padu,positive
Lambattttttt,negative
"Makanan yang sedap,harga berpatutan tapi masa menunggu agak lama",positive
"Lambat, dok pesan 30 min makanan tak sampai. Tak dicadangkan utk mkn disitu.",negative
"Layanan memuaskan , makanan pun  sedap",positive
"Makanan ok,harga pun ok",positive
(   ),positive
Makanan dgn harga berpatutan....,positive
"Yong tau foo super sedap,,pelbagai makanan lain",positive
Dunia Yong Tau Foo Jalanan,positive
tomyam seafood dgn young tau foo dia best,positive
Terbaik bang din taufu,positive
Sini makn mmg padu... Dap baq hang.... Boleh rekemen kat mmbr2....,positive
sedap dah harga berpatutan,positive
1.harga berpatutan.2.kesedapan boleh la dengan harganya.3 layanan ok la,positive
"Kat sini ada jual mee kari. Mee kari utara dia memang padu, portion besar, isi ayam pon banyak dan fishcake. Ramai orang sini",positive
"Ramai mcm mana pon, servis ttp laju..recommended yong tau fu..",positive
U can get variety of food here. Nasi ayam..bihun sup..goreng2 and so much more. Waiter angkat oder smbil mkn lollipop.hmm Fast service. Rasa ..biasa2 ja.,positive
"Yong Tau Foo biasa2 jd n harga ikut kuantiti. Pilihan lain pun ada seperti Bihun Sup (RM6), Laksa (RM4), Lai Chee Kang (RM3) dan beberapa pilihan lain atas permintaan",positive
Sedap. Byk pilihan,positive
Menu sedap. Nak rekomen kt org luaq pun berbaloi  xmalu.,positive
Macam2 menu ade....,negative
Sup dia memang powerrr,positive
sedap harga berpatutan..,positive
The best Yong Tau Fu in perlis. Harga affordable.,positive
Chiken cop kuahnya masam... Sbb apa ya,negative
Puas hati....,positive
Kedai yong tau foo terbaik. Jangan lupa pesan teh ais di sini.,positive
"Teh ais dan steak, love it.",positive
Makananbsedap,positive
"Ada yong tau foo, ada sizzling mee.",positive
Best... Makanan yg dipesan cpt je smpai.. Sdp n harga berpatutan,positive
Pelbagai jenis makan di sini,positive
Cepat dan sedap. Walaupun nampak ramai org tapi servis dia cepat. Perkerja pon mesra dan efektif. Koi bagi aok 5 bintang.,positive
Emm teh ais xsedap.. Yong tau fu mahal,positive
"Bole laa...  Makanan mahal sikit, rasa pon biasa2 ja",negative
Lepak,negative
Makanan sedap2..servis ok..,positive
"For me, semua makanan sedap",positive
sedap masakan goreng2,positive
"Makanan semua sedap. Makanan paling popular semestinya Yong Tau Foo. Banyak juga pilihan makanan seperti goreng-goreng, berkuah dan western. Parking terhad. Mohon bersabar ketika orang ramai.  Teh o panas guna teh uncang Lipton, terbaikkk.",negative
Pengurusan order kurang cekap.,positive
Makanannya sangat sedap dan tempatnya sangat menarik,positive
Makanan sedap2.,positive
Sedap macam2 ada,positive
Hampir sama seperti di Bomba Square Taiping,positive
"Tempat tepi jln.raya,pakir mudah, berdekatan dgn.Intitut perguruan.terdapat menu menu pilihan lain selain Yong tau Foo.",positive
Yong tau fu kat sini murahh jaaa..,positive
Makanan sedap  n yg penting murah2 ja,positive
Terbaek yong tau fu in kangar,positive
Tgkatkn mutu msakan,negative
best hingga menjilat jari,positive
Yong taufu paling sedap di perlis. Laici kang sedap. Bihun sup sedap. Menu2 lain juga ok. Nasi goreng kurang sedap. Harga ok la...,positive
Kuah Yong tau foo mmg terbaik,positive
Smua sdap..masuk 2kli btrut2 sy mkn tq akak yg pregnt tu....ramah,positive
yong tau foo ok la..tp mknan lain biasa2 jew,positive
Sos dye Perghhh pekat sgt.. Pedas mnis semua ade.,positive
Terbaik...,positive
"Mesra  ,  cepat  ,  peramah  dan  bersih",positive
Makanan sedap tapi servis tu banyak lg perlu dibaiki.,positive
Sedap oiii.....p try dulu,positive
macam-macam menu disediakan. dari makanan timur sampai makanan barat. best.,positive
Suka makan Char kuey teaw udang galah. Mmg mantoopp,positive
harga berpatutan..sesuai untuk keluarga.,positive
Banyak pilihan makanan.....goreng2 ada western ada....yong tau foo mmg trademark sini...laicikang....ice kacang....bihun soup also available,positive
Tempat yang chill untuk lepak,negative
Kena dgn selera sekeluarga,negative
Kedai yg rare sbb ada yong tau fu dlm kedai makan . Makanan mmng smpai laju.  Sedap dn selesa.,positive
Yong tau foo sedap dan berbaloi,positive
Tempat makan yg sedap,positive
Restoran santai untuk keluarga.harga berpatutan.,positive
Makanannya sedap dan harganya berpatutan.,positive
Seorang pelayan menyombong...asyik jeling2...kenapa?tp makanan memang sedap sangat...,positive
young tau foo terbaik di perlis; lokasi di jalan behor pulai perlis berdekatan dengan restoran anjung keli..,positive
boleh tahan...boleh mai try,positive
Best place & must come! Dia punya kuah yong tau foo memang homemade & pasti buat anda teringat kesedapan nya.. terdapat juga menu western.,positive
"The best Yong Tau Foo in Perlis... tak sempat nak snap gambar sebelum makan sbb, TAK TAHAN DOWHHH... Satay ada, goreng2 ada, western pon ada... #LetsEat",positive
Mkn sdap n murah sini,positive
the cashier sangat rude muka kelat ambik order pun macam nak gaduh. bad service,negative
pizza dah tak macam dulu,negative
Tutu kedai lar tulis 9am buka  dua kali pergi kali pertama pkoi 9.15am kunci pintu harinih pi pkoi 10.50am masuk smpai tingkat 2 satu org perkeja pun takde dok pangil hello hello takde org jawap,negative
"Pizza hut crackin thin crust mmg mengecewakan , dah la hangit ,beli sampai harga 30 ringgit boleh Makan YG tengah Saja , padu",negative
Pizza hut kangar terbaikk,positive
"For me,staf yg handle customer dekat cashier that girl..mintak maaf la cakap,just nak mintak untuk she cakap dengan baik  ,nada tu cakap tu mintak untuk lembutkan sikit boleh kot dan jngn sombong.Cara dia cakap mcm nak tak nak je layan customer..maybe saya customer perempuan dia cakap mcm tu and maybe cust lelaki dia layan baik.. just mintak untuk cakap dngn nada yg jngn marah customer. Thanks",negative
"Lambat, makanan tak panas tapi hangit .",negative
"Makanan sampai lambat. Dahla lambat , suam suku pulak tu. Extra hangit tapi tk panaih langsung. Pelik. Kata maaf pon tkdak...",negative
Order curb side pickup guna app. Tak dapat dua makanan.,negative
"Bad,dah laa lambat sejam lebih lak tuu,order lain dapat lain",negative
Servis lambat tak fokus dine in,negative
"Saiz pizza   medium amat kecil berbanding dengan pizza cawangan lain (Jitra, Alor Setar dll). Roti pizza pun tak berapa cantik",positive
service amat teruk,negative
Harini nak beli sup ngan roti bawang putih..kuciwa takda..kelas antarabangsa pun boleh takda stok,positive
Layanan terbaik..,positive
Selalu order guna apps je.. Cepat & banyak penjimatan.,positive
Okay bersih and cepat,positive
dapat sos tomato dh expired ! dhla dapat bnyak ! dh guna 2 paket untuk cicah chickenbite ! semua sos expired pulak tu    please check dlu okay sebelum bgi,negative
Kid-friendliness: Good,positive
"Meja yang ada orang cuma 3 meja ja tapi bila dah duduk, meja kotoq, kena guna wet tissue sendiri lap, mai letak pinggan lap pun dok, order kentang dapat wedges, sepatah pun tak habaq, mai letak senyap ja, kita pulak kena panggei depa tanya, sistem untuk order teruk, ish contohi la sushi sedia ipad teruih boleh order cepat pun cepat.. Ni web nak masuk pun slow yang amat, fuh sapa la buat sistem pizza ni, terukkkk",negative
"service lembab, mushroom soup x hantar, setting sudu2 n tissue x sediakan, letak kertas order dlm mknn ni rsenya ade pergi class food handling kan???, saya ex pekerja pizza hut tau, saya tngok sgt2 worse la service pizza hut kangar ni.. order pon boleh salah buat, apa guna saya bayar service tp smua customer nk kne buat nih? its a big no okay.. manager please la skolahkan anak2 customer service n kitchen.. please please please saya marah sgt2!!!!",negative
"aku order pizza dah lebih 1 jam x masak apa pon, Perlis ada 8 org je, kedai x ramai pun. Lepas sejam tanya mana pizza, baru terhegeh hegeh nak confirm order, baru nk masak.  Goodbye, aku cancel order terus.",negative
Roti Pizza sedap dan lembut berbanding Pizza Hut Arau,positive
Slow sikit,negative
"Pizza Hut Kangar Perlis, Pizza Hut paling teruk servisnya. Order pizza jam 9.40 pm, sy dpt pizza jam 11.20pm. Staff nya buat bodoh jak!! So annoying, tolong la PIZZA HUT, ambil tindakan masalah ini!! Org yg baru dtg, baru order, dapat dulu pizza dr org yg order online.",negative
Beli guna apps murah,positive
"Servis agak slow sebab macam sorang je staff yg hantar makanan dan makanan kena sentiasa bertanya jika tak cukup.. kalau tak tanya pakat tak dapat sampai abang jamil mampus, toilet sangat berbau even ada check every hour..",negative
Pizza and more. Very nice interior and cozy place. Sesuai utk celebrate dan makan di sini cuma parking agak susah di kawasan ni.,positive
sunyi. sesuai utk bwk anak2,positive
"Terbaik pizza kat sini. Satu je aku tk suke dgn staf dia masa ambik pizza, boleh dia panggil aku Pakcik. Aku baru 30++ tau.",negative
Okay semua,positive
Customer service sangat teruk ! Beratur punya lama alih alih customer yang baru datang dia panggil dulu   yang saya tunggu dah lama dia takpanggil panggil pizza hut arau okey je service dia elok jaa . Takkan lah taknampak sapa yang datang dulu . first come first serve lah,negative
Mushroom soup tak best dah macam dolu2.. yg lain ok..,negative
Mahu,negative
Okeylah,positive
Lambat,negative
Ala westernisation kalau dining sini. Chill,positive
Ade gak oder silap,negative
Pizza hut plg sedap di perlis,positive
"Sedap,sup ok,tapi yg lama dulu lagi piau",positive
suma kna order sendiri lyn diri,negative
Norma baharu guna sistem online..nice..recommended,positive
Tempat yg baik buat keluarga atau sahabat untuk menjamu selera.,positive
Servis bagus. Staff baik2,positive
"Service Yang baik,,food pun pun sedapp, thanks pizza hut,",positive
ok la macam pizzahut lain hihi,positive
"Selesa, tapi nak cari parking tu payah sikit.",positive
Sedap n selesa..,positive
Sedap dan puah hati,positive
Selesa,positive
Giod service,positive
layan time2 lapaq sedap ni,negative
"Servis agak lambat tetapi mesra. Walaupun makanan agak mahal, tapi berbaloi pi bila ada promo",positive
Takde orang dtg amik order dekat meja. Lepastu meja banyak tak kemas.,negative
Tipulah kalau korang tak kenal jenama ni kan..tak pernah saya tak beli pizza super supreme di sini..sangat lazat menikmatinya,negative
Makanan sedap2..best..,positive
The place is quite pleasant to be in  the service is average  the food is shrinking in size  but the price is continuously to rise  maybe next time Ill not be going there to dine  its a shame  I truly like to eat there Tempat yang agak selesa untuk berada disitu  servis biasa saja  makanan plak makin mengecil  tapi harga semakin meningkat  mungkin lain kali saya tidak akan kesana lagi untuk menjamu selera  sayang  saya suka untuk menikmati makanan disitu...,negative
Ada kakak baik dan komited.,positive
Pizza terbaik,positive
Murah sedap,positive
"lambat , kenapa rasa pasta dia tak sama dengan pizza hut dekat lain . tawar je . tapi roti pizza dia lembut tu je",positive
Sedap tu memang sedap tapi mahal. 4 bulan sekali boleh la pergi makan. Betul ke tak ?,negative
Staff kurang memuaskan,positive
Sekarang ada sedia minuman ringan utk pelanggan take away..,negative
The hujan the sedap,positive
"Makanan lambat sampai, mushroom soup tawar. Tp depan dia ada tempat karaoke",positive
"Kemas, bersih, selesa. Layanan biasa2 ja. Hari aku pi tu paip sinki rosak(air tak ada).",negative
Bestt,positive
Ikan keli goreng dia garing makan dengan nasi panas air asam..terbaik,positive
"Staff ramai anak muda ,system billing pun dah systematic. Rasa masih rasa sama, sedap macam dulu. The only place aku makan ikan keli.",positive
Oleh kerana kaki sakit susah nak gerak. Mereka bawakan Saya bekas untuk basoh tangan. Terima kaseh memahami,negative
Baru smpai pkul 12:15 mcm tu tpi lauk semua dah habis.. Tak topup punn hmm. Hope boleh perbaiki servis. kami makan ape yg ade jee. Tak banyak pilihan. Tapi air asam sngt sedap,negative
Ada ketenangan makan disini,positive
Makanan Melayu Asli yg amat menyelerakan.,positive
Legend. Rindu.,positive
Mkn dgn keluarga sesuai..makan tengahari,positive
"Warung Tepi Jalan, sedap dan bersih harga yang berpatutan terbaik",positive
Meja dekat sangat. Tapi yang lain ok. Jangan pergi lambat nanti lauk habis.,negative
Ikan bakar gerut,negative
Terkenal dgn lauk ikan keli yg rangup dan lazat. Pelbagai lauk pauk ala kampung yg menyelerakan. i-Explore 2023 I-Idea 2023,positive
restoren ikan keli tersedap area Arau. recommended sangat sangat. keli garing dan lauk pauk masakan melayu lama. nostalgia. Kid-friendliness: ada kursi budak,positive
"Kami daripada kelantan, rasa teruja dengan makanan kampung disini.. berbeza dgn rasa di kelantan yg kami makan tp disni ternyata versi sedap bg perlis   Kami berpuas hati.. layanan yang terbaikkk.. tempat yang luass.. selesa..   thorbaikkkkk",negative
Masakan tengahari yang sedap dan ikan keli yang terbaik di Perlis,positive
"Ikan keli goreng terbaik, kerabu sedap, sayoq sedap. Semua sedap bak ang.",positive
"Terbaik, Makanan dihidangkan berbaloi sedap",positive
Makanan masakan lauk kampung paling best di Perlis. Terdapat pelbagai pilihan makanan di kedai ni. Ikan keli paling paduuuu,positive
kedai dalam kawasan pokok2 kampung.. sejuk..menu banyak...kedai bersih..service mantap...,positive
Keli goreng dan air asam terbaik,positive
"Makan ikan keli goreng garing, kari daging +rebung, sayur keladi masak asam. Terbaikkk",positive
Semua pun best! Makanan murah...9 dewasa+4 kanak2 makan on average tak sampai rm10 je. Makan+minuman. Berbaloi2! Pekerja pun laju je kemas n susun2...kedai sejuk...all ok,positive
Makanan murah dan sedap. Berbaloi,positive
"Ikan keli goreng garing panas, sayur air cara kampung, asam pedas ketuka,  gulai ikan...ulam...semua best",positive
Pukul satu lebih dah tak ada lauk. Habis. Kalau nk makan kena datang awal la..,negative
Simply sedap.. harga pon berpatutan..,positive
Masakan kg dgn suasana kg. Padu teruk.,negative
"Menu banyak, sedap dan selesa.",positive
"Byk lauk pauk utk lunch, kalau pergi 2 ptg byk lauk dah x ada.. ada juga stall buah boleh pilih & potong dan makan kat situ.",positive
Parking: Limited and dangerous parking space,positive
Hidden germ in perlis...ikan keli yg ranggup...,negative
"Lauk fresh dan panas. Gulai sangat mantap dan terbaik. Semua kena dengan selera. Kalau nak rasa masakan kampung, cara masakan kampung yang padu, boleh mai tang sini. Makanan sedap dan selera kampung.",positive
Menu kampung secukup rasa..menu pun meriah..kebetulan jumpa 100 meter paralympic gold medalist..,positive
Ikan keli goreng sedap dan ranggup,positive
Kedai nasi berlauk yang agak nice. Ayam bakar dia sedap. Lauk aneka gulai dan masak lemak pun padu. Ayaq asam tiptop. Ruang makan yang luas dan tempat basuh tangan yang banyak,negative
Saya menikmati ice cream Malaysia sedap harga rm 1.50,positive
Murah sedap nyaman,positive
Taukeh restoran sekarang hanya menumpang nama Restoran Pokok Sawa .........kualiti dan kesedapan makanan amat jauh berbeza berbanding tahun 90 han dahulu......,negative
Semua terbaik...,positive
Ikan keli goreng must try,positive
"Makanan bagus, membuka selera. Staff bagus2.",positive
Nyakut molekk ikan geli sini cicoh ngn air asam ! Fuhh marbelesss! memang jd bohhh ! Try jgn dok try ! Muroh pun muroh,positive
Kedai dah makin besaq compared puluhan tahun lepas.. Lebih selesa,negative
"Kedai makan lauk campur. Sedap la jugak cuma tak banyak choice. Tengok ramai yang datang ambil ikan keli, myb kelu kat sini sedap kot.",positive
Antara kedai masakan kampung yg sedap dan terkenal di Perlis terutama di kalangan warga UiTM dan UniMAP. Banyak pilihan lauk pauk dan ulaman tapi yg menjadi pilihan ramai ialah ikan keli goreng. Tapi bg saya gulai labu masak lemak yg menjadi pilihan. Ruang kedai yg selesa dan dikelilingi pokok2 yg meredupkan dan menyamankan suasana membuat pelanggan selesa untuk menjamu selera.,negative
Sedap . Servis tiptop,positive
Sedap. Masakan kampung A+... hat dok melayan pun ramah,negative
Ikan keli goreng special rangup,positive
Been eating here since 6 years old and now im 27   . Super loved the ikan keli crispiness. sambal belacan & air asam dia punya rasa tak ubah langsung dari duluu .,positive
"Murah sangat, makanan sedap.",positive
Selera kampung dan sedap,positive
Orang ramai..,negative
Memang kena dengan selera..,negative
Masakan kampung yang sedap,positive
"masakan selera kpg Perlis ikan keli goreng cukup garing dgn kerabu taugeh serta asam pedas utara mai singgah kedai pokok sawa mana2 yg dtg ke U, rugi kalai tak singgah ... harga amat2 berpatutan .. klu lunch dlm 5 org dewasa tak sampai pun RM50",negative
Ok la..lauk pauk tak jenuh mcm dulu2,negative
"Makanan sedap. Tapi, service slow. Ada seorang dua staff yang tak mesra pelanggan",negative
Masakan kampung yg sedap   cuma better datang awal sikit time lunch sbb lauk cepat abis,negative
Wonderful kampung  dishes.,positive
"makanan kampung sedap, harga patut, dpt resit siap  ikan keli goreng sedap n rangup.",positive
Ikan keli goreng terbaik.. Masakan kampung yang lain yg lain pun best2..,positive
Sedap gila ikan keli goreng dkt sini,negative
recommended. sedap,positive
Tempat mkn yg popular beraneka jenis lauk dgn harga berpatutan..,positive
Sedap morah,positive
sedappp servis tu memuaskan la,positive
Lauk byk sini mkn tghri.,negative
"Keli goreng rangup, air asam sedap",positive
Nice n fresh ikan keli goreng with yummy sambal belacan,positive
Ikan Keli goreng yg marvelous,positive
OK ok aje...,positive
"Makan sedap, murah, agak selesa",positive
Masakan kampung melayu,positive
Tempat yang amat sesuai untuk famili.makanannya sedap dan harga yang ekonomi.,positive
Makanan sedap dan murah,positive
Best makan lauk banyak,positive
"TIPS: KALAU NAK SEDAP, NASI PUTIH + KELI GORENG + KUAH KELI MASAK LEMAK + ULAM RAJA + SAMBAL BELACAN + AYAQ LENGKONG. THANK ME LATER!!!",positive
"Makanan Nasi Campur, sayur kampung, pucuk ulam..",positive
Must try. Masakan kampong. Harga amat berpatutan. Value for money. Pls visit kalau anda di perlis. Datang awal ya,positive
The best nasi ulam in perlis,positive
Masakan kampung yang paling kampung boleh dapat di sini.,positive
Best kampung food in Perlis,positive
sedap..,positive
ok terbaik,positive
The best nasi campur menu in perlis,positive
Ikan keli goreng...the best,positive
Just Nice... Tp makanan cepat habis.. Kena dtg awal..,negative
Sedap memuaskan,positive
Harga banyak berubah tapi masakkan sedap seperti masakan kampung,positive
Sedap.. nasi lauk kampung,positive
Dari umur 7 sampai sekarang umur 24 tetap sama rasanya. Ikan keli yg rangup. Superb,positive
Setiap kali pergi msti ttup...signboard tulis ttup hari lain..,positive
"Tempat terbaik! Ikan geli goreng memang menu yang wajib dicuba, sedap sangat. Rugi kalau tak cuba",positive
Makanan kampong style..,positive
"Masakan sedap walaupon simple. Sila datang sebelum pukul 1 petang. Kalau tidak, masakan kebanyakannya sudah habis.",negative
Pelbagai jenis menu makan tengahari yang lazat,positive
Lauk pauk kampung... Ikan keli bakar power.,positive
sedap! worth ur money.,positive
Biasa,positive
Ikan keli goreng tersedap!,positive
Good kampung teste,positive
"masak lemak cili padi,ikan keli grg yg rangup..menu wajib..ayaq asam..the best",positive
1.45.. keli habih.. apaa laa..,positive
Ikan keli goreng mmg best. Sekali dua ekor.,positive
Kampung style,positive
"KELI GORENG, BRO. Enough said.",positive
Banyak lauk sat sini ok ar utk org2 yg nk makan nasi campur,negative
Makanan sedap.layanan bagus... Yang penting mengimbau kenangan masakan org dlo2,positive
Sedaaapppp... Masakan kampung yg best,positive
Dulu2 best laa... Sekarang biasa je... Pegi anjung keli lagi best.,positive
Makan tengahari biasa saja. Lauk banyak pilihan. Ikan keli goreng sedap and rangup! Harga berpatutan,positive
Lauk2 kampung mmg best.... Xleh lupa air asam n sambal belacan.... Maveles...,positive
Ikan keli goreng yg sangat sedap,positive
Kena dtg awal utk dpt pilihan menu masakan kampung yang pelbagai,positive
Bolehlah.  Harga mahal sikit utk pekan,negative
"Ada masakan indonesia disini  , sayur bayem... lele gorengnya endess..",positive
Pelbagai jenis makanan selera kampung dan mempunyai tempat makan yang luas,positive
Best ikan keli bakar and asam pedas keladi.,positive
Ada banyak pilihan makanan,positive
Suasana kampung tp harga mcm restoran dibandar..boleh pi haji tiap2 tahun mcm ni..keep it up owner..,positive
"Sedap Dan murah, terbaik..",positive
Murah dan terbaik!,positive
makanan best dan sedap..siapa yang cari makanan kampung yang best..kat sini tempatnya..,positive
Selasa n pelbagai pilihan rasa masakan kampung,positive
Masakan tradisi Perlis.,positive
Antara kedai nasi campur paling mahal di Perlis. Not recommended,positive
Crispy ikan keli goreng,positive
Keli goreng,positive
Rasa kampung,positive
Datang  lah menjamu selera,positive
mai mai... kalau boleh singgah awai naa... 11am mcm tu..,negative
"Masakan kampung, sambal belacan, ikan keli goreng terbaik...",positive
Dah berapa meriah...pelanggan ada tp tak perlu berebut2 or beratur tunggu turn dpt meja...ada GST jgk...,positive
Boleh la... lauk mmg tema kampung... sedap,positive
Terbaik! Menu tradisi masakan asli. One of Perlis must eat!,positive
The best!! Ikan keli goreng yg terbaikk di Peghelih.. lauk2 kampung yg sedap!!,positive
Sedap... Memang sangat memuaskan.. Menghidangkan pelbagai jenis hidangan tradisional untuk makan tengah hari.. Layanan yang baik dan mesra. Harga yang amat berpatutan. Datang ke Perlis memang perlu datang ke sini..,positive
"Sedap,santai,relax",positive
Bo,negative
Murah dan brpatutan bersih,positive
"Mknn n ulam,sambal belacan nya Terbaikkkk",positive
Masakan melayu terbaik di perlis,positive
pilihan makanan tengahari yg banyak....harga memang puas hati...cuma dah ada gst....,positive
Warung pilihan untuk makan tengahari saya di Perlis. Masak lemak di sini adalah terbaik!,positive
Suasana yang yang best,positive
terbaikkk la ikan keli dia,positive
Ikan keli goreng paling best,positive
"Sedap, berbaloi",positive
Keli Goreng Power,negative
Warung terbaik...kesian tokey dia pekerja kurang....,positive
Keli goreng terbaik,positive
Rasa makanan dah tak sesedap seperti dahulu mungkin dah tukar tukang masak kot..  .. but still nice place too hiling or lepak sembang kari...,positive
"Fish & Chips - sumpah sini punya paling sdp aku pernah mkn , cuma time tu xbrpa sihat so xleh hbihkan . Portion bsaq padan dgn harga dia , ikan besaq n tebal bkn Tepung ja semata . Sos dia cukup rasa masam masin Manis sikit , sos salad dia aneh sikit rasa . Nasi Lemak Ayam - sambal xsmpai expectation, xpds xmanis . Rasa pedas light2 ja pstu masam sikit ,  nsi xrasa mcm nsi lemak pun . Mushroom Soup & Garlic Bread - terlebih pekat smpai jdi masin n cpt muak . Overall kalau demi fish n chips aku akan repeat , selain tu mgkin ada menu lain yg Masih acceptable yg kami blom Cuba . Semoga Terus Maju Jaya Buat Owner",negative
Padu2 makanan sini..cuma baby chair la kot kena tambah lagi..banyak family mai..,positive
Parking byk.mkn sedap.servis sstgh mkn lambat sikit,positive
"Kami Order:- Chicken buttermilk rice (sedap   ) Nasi goreng kampung + telur dadar  (nasi lembik, tk mcm Nasi goreng kampung tp nasi goreng kicap..ikan bilis & kangkung tiada..rasa biasa) Teh o limau ais (ok   ) Mango blend (guna kordial/perasa mangga + blend ice topping whipped cream, rasa ok ) Mushroom soup (sedap   )",negative
"Waiter perempuan tidak bertanggungjawab,sambil lewa,teruk,double conform order tapi bila smpai ke tukang masak tidak order makanan customer tidak memberi info kepada customer bahawa menu tidak ada membiarkan pelanggan tertunggu makanan",negative
"Pilihan makanan yang enak dan lazat, servis yang baik dan cepat, suasana aman sesuai untuk keluarga",positive
Semua sedap.,positive
"Alhamdulillah makanan sedap semuanya. Aku order nasi butter sweet sour chicken, spaghetti carbonara, aglio olio seafood, satay ayam, spaghetti beef. Service cepat, premis bersih dan teratur. Recomended.",positive
Sedap nasi lemak kat sini.... padu,positive
"Makanan terbaik, chiken chop besar dan sedap, service pun cepat, overall puas hati.",positive
"Makan sedap, servis elok",positive
"salam . first time makan sedap. kuah pekat dan manis . kuah banyak dan lala banyak . second time makan . lala sikit , isi dalam lala pulak kecik . kuah kering dan juga x pekat . tambah pulak x manis kalini . hmmm dgn pekerja casher x reti nak senyum . apa maslah ya ? sat2 ok . sat2 x ok .",positive
Salah seorang waiter kurang etika bekerja.,negative
Besttt... repeat kali ke 2,positive
Paduuuu,positive
"Makanan Aku order goreng2 ja. Menu special dia laju Pula habis. Nasi goreng sedap juga. Belacan pekena   Kung Fu char sedap juga portion besar. Bayaran Tu boleh dah la kut letak QR payment Perlis dah lama maju dah ni Minuman dia aesthetic ja tak special apa2, tapi okay la cam teh ais biasa boleh minum",negative
Sempoi,positive
"Sedap, nasi lemak ayam goreng berempah boek",positive
Suasana yg tenang dalam kesibukan bandar.. menjanjikan menu yang menarik serta berbaloi,positive
"Terbaik Bossku   Shah Kitchen punya menu memang terbaik bihun goreng dia Chinese style sedap  Bihun kantonis pun salah satu favourite aku dari dulu xpenah mengecewakan   burger bossku pun best jugak juicy ja sos pun x melebih. sate kawe memang sangat recomended     sate ayam memang sedap kuah pun sedap Latest datang pd 9/05/2022 order fish n chips & Spaghetti Aglio Olio. Fish & chip ok macam biasa crunchy tepung salut dia cuma kalau kasik tatar sauce lagi mengancam, Spaghetti Aglio Olio tu mengecewakan l, bawang putih diketuk ketuk style masakan siam seketul seketul bawang putihnya, agak lembab dan berkuah hmmm dah macam spageti goreng dh xrsa aglio olio pun",negative
"Satay very nice, ayam percik pun nice,  pelayan sabar dan senyum semasa nampak customer , overall ok",positive
Service bagus... Makanan sedap. Tempat pon selesa.,positive
Sngat sedapp,positive
Servis yang amat teruk. Sangat lambat. Lembaaaaaap,negative
makan best. space dia pun luas and tak busy on weekdays.,positive
Seeeeeeeeeeeeemmmmmuaaaaaaaa ADA!,positive
"Makannnan sedapppppp,cpt dan puas hati...",positive
Makanan semua sedap2 belaka. Harga pun murah.. sangat luas hati,positive
Service terlalu lambat untuk Western food berbanding masakan panas. Perkerja tidak responsive terhadap customer. One of the worst service i ever had..,negative
Makanan sedap sangat,positive
Nasi lemak sedap!,positive
Nasi lemak c.chop tak sedapp lansung,negative
Sambal nasi lemak best. Tapi lambat,positive
Saya order western. Makanan sedap dan portion puas hati dengan harga. Satay sana pun sedap juga.,positive
Makanan harian,positive
Makan semua sedap sy bagi 5 ha.,positive
Paling rekomendasi untuk fmly.. Makan sedap & paling utama. Bebas asap rokok.,negative
Boleh la. Cuma harga agak mahal untuk standard Western kat Perlis. Nk order yg bawah Rm10 waiter kata semua dah habis waktu tu. Harap lebihkanlah stok utk menu yg laku keras. Jgn buat org terpaksa order makanan di luar bajet alang2 dah duduk.,negative
Tempat ini dibuka waktu petang hingga ke malam .....kedai makanan barat,positive
Sedap!,positive
"I assumed they using slow cooking technic, waited almost for an hour & half for the dish. Lembab sangat bang, ayaq abih, makanan tak mai2 lg, Semoga terus maju, mai 2 kali, kena serupa ja. Orang ramai sebab makanan lambat sampai. Kena sidai sampai dekat2 2 jam.. Tokey muhasabah sama, orang mai nak makan, happy2 ngan family, end up semua muka nak masam.. Please laa.. Jgn sampai kedai tinggai bekaih ja..",negative
Mknan sejuk,positive
Mee kicap dia sedap,positive
"tak sedap sgt..chcken chop klu blh pkai tepung,jgn pkai srbuk roti,sos blackpaper klu blh pekatkan sikit bru sedap,coslow terlalu manis,jus epal klu nk blh tapis la..buang sisa,mna ada org jual jus epal mcm tu,dr segi layann ,utk yg prmpuan,klu dtang bulan @ sakit tlng jgn dtang kerja @ jgn tnjuk cara layann yg x mesra.maaf klu komen sy kterlaluan tp utk segi tmbah baik sy amat lah hargai",negative
Yuhh,negative
Mantap harga sangat berpatutan bergai menu ada...,positive
"Order set western. Set nasi tapi nasi xda, time nk bayar dh kalut nk kira harga mcm mana sbb nasi x bgi. Order sangat lambat dan ada request sos tapi smpai ke sudah x dapat2. Staff pon xda la busy sgt tapi sangat x memuaskan. Sptutnya upgradekan cara utk bayar. Bukan tanya dekat customer harga itu ini berapa. Dah la baru nak meraikan hari first dpt dine in. Tapi kecewa sangat2 huhu. X sedap . Lamb masin, fries sejuk. Lebih dari sejam stgh tggu makanan x sampai2",negative
Sedap. Santai.,positive
Masakan Sedap serta layanan pun Bagus,positive
"order steak harga rm30+ liat namatey. Kalau nak makan steak, baik pilih Chortiez co.",positive
Roti canai sedap,positive
Wajib makan di Perlis,positive
Bersih dan makanan best,positive
Ok. Bagus juga,positive
Sarapan pagi dengan nasi goreng paprik dan nasi goreng ayam....kopi o dan teh o ais kawww...juga roti dan telur gedik,positive
Meriah,positive
Oder cepat sampai..makann pn sedap,positive
Nasi lemak sedap. Rice lamb stew sedap. Roti canai sedap. Yeemee cantonese ok laa. Sekian laporan.,negative
"Kalau yang tak pernah makan kat Bossku, saya habaq sikit. Bossku konsep macam stall2 seperti goreng2, western, dimsum dan banyak lagi. 2 hari lepas saya order set western yang talam tu. Dalam talam ada lamb chop, chicken grill, meatball 3 biji, fries, hotdog, coleslaw dan mash potato. Lama nauuu tunggu ya dekat 45 minit ya. Bila makanan sampai, semua sejuk kecuali hotdog. Takkan saya kena tunggu 45 minit semata nak goreng hotdog sedangkan lamb chop, chicken grill apa semua tu sejuk. Makan saja la tak sanggup dah saya nak tunggu minta tukar. Silap2 esok baru sampai makanan saya. Maaf ya saya bagi ulasan jujur, kalau bab makan bayar mahal sikit tapi kalau setanding kualiti tiada masalah. TQ",negative
Lambat gila... Tunggu sejam lebih untuk hidangan set.. Daging plak liat.. Mcm x masak sempurna.. Mahal... Btw hiasan nice.. But for me its kurang rasa.,negative
Puas hati sarapan pagi disini..nasi lemak ikan kembung goreng mmg sedap..kena pula kopi tarik mmg padu..,positive
Suka makan dimsum dan nasi lemak dia,positive
Harga tersangat berpatutan.. portion makanan byk...,positive
Western mmg antara yang terbaik kt Kangar ni..masakan goreng pn ada tp kena sangat dgn mulut abam ni..sate lak abam rasa paling mantap kt Perlis ni..xcaya ble try sendiri ya,positive
"Tak sedap pon. Portion kecik and for me the price for the dulang set is so expensive! Portion dia, haih.. menyakitkan hati. First and last makan kat situ. Ana burger and Chortiez much better. That s all!",negative
Suka makan minum di sini. Atmosphera terbaik,positive
Ada life band juga..,positive
my fav restaurants !!!!!!  semua mkanan sedapp !!! dah try bnyak jenis semua sedap .. yee mee kantonis pling sedap penah jumpa .. dr kuah ke mee isi pon bnyak .. murah ja rm 7 shaja .. nasi ayam penyet pon sedap and air pon sedap x ceroi x cair ..,positive
"Sgt selesa utk buat short mtg, bersantai berdua or bersama keluarga",positive
makanan sedap.. sate kawe recommended,positive
Memang betul 2 sedap,positive
tunggu makanan dekat sejam lebih. Boleh pulak ckp tk buat . Lepastu tk reti bgtau yg tk order,negative
"Makanan sedap, mesra pelanggan",positive
Blh la...,negative
"Tempat yang menarik. Ada busking. Makanan sedap dan berpatutan. Cuma lambat sedikit makanan sampai bila order nasi goreng. Makanan lain seperti Western, char kueh teow dan lain lain cepat.",positive
Santai je dapat dok mkn kat sini. Foods pun sedap.,positive
"suasana persekitaran menarik, staff baik.. tapi makanan biasa sahaja",positive
"Makanan sedap, dari western smp makanan biashe2.. Suma sedap.. Owner pun baik",positive
Ok laa.. Boleh laa.. So so,positive
Makanan sedap & kenyang,positive
Terbaikkkk...,positive
"Sedap, char kuey teow dia mesti cuba.",positive
Mantap bossku,positive
Malu apa bossku?,negative
Terbaik boss ku,positive
Best..makanan sedap..and clean tempat dia..lighting elokss kalau nak tgkp gambar..,positive
Sangat sedap dan harga yang berbaloi....,positive
seriously tempat mcm cantikk kalau nak pegi time petang xpanas pastu tmpt mmg best..makanan sedap and harga berpatutan,positive
Makanan sedap dan terdapat pelbagai food court n environment unik,positive
Sedap sgt berpatutan,positive
Kedai western katanya. Sebenar ada pelbagai gerai lg yg menyewa ruang disitu.,positive
Untuk orang luar lebih baik ke restoran lain.. Buang masa waze/maps bagi jalan yang susah,negative
"Tempat lepak sempoi, harga pon berpatutan.",positive
Tempat bagus..layanan lamaaa...,positive
banyak pilihan. must try Lamb Yee Mee,positive
Tak sedap.. Gentle jangan bazir duit kat sini puiii,negative
"Buffet ramadhan yang mengecewakan. Kami book jam 7.45pm sebab nak solat maghrib dlu. Sepatutnya dah booking lambat tu kenalah simpan kan makanan untuk yg dtg lambat. Kami on time datang jam 7.45pm tgok2 banyak makanan dah habis awal terutama dessert, sepatutnya kalau buffet kenalah prepare makanan extra. Saya punyalah teringin nak makan cake dessert, sekali tgok dekat meja, cake semua dah licin. Bila tanya staff, katanya dah habis. Whatt? buffet apa habis awal mcm ni. Nak datang kena booking, sepatutnya boleh expect berapa banyak nak sediakan. Mestilah orang semua makan banyak kalau dah bayar buffet. bayar mahal makan baki baki buffet je. Tolong improve buffet anda. Bayar mahal tapi makanan banyak habis, memang tak berbaloi. Buffet ramadhan paling mengecewakan. Meja tempat ambil makan pun situ je, memang sikit je buffet nya..",negative
"Frape strawberry, chocolate ice sedap.... mocha agak kurang sikit, terlalu manis... may be boleh minta kurang manis lepas ni... Cookies sedap sangat kata anak2.... Ramai cakap makanan di sini sedap... InsyaAllah akan cuba next time... Vibes pun tenang je dalam ni... Luas sangat ruang dalamnya....",negative
"Ini kali kedua saya ke sini kerana saya suka suasana dalaman dan makanan di sini. Semalam saya order chicken steak, chicken nugget, dan creamy pasta.Selain sedap, setiap portion besar dan harga pun berpatutan. Walau bagaimanapun, hanya terdapat sos lada hitam dalam stik ayam, dan tiada sos cili yang paling sesuai dengan kentang goreng. Namun, saya kemudiannya mendapati bahawa sos cili seolah-olah layan diri. Terdapat ramai pelanggan di kedai malam tadi, tetapi anda tidak berasa bising langsung. Anda masih boleh mendengar muzik dan menikmati kopi panas. Namun yang patut dipuji ialah sikap pelayan yang sangat baik dan peramah.",negative
"Hampir semuanya sedap dan portion besar Chicken chop sedap, tapi kalau nak kekal rangup, minta asingkan blackpepper sauce. Carbonara dia sedap, tak muak, creamy tapi jenis cair, berkuah gitu Standard price untuk western food. Boleh cuba",negative
"Alhamdulillah, kat sini tak buat utk celebration tapi staff baik sangat cari juga alternatif lain   MasyaAllah bukan nak overclaim tapi   SEDAPPP SANGAT2   dengan staff baik sangat, worth every penny lah",positive
Memang tempat pilihan untuk mkn dan lepak dgn kwn2. Makanan memang sedap terutama sos cili dia. Nampak remeh kan tapi sos cili dia paling sedap saya pernah rasa tapi sayang tak jual. Mungkin lepas ni owner boleh buat bisnes tembahan jual sos tu. SAYA SANGGUP BELI!!    Pernah call owner dia dan memang owner dia sangat bagus. Moga terus maju.,negative
Semua menu sedap..,positive
"Makanan sedap, very recommended",positive
Burger ni recommended    ayam dia sedap. Ini kali kedua repeat,positive
Mantappp SQUID INK PASTA kat sini. 10/10   menu baru dan sedap! Kena dengan suasana.. kopi sedap!,positive
"Dah lama tak mai makan kat sini. Rasanya dah lebih 3 tahun. Kedai pun dah makin besar dan cantik. Sekarang ni,cafe dah buka untuk sarapan pagi. Sebelum ini hanya untuk makan malam jer. Menu pun dah bertambah meriah. Tempat makan pun dah makin besar dan sesuai untuk makan beramai-ramai. Ruang parkir pun luas..leh gak parkir kat tepu jalan. Makanan pun sedap..recommended. portion makanan pun banyak,memang puas hati. Coffee pun sedap..terbaiklah..",positive
Xpuas hati tentang tandas sebab kena kongsi.saya cadangan 1 singki di luar kena ingat walaupun cafe still akan ada pakai tangan takkan nak masuk tandas nanti x berselera.salmon ok cuma tulang pernah makan salmon di kedai lain dan owner dah buang tulang tapi kedai ni sebaliknya.caramel machiatto basic rasa cam tepi jalan cuma harga yang pricey.dah itu saja.Saya harap ada penambahan baikkan,negative
Coffee sedap. Tmpt selesa utk lepak n tenang,positive
"Aku cuba sirloin (doneness medium), surprisingly sirloin dia mmg tender, juicy, & homemade gravy buatkan everything nais together. Asparagus, brokoli & baked potatoes was cooked perfectly. next time nak cuba rib eye pula.",positive
"Makanan dia sedap,sgt recommended. Pricey sikit but worth it",positive
Spaghetti aglio olio sedap    tapi grill chicken dia mcm kering skit....pape pon 5star utk koffee kitchen....suka makan spaghetti dia sdp....environment pon tenang ja....recommended this cafe!!,positive
Kopi & makanan biasa biasa je tapi tempat dia selesa. Harga berpatutan tapi boleh improve dari segi time makanan. Lama gak tunggu haritu. Okay updated review come here again after a year and still the best food cafe for me in Perlis. Their pavlova is good. Their buttermilk chicken is nice. The chicken is juicy and they dont use popcorn chicken but actual chicken.,positive
Lamb grill liat. Pisau tak tajam. Air memang sedap. Hrp blh ditambahbaik,positive
"Sedap, selesa dan terbaik.",positive
Menarik dan terdapat pelbagai jenis makanan western dan tempatan. Ruang yang luas dan selesa untuk keluarga.,positive
"Order combo B... Chicken popcorn sedikit keras... Choc ice, caramel macchiato coffee bestttt.",positive
food mmg sedap..mahal cikit but puashati,positive
Semua makanan sedap dan suasana cafe yg sgt nice serta layanan terbaik tapi hanya ada satu kekurangan iaitu kambing sedikit liat utk dimakan..,negative
"Sedap, kopi sangat padu dan terbaik. Saya mesti pilih. Makanan lain pun sangat sedap.",positive
Semua sedap kat sini. Tiap-tiap minggu kalau balik Perlis mesti order Buttermilk Chicken Rice.,positive
"Makanan sedap ,mushroom sedap ,ice mochacino sedap tapi chai latte jangan dok minum ,jemmm teroihhh",positive
Makanan sedap berbaloi dengan harga,positive
"Customer service very bad, bukan sekali dua. Tiap kali p makan or bungkus service sama ja.. Sidai tu jangan kata la. Fries pon dekat sejam. Bukan x sabar cuma agak2 la nk sidai pon.",positive
Great dining experience.. great food.. lupa ambil gambar food sebab abis makan... dessert sahaja yg sempat snap ...,negative
"First time datang. Sangat berpuas hati. Staf peramah, tempat yang selesa & makanan sedap. Recommended mushroom soup. So creamy & tak muak. Portion yang banyak. Overall semua terbaik. Will repeat again.",positive
Rasa kat perlis kedai ni kot paling best....,positive
Slow and bad service. Tak layak satu bintang pun. Order caramel machiato take away je smpai 30min. Dua kali pi tanya dok cakap sat sat... Order pukul 6pm. Cust pun tak ramai time ni.,negative
"Makanan dia memang sedap dan cukup rasa! Frappe dia pun puas minum, berbaloi la dengan harga, tak menyesal",positive
Ice hazelnut lattee dia sumpah sedap gila. The price omooo sooo affordable,negative
Makanan sedap. Harga berpatutan. Portion banyak. Air saya match green tea ice.  Rasa agak manis boleh minta kurang gula. Tempat duduk kat dalam sangat siket.  So mostly duduk di outdoor je. Delicious food.  Affordable.  Lots of portions.  The water is matcha green tea ice.  A slightly sweet taste can ask for less sugar.  The inner floor is very short.  So mostly sitting outdoors is.,negative
Mantab,positive
Tk ingat pulak pegi kat sini,negative
Lepak lepak boleh Mai sini,positive
"Sedap..food and drink..service is self-service..Pelanggan tulis, pergi order dan bayar..kalau tunggu nanti kecewa,sbb dah diberitahu order dan bayar dan tunggu.. staf terbaikkkk juga..keep it up..will repeat ..",negative
"Makanan snagat sedap, berbaloi dan padan dengan Harga. Cuma kena layan diri (ambil menu snediri di depan, dan ambil pen sendiri, no welcome) not so friendly staff. Lambat sampai makanan sangat sangat. Not so professional when had a problem with their own staff. Marah staff lain depan kaunter (terdengar) Sekian. Tapi makanan dia sedap gilaa   Cuma lambat",negative
Tempat yang menarik utk chill and relax. Makanan sedap2. Menu pun menarik. Sesuai utk minum2 kopi santai ala2 hipster,negative
Sedap   harga pun ok,positive
Sedap dan bersih,positive
"restoran western pilihan keluarga, sedap, sedap dan sedap.",positive
Makanan sedap. But slow service huhu. Maybe  order saya terlepas pandang . Im waiting fr 50 minutes.,negative
Hidangan berkuali lagi enak..,positive
Not bad for a coffee place but harga serupa di KL..,positive
Harga agak mahal,negative
Oglio seafood best,positive
Grilled chicken sedap,positive
Western yang sememangnya cukup rasa . Aglio olio seafood extra spicy dia mercikkk,positive
"Sedap allah sajaa yg tau , kalau nak tau jugak pakat2 maii. , mmg sedap",positive
Western food sedap,positive
"Makanan disini Sedap dan murah, kalau datang  boleh oder spaghetti dia smua sedap2",positive
"Mushroom sup,carbonara sedap..Layanan tiptop..",positive
spicy aglio olio best..tapi kalau sesiapa yg tak makan pedas..minta kurang pedas..sbb aq xmkn pedas so aq xboleh makan overall ok but portion sikit sngt,positive
The best western in perlis,positive
Best gilaa bapak.. pekerja sponting,negative
Portion ayam agak kecil. Ada menu yang tiada alacarte. Hanya disediakan set. Menyebabkan menu tersebut tidak sesuai untuk tambahan pesanan. Harga biasa2 saja. Black papers source sedap. Minuman coklat sedap. Minuman mocha kurang kaww. Layanan baik. Servis pantas. Persekitaran bersih. Deco menarik. Nyamuk agak banyak.,negative
Atomic Burger Terbaikkk.. SEDAPP!!,positive
Dia punya keli goreng sedap. Kami datang agak lambat lauk byk dah habis. Dari apa yg dpt dimakan...semua sedap. Pekerja sangat friendly.,negative
"Sedap2 makanan kat sini harga pon murah, staf pon sangat friendly. Seronok makan dekat sini. Nanti boleh repeat lagi terima kasih",positive
Sedap. Banyak menu pilihan. Harga pun berpatutan,positive
"Dah lama tak beli lauk kat kedai nie. Lauk pauk kat sini ada macam-macam jenis. Sedap-sedap lak tu..tempat makan pun selesa. Harga makanan kat sini pun agak murah dan berpatutan.nak parkir kereta,leh parkir kat tepi jalan..",negative
Sedap dan Banyak pilihan untuk menu tengah Hari.. Harga pun agak murah,positive
tempat selesa.. makanan pn sedap... mmg the best lh..,positive
Terbaik makan murah dan sedap..boleh repeat lg kalau ke sini,positive
"Makanan sedappp. Harga sangat affordable. Service memang mantap. Saya rekomen semua orang makan lah disini. First time datang perlis dapat kedai laguni, puas hatiiii",positive
Menu pelbagai dan sedap.,positive
"Walaupun datang lambat,  lauk pauk masih ada walaupun sikit jek",negative
Makan sedap. Kedai bersih dan selesa.,positive
Restoran makanan melayu,positive
Lauk kampung sedap. Sambal belacan  terbaik,positive
"not recommend. datang dari jauh nak makan, sekali tutup. hampeh",negative
Sedap. Tapi terasa mcm xbyk pilihan.,negative
"Kedai luas, makanan sedap,murah,ulam ulaman segar .. pemilik kedai..mesra dan sentiasa senyum manis.. Vegetarian options: Makanan,ikut selera masing-masing",positive
Banyak pilihan utk makan tengahari..harga berbaloi,positive
Sedaaap,positive
pilihan lauk banyak panas klu p tengahari meja makan banyak ada surau ada toilet ulam banyak parking je la kat tepi jalan raya. rasa dia oklah. macam kedai makan nasi lauk pilihan yang banyak.,negative
Lauk sedap banyak pilihan...harga berbaloi-baloi,positive
Berbaloi mai jauh. Makan kenyang padan harga. Kira dlm kategori menu rahmah jgk la Gambaq takdan nk ambik byk2 sbb lapaq terketaq2 dah..kahkahkah,negative
Pulut mangga dah lama tak ada Tapi tak update,negative
"Nasi lembik, lauk2 xde rasa langsung...",negative
Selalu bungkus lauk di sini & makan di rumah.. Lauk org tua2 suka.. Recommended Tapi haritu nasi terlembik ckit Kerabu pelam   Keongsom siakap Sambal belacan   Ulam ulaman Keli goreng,negative
kita google tengok buka. bila mai tutup. lanjiau,negative
Ayam goreng keras. Lauk cepat habis. Harga memang murah.,negative
Order lauk thru foodpanda. Berbaloi dengan harga.,positive
Satu tempat makanan bersama sama keluarga good good for your family.,positive
"Alhamdulillah, sedappp..",positive
"First time mai dinner kat sini. Pilihan nasi goreng ada banyak. Ada western, bihun sup utara jugak. Semalam try Nasi Goreng Sarang Burung (RM10.00), berbaloi gila ada nasi goreng cina, telur hancur and sambal udang siap dapat sup. Sedap gila nasi goreng dia. Selalunya nasi goreng yang berlauk ni jarang sedap. Kuetiau kungfu just nice, tapi lauk and sayur penuh. Mixed grill pun not bad, tapi kalau tak suka char, maybe tak suka sangat. Overall murah. Cepat jugak servis. Parking pun senang, tepi jalan je. Kedai luas, bersih.",negative
Sangat berbaloi dan menu yang semuanya sedap2 cukup rs,positive
"Murah, lauk simple dan sedap",positive
Citarasa kampung,negative
Makan goreng2 sedap. Chicken chop pn sedap portion besar. Charkuetiaw pn sedap.,positive
Sedap mknan d situ,positive
Sedap. Tapi x pasti ttg harga. Pada saya berbaloi. Air percuma ada disediakan seperti air sirap ais dan air kosong... X pasti ttg parking. Sbb saya parking betul2 depan kedai,positive
banyak menu.. puas hati,positive
Makanan hanpir habis. Sbb ramai orang,negative
Pelbagai lauk pauk masakan Melayu. Sedap.,positive
Semua makanan sedap especially kerabu yang pelbagai jenis.,positive
"Sedap, harga berpatutan. Pelbagai pilihan lauk pauk serba bubur manis, ulaman serta sambal. Menggunakan pinggan dan cawan pakai buang kecuali bagi minuman panas. Parkir kenderaan mungkin sedikit isu. Kesimpulannya, lezai dan bergizai",negative
Makanan memuaskan,positive
tempat selesa... makanan sedap...servis terbaik...,positive
Makanan sedap cuma kurang pedas. Kena datang cepat kalau tak cepat habis. Suasana kedai lapang cuma boleh diperbaiki untuk lebih selesa untuk menjamu selera.,negative
Sedap & murah. Banyak pilihan makanan & sambal belacan dia sedapp. Tandas pun bersih,positive
Laksa sedap,positive
fuhhhhh tebaik..mcm2 pilihan lauk sampai x tau nak pilih,positive
Kedai Goreng Goreng paling padu ..nasik goreng Semua sedap kena pulak mushroom soup dia perhh,positive
"Banyak pilihan masakan kampung, ikan ayam bakar. Sedap dan harga berpatutan.",positive
Masakan melayu/nasi campur yang sedap dan harga berpatutan,positive
"23/1/22 , 2.45pm makan AbC ada kacang Sepat",positive
"Harga berpatutan, portions banyak utk sorang makan. Puas hati. Tk rugi try. Tp malam la. Siang lain tauke.",negative
Harga murah. Lauk berasa.,negative
Sememangnya sedap dan harga berpatutuan.,positive
Terbaikkk....murahhh,positive
Banyak pilihan lauk pauk. Kena mai awal klu tidak lauk cpt hha is,negative
Makanan sedap. Harga berpatutan,positive
Harga murah,positive
Masakan enak dan bermacam2 lauk-pauk,positive
"Variety choice of food!! sedap sedap lauk diaaa. Tapi,,, kena datang awall, kalau tak mmg licin habis semua lauk!",negative
"Malam ni trt chicken grill dan mushroom soup & bread. Chicken grill sedap.  Tapi jagung dalam set tu mcm kureng sikit.  Overall recommended.  Dua2 sos pun padu.. Mushroom soup pun boekk. Tak muak, Tapi bread tu kalau garingkan lagi best rasanya Overall sedap la.  Nanti kita try set lain pulak.  =",positive
"Sedap, pelbagai lauk, service bagus, recommended",positive
"Makanan sedap mesra pelanggan , parking mudah. Ada bilik seminar dan surau",positive
Sedap Dan Harga Berpatutan.,positive
Nasi dan lauk dia semua sedap2 ..,positive
"Makanan sedap dan murah. Banyak pilihan lauk, dan pemanis mulut. Highly recommended",positive
Makanan best...  Mcm2 adoooo...,positive
Makanan sedap dan harga berpatutan,positive
"Pilihan makanan mmg padu,byk,plg best murah",positive
Tak mengecewakan langsung la pegi sini..dengan murah harganya...Yang masakan bakar2 mmg padu.. untuk muslim tak yah risau..ada sediakan surau..,negative
"Harga berlainan ikut staff yg kira. Mknn sedap, kdai bersih",positive
Layanan baguih.lauk sedap.makanan murah.saya hensem.,positive
Terbaik!!!mkanan tiptop!!!hrga x msuk akal!!!bapak murah,positive
Buka utk mkn tengahari... Makanan sedap.. Harga berpatutan,positive
lauk banyak,positive
Sedap dan harga berbaloi,positive
terbaik.harga murah!,positive
"Best Tomyam, Daging Bakar dan Kengsom",positive
Kedai bersih.. Makanan banyak dan harga berpatutan,positive
Menyajikan menu tempatan untuk dinikmati. Pelbagai jenis lauk pauk disediakan serta ulam ulaman disamping manisan seperti bubur. Rasa sedap dan harga berpatutan.,positive
"Macam2 Ada, tapi sarang burung takda. Lunch pukul 2 sampai malam Kenyang ,beras apa dia pakai",negative
Harga patut,negative
Kedai nasi campur... Lauk byk dan sedap. Ulam2 dgn sambal belacan pun ada banyak jenis. Puas hati makan di sini. Recommended!!,positive
Mahal sikit,positive
Murah & pilihan lauk yang boleh tahan,positive
Murah dan sedap restoran muslim bersih pekerja patuh syariah,positive
Sedap dan murah!,positive
selera kampung antara yang terbaik. must visit,positive
Boleh tahan la,positive
Harga tak murah.. Tak mahal.. Sedang2..,negative
Harga patut makan sedap dan banyak pilihan,positive
Pelbagai jenis makanan disediakan... Sedap dan puas hati..,positive
Restoran Sarang Burung,negative
Makan sedap .. terbaik .. pencuci mulut pun ada .. masakan melayu asli,positive
"Makan seda , banyak pilihan lauk pauk",positive
"Banyak pilihan Makanan, tempat bersih, harga berpatutan",positive
Makanan pelbagai jenis ada. Nice,positive
Masakan sedap dan pilihan lauk yang banyak.. Sesuai untuk sesiapa yang suka masakan kampung.,positive
Restaurant Sarang Burung,negative
Mkn sedap,positive
"Tuan restoran peramah, makanan sedap..n agak murah.",positive
Boleh2 saja,positive
Agak lambat sejam tunggu baru makanan sampai. Ikan bakar sedap. Tomyam cair biasa ja.  Harga boleh tahan la,positive
"Food was so good.. This all food (siakap bakar, sotong dua ekor masak smbal petai, sup daging, telur dadar & kangkung goreng) include air + chicken chop total RM100. The ikan bakar so sedapp (dpt free smbal belacan, timun & rebung, kuah kari & air asam). Berbaloi     RECOMMENDED",positive
Cept..bnyk pilihqn,negative
"Okey lah., blh tahan masakan dia.,",positive
Makanan semua best. Harga OK,positive
Rasa macam makanan rmt,negative
"Sotong goreng tepung, butter prawn, tom yam seafood, ikan bakar, udang sweet sour, mentarang mmg menu wajib & favorite bila mkn disini. Paling best boleh order awal siap2, sampai dah siap terhidang panas2 lagi.",positive
Tempat yang luas...datanh awal tak kalut mencari tempat duduk sesuai kalau makan ramai ramai. Parking: Kuala Perlis menjadi menu pilihan untuk makanan yang segar dari laut...,positive
Makanan western out. Perlu besarkan lagi saiz ayam tu kalau nak orang repeat order.,negative
2 bintang.. Hindari masa cuti sekolah/cuti umum kerana dimasak separuh hati.,positive
Ikan bakar dan sotong celup tepung dia terbaik. Goreng2 pun portion agak banyak. Harga sangat berpatutan.,positive
Terbaek tempat makan ini. Laju n sedap...de ace...harga Yang berpatutan.,positive
Suasana kedai tepi Jalan utama. Layanan okey Dan pesanan cepat tapi harga agak mahal. Pelbagai jenis makan laut ada dijual.,positive
Orang yang sangat ramai menyebabkan servis agak slow. Jenuh tunggu sejam baru dapat makanan. Namun harga amat berpatutan,negative
Order 1jam lebih baru dapat.Hari minggu/cuti rasanya mmg Servis lambat kot.. tukang masak sikit. Order bakar2 dah sampai tp nasi goreng x sampai2.last2 cancel n smik n.putih.. sape2 ada ank kecik yg tgh lapar/ xsabar tu better cari side dish kalau nk jgk mkn kat situ. Btw ikn bkr & sotong goreng dia ok la rasa..tp sambal kerang so so.,negative
"Bru p Ahad lepas..service memang slow..hampir 2 jam bru dapat makanan..tu pun order sotong n udang tak sampai sampai sudah..tak order satey tapi masuk dlm bil kami..complain air buah x ok....selalunya klu kedai lain..pekerja akan minta maaf n ganti lain,tapi kt sini tetap ckp air depa ok..panggil 4-5 org mai rasa ayaq,nak habaq ayaq depa xda masalah..customer always right xda dlm istilah depa..",negative
"Sebelum hampa mai makan pastikan cll dan order dahulu kalau nak cepat... Servis lambat naa.. Org duk kalut nak bakaq ikan lagi.. Kalau nak santai tak kalut boleh mai dulu baru order Makanan ok jgk la.. rasa sedap tu ada la jgk.... Nasi goreng cina sedap! Satay pon sedap! Kalau nak makan satay better p order kt abg buat satay tu... Klw hmpa order masa org ambk order,,,Tiba2 depa boleh jadi lupa  ...stg kena tgu sejam plk klw kata tak p hbaq sdri,,,, ok sekian selamat menjamu selera.",negative
"Servis yg lambat!!!. Bukan setakat makanan dan minuman yg lambat sampai, time nk bayar pun lambat. Nk datang ambil order air pun lambat. Siap panggil kt tempat bancuh air, tetap xdatang ambil order, pergi kali kedua tempat bancuh, terus sound baru reti nk datang. Sapa2 yg jenis kurang kesabaran tu, baik pergi tempat lain lar. Puiiii!!!",positive
Not recommended!!! Service sangat2 lambat!! Order dah sejam satu mknn pun tak da lagi atas meja!! Order air pon hmm mcm order air kayangan!!air milo nk smpai pon kat stengah jam.air buah order sama naik dgn order mknn xsmpai2!!klau air mnuman buah n bancuh tu lain at least bgthu lmbt time order!!ni buat air tembikai je berejam!!!!!!!!!!!,negative
sempoooii and service yang baik serta laju,positive
Service lembab,negative
Masakkan enak dan bopeh bawa famili atau rakan2,positive
Service tip top...makanan murah.. tp makanan kurang rasa.. banyak yang tawar,positive
Makanan sampai lambat.. makanan sampai dah sejuk... Bad service,negative
"Order makanan, tak sampai..spolie mood makan malam",positive
"Rasa masakan ikan siakap dan jenahak sedap. Timing makanan sampai pon ok la x lambat sangat, 30minit ke 40minit camtu, berbaloi datang dari Segamat Johor. InsyaAllah akan repeat lagi, apa2 pon..Lovely,",positive
Layanan terbaik...makanan semua sedap2...,positive
"Servis teruk,2jam menunggu..sila perbaiki servis,semua makanan dia hantar sejuk dan di hantar satu satu...",negative
As usual! One of the best kedai ikan bakar yg recommended dekat Kuala Perlis ni. Try la udang masam manis dia. Mmg lembut & besar do!!! Ikan jenahak bakar pun sedap. Totally 100% recommended! Please booking dlu to avoid tunggu lama2.,negative
Sedap dan berbaloi,positive
"Ok cun, rancakkk berdosaaaaaa",positive
Hurm..,positive
"servis terlampau lambat. siapa yang review ok tu tak tahu la bila masa dia datang. kalau siapa datang dari jauh janganlah datang sini, buat spoil mood je, kesian anak2 dan orang tua penat menunggu. sangat tak recommend. datang sini sebab kedai yang ok  semua dah penuh.",negative
Makanan lambat gila sampai..pastu bila kita tanya tak habis2 kata dah siap tunggu bil je..kita ni dok pegi 5-6 kali ulang alik kat kaunter tanya diorang boleh buat bodo je..sabo je la..dari lapar terus rasa give up nak makn,negative
"Servis slow, makanan tak sampai lepas sejam 30minit tunggu. Makanan so-so.. ramai pegi makan sebab kedai yg sedap2 dah penuh/too crowded kot",positive
"Datang sini seminggu sebelum puasa. Parking luas. Banyak pilihan makanan bakar-bakar dan segar. Ada sate jgk. Harga makanan mahal sikit tp masih berpatutan. Makanan pon semua sedap-sedap cuma sotong goreng tepung tu, aku musykil sikit kenapa liat sgt. Sedangkan sotong baru goreng tak dak la liat. Ikan bakar dan ikan 3 rasa pon sedap. Air ja manis sgt. Pelayan pon baik.",negative
Tertbaik..  harga pun berpatutan,positive
Menepati citarasa saya. Kuey teow kongfu susah nak cari yang betulbetul sedap. Tapi kedai ni memang sedappp. Nasi buttermilk sedap. Saya datang dengan suami tapi makan tiga pinggan . Tambah lagi satu pinggan sebab sedap sangat. Binsu pun ada. tapi macam ais kepal jela. tapi addon banyak. binsu oreo ada oreo dan cococruch.,positive
Makan sedap harga ok standard makanan laut la kan,positive
makanan sedap..senang paking tempat menyenangkan,positive
Masakan semuanya sedap2..,positive
Nice.. jgn lupa jenahak bakar.. lebih baik booking dulu.. dtg terus mkn jer.. make sure ontime.. baru lauk panas2.. nyum2.. dpt angin pantai.. sepoi2 language,positive
"Baru p makan semalam. Order pukul 9 mlm, pukul 10.40mlm baru dapat makan.. Tue pon sebab p tanya. Dahla tauke pon langsung tak say sorry.. Keluarga mentua aku dari Perak mai jauh2 nk makan ikan bakar, sekali jadi mcm tue. Memang spoil",negative
Ok sedap bleh tahan.sotong goreng tepung recomended.tp lambat la servis.lambat gilaaaaa.satu satu hantar,positive
makanan mai lambat puas menunggu,positive
"Makanan okay, tapi lambat sangat. Pelayan lelaki baru agak biadap ada 2 orang. Tggu sampai 2jam, last2 cakap makanan habis.  Sapa takmarah. Cuma Tokey dengan pelayan lama ja bagus2. Minta tokey nasihat pekerja baru. Malu saya bawa family ramai2 dari luar, pekerja bos buat macam tu.",negative
Lambat!!,negative
"xrekemen...servis lambat,order lain dtgnya lain..kena improve",negative
"Makanan sedap,servis pun ok,berbaloi dr tempat lain,boleh repeat lg lpas ni",positive
Sedapppppp,positive
Nasi goreng daging sedap.,positive
Sotong goreng tepumg and ika bakar die wajib rasa,negative
Sempoi juga boleh cuba makan di sini dengan keluarga,positive
nasi goreng ayam rasa macam batu,negative
Makanan sedap juga tapi servis perlu ditingkatkan,positive
Makanan sedap! Sotong goreng tepung terbaikkk.. tepung yg rangup.. sotong besar.. puas makan,positive
Enak... Sekali,positive
"Banyak pilihan makanan boleh makan, ada menu sup, bakar2, masakan panas",positive
"Banyak menu, seafoods fresh. Harga bolehla.. Masakan average",positive
Ikan bakar dia sedap,positive
Ekonomi orang kita,positive
Sedap sgt...,positive
Sotong goreng twpung best,positive
makanan sedap harga berpatutan serta tempat yang selesa,positive
servis slow...,negative
plate luar kena sembelih la jwbnya,negative
Makan tengahari best byk pilihan lauk. Murah.. Ikan bakar pelbagai pilihan,positive
Macam2 ada. Org ramai,negative
Makanan sedap.. Servis oke... Suasana tenang.. Ruang lapang... Susunan meja pun ada jarak xsesak... Senang kata mmg  best laaa,negative
Ikan bakar semua di situ terbaik dan sedap,positive
Ketam masak cabai menu wajib test di sini....harga agak berpatutan...crowded jgk la time hari minggu atau cuti umum,negative
Restoran makanan laut dan western di persisir pantai kuala perlis,positive
Sangat berbaloi dengan harga yang dibayar... Antara kedai makan yang patut dicuba...,positive
Makanan sedap..roti canai pun lembut..ada bermacam2 menu sarapan pagi dan nasi berlauk..terbaik,positive
Mknn ok. Harga tak tinggi la sgt.,negative
dua kali saya mai makanan memang sedap order roti kosong ok ....cumanya saya geram dua kali saya mai order kopi o panas tak sampai siap order tnya lain x smpai jgakk mmber sya order teh ais sampai dlu yg order air suam pn x smpai ...padahal tulis ja time order tpi ayaq x smpai hampeh btuiii biar order dkt 7e je,positive
service cepat,positive
Lokasi terbaik di Pauh... Tumpuan org ramaj... Menu sarapan dan menu tengahari terbaik... Bersih!,positive
Roti canai sedap. Nasi lemak rm2 pon sedap,positive
Makanan sedap....,positive
Masakan sedap.,positive
"Tunggu lama lebih kurang satu jam utk dapat makanan yang diorder. Lepas tu dah sampai salah menu pulak, tambah lagi masa menunggu. Rasa biasa saja, mee ratna kurang pekat pada saya.",negative
Makanan sedap. Order makanan cepat sampi. Terbaik,positive
"service lambat, 1 jam lebih tunggu makanan sampai. Padahal orang tak ramai. main2 meniaga.",negative
"Harga berpatutan makanan sedap, kebersihan terjamin..terbaik..",positive
"Nasi Putih, Ayam Goreng Seketol, Pajeri Nenas Sekeping, Sambal Kicap Sikit, Teh Ais, Air Kosong = RM11. Walaweyh. Harga kat area Kampung pun lagu nie? Lauk xbyak choice. Makanan biasa2 saja. Not recommend.",negative
Makanan sedap.. Service cepat.... Mg puas aty.. Hrga mg berbaloi..,positive
Ok. Makanan sedap,positive
Dibawa bersarapan oleh Pengetua Sekolah Menengah Agama Alawiyah Arau,positive
Nasi goreng biasa rm5,positive
RASA OK SEDAP JUGA SERVICE AGAK LAMBAT SIKIT TEMPAT BIASA2 HARGA AGAK MAHAL SIKIT SAYA DATANG MAKAN MALAM YA OVEROLL BOLEH LA,negative
Makanan goreng-goreng sedap.ala carte punya.recomended.tengah hari ada lauk nasi campur.sedap.,positive
makanan tak sedap.. saye order nasi grg paprik daging.. mmg x rasa tawar je,negative
Makan sedap..cendol..ais kacang..,positive
Teh Ais potong kaki ye...Ee...takutlah..diharap tukang bancuh pandai seimbangkan rasa manis dan aroma teh.,positive
RotiCanai paling sedap d pauh,positive
"Ada pelbagai menu masakan. Pagi roti canai, tengah hari nasi campur dan malam masakan goreng. Kedai berhampiran jalan utama. Pelayan restoran pun baik. Terbaik",positive
Nasi goreng daging sedap!,positive
Servis lambat.  Order 1 jam tak dapat lagi.  Aje gila.  Not recommend.,negative
kedai ok.bli goreng2 masa ni,negative
Lama nak siap...tapi sedap.,positive
Sangat sedap yaaaaa,positive
"Makanan yang sedap. Especially, goreng-goreng, ie: Kue tiaw kungfu.",positive
Makanan sedap. Goreng goreng dan masakan tengah hari,positive
Antara restoran di Pauh yang paling selesa,positive
Lauk tengahari yg menarik,positive
Menu Masakan tengah hari yang banyak dan menyelerakan,positive
Xbest sgt.blhla,positive
memuaskan hati,positive
"Ada roti canai, lunch dan lain2 sarapan pagi",positive
Makanan semua sedap2..pekerja2 mesra pelanggan,positive
Menyediakan masakan yang sedap dan harga yang berpatutan,positive
"ada roti canai sedap, ada ayaq free, harga pon berpatutan",positive
Makanan sedap. Bukak daripada pagi sampai ke malam. Memang terbaik dan ada macam2 menu. Roti canai ada satay pon ada malam2. Goreng2 lagi sedap drpd kedai biasa. Terbaik.,positive
OK sedap,positive
"Sarapan sedapp, ada roti canai, mee goreng, mcm2 lagi la, tengah hari jual lauk",positive
Mee bandung depa sedap,negative
Mee goreng lambak(tak penuh pinggan) + telur mata(gred E) + teh o ais = rm5.20. Agak mahal...,negative
Nasi & lauk pauk masakan melayu yg asli. Sedap & berbaloi...,positive
Tempat menjamu selera yg sedap utk seisi keluarga,positive
Harga berpatutan...servis terbaik,positive
Suke mkn dkt sini.. Sedap dan murah.. Try lah..,positive
Nasi goreng usa dia superb..!,positive
Boleh tahan juga la,positive
Got beer,positive
Restoran Arrowana,positive
Siam,positive
so far so good,positive
melayu boleh makan ma.. no worries!!,negative
!,positive
Okay food in kangar area,positive
A Chinese restaurant in perlis,positive
"Makanan sedap, suasana tenang, boleh makan dgn tenteram.",positive
Makan makan,negative
Antara western food yg sedap di perlis. So far western kt sini yg kena dgn tekak.. suka black pepper sauce & side dish sayur dia.,positive
Nyamuk byk sgt tk selesa mkn. Coleslow terlalu manis,negative
Sedap. Kentang tu anak dah sebat separuh dah.,positive
Sedap dan unik. Harga berpatutan. Tempat luas dan mempunyai suasana yang tenang. Sudah 10 tahun kedai ini bertapak. Service lambat sikit kerana mungkin tukang masak hanya memasak sedikit hidangan untuk memastikan kualiti,positive
TEMPAT OK SERVICE OK MASAKAN BOLEH DIPERBAIKI MENYEDIAKAN MAKANAN WESTERN DAN GORENGAN OVEROLL OK,positive
Mai Cafe ni antara restaurant western yg pioneer di Perlis ni    Lama tak datang tapi masakan x mengecewakan masih sama macam dulu dulu sedap juga makan chicken grill spycy sauce unik rasanya. portion pun besar juga,negative
"makanan sedap, berbaloi and worth the price.  tapi waiter sorang je. kesian dia kalut2 sebab customer ramai. time tak ramai okay je. shouldve expect for the delay oki. kalau lapaq gedik2 cari kedai lain. nak santai2 rilek2 boleh la  makam sini. spaghetti carbonara tak rasa apa masa datang haritu. mungkin sebab banyak order kot sampai telupa letak perasa   sokay dimaafkan sebab makanan lain sedap jurs. hihi. overall good la for me.",negative
1st kene sabar sikit if makanan smp lmbt...walau lmbt msh berbaloi dgn sajian makanan western yg sedap dan berasa. Tidak mengecawakan dan fully recommended,negative
makanan yang sedap dan murah,positive
Lambat tp bolehlaa sedap,positive
Parking Tempat selesa Makanan boleh tahan ok Waktu penyediaan agak pantasn(maybe tak ramai masa tu),positive
Lamb chop kena cuba skali seumur hidup. Mantop,positive
Mai pekena scawan..,negative
Best. X ramai org tp makanan sodappppp,positive
"X mau cakap apa dh, staf kt situ smua hensem2 tmbah staf kt dapoq bng jan",positive
Tempat dia sangat hipster.. best utk lepak kwn2 n family.. dulu sedap ja lani ja dh kurang,positive
"kurang laaa..owner kena lebih tahu apa citarasa orag nak,ni mkn chiken chop letak ubi dgn sayur bnyk..x kena rasa nya,letak laa coslow ke,yg kena laa,ni nampak sempoi tang ubi jaa...need to change",negative
Makanan sedap2 semua..p try test cuba tgk..,positive
Makanan sedap panas2. Tempt bersih. Tapi mahal sikit. Klau tak banyak duit tak payah pegi selalu,positive
Maintain service dr zaman dulu smp skrg...,positive
Makanan sedap dan tempat selesa,positive
Mknn mmg x memenuhi citarasa langsung... Not recommended.,negative
Sedappp masakannya,positive
"Dah xsedap. Dulu dtg 2x mkn sedap je. Arini pi kurang sdp. Xtau knp,mgkn dh tukar tukang masak kot. Spaghetti carbonara dia tawar,xde rasa. Grilled chicken cheese dia kureng.dl sedap. Xmo dtg lglah. Last",positive
Dulu murah.  Sekarang mahal gila.  Dulu ayam besar. Sekarang kecil.  Not recommend.,negative
Mkn sedap harga berpatutn,positive
"makanan sedap, harga berbaloi, cuma tempat dudok kurang selesa",positive
Makanan sedap & servis yang pantas,positive
X sedap sangat makan grill lamb shoulder daging liat sangat... Patah pisau oi,positive
Lumayan dri segi varian menunya gak terlalu banyak kalo harga sih standar mulai dri belasan ringgit plus minum,positive
Sngt ssuai utk iftar reunion or anything  dkt dgn msjid,negative
Berbaloi dgn harganya.,positive
Makanan ala timur tengah gitu. Berbaloi.,positive
"Nasi mandy ayam set utk 4 org mkn sgt berbaloi,nasi byk,bleh mkn utk 6 org",positive
western food di sini... terbaik lah..,positive
Cepat jugak servis,positive
Ok la sedap gak,positive
tempat sempoi,negative
brda disini,negative
"Memang terbaik menu & rasa mknn kat sini! Plus murah with big portion & good quality compare to KL. Order 5 main courses (2x pasta, 1x set nasi, 1x set chicken chop, 1x set burger), 3 sides (1x Mushroom Soup with Garlic Bread, 1x Set Wedges, 1x Set Nugget) 3x Frappes, 3x ice drinks total RM124.50. Klu kat KL, cafe mcm ni aku selalu kena almost RM200-RM250 dah. Tak sempat nak snap semua gbr mknn..bz enjoy the food worth every penny!! next time mai Perlis, bleh singgah lagi. Keep up the good foods!!",positive
"Makanan sedapp rasa rasa orang putih dappp bak kata orang Perlis sedap lip lip, boss dan staf terbaikkk #senyumselalu",positive
"MEMANG TERBAIKK , SEDAP , BOSS DAN STAF TERBAIK , MEMANG THE BEST KEDAI DI PERLIS",positive
Makanan biasa ja bagi saya .. rasa pahit2 sikit..suasana romantik...nak mai rileks2 boleh la..lagu slow sesuai dating,positive
"kami order mushroom soup with garlic bread, spageti aglio olio & burger. paling failed spageti aglio olio. overcooked, terlalu pedas sampai tak boleh nak makan, seafood semua frozen low quality. sila cari tukang masak lain utk spageti & guna seafood fresh. musroom soup oke tapi garlic bread dia rasa pelik macam nak ke masam mcm tu. sila tukar butter yg berkualiti & fresh garlic. burger oke, ayaq pun oke laa. sila perbaiki untuk kekal relevan dlm industri",negative
Walaupun kedai tak besar tapi bila masuk dalam tu rasa tenang ja..tak silap kat luar ada sudut boleh ootd..Makanan plak semua sedap dan harga murah berbanding kedai lain Memang berbaloi,negative
"Makanan overall sedap tapi service lembap, semoga owner dapat improve",negative
menyediakan makanan ala2 hipster. harga berpatutan. Dekorasi kedai yang menarik. Terletak ditepi jalan dan agak sukar untuk memakir kenderaan. Parking: Tiada tempat pakir khas untuk pelanggan.,negative
makanan harga okey ja standard price. worth dngn makanan yg dihidangkan. chicken chop oriental sngt sedappp 10/10!! waiting time pun just nice around 25 minutes mcm tu for smua mknn smpai. lamb grill pun sedap,positive
bolognese & fish fillet sedap. bolognese tu lain rasa dari biasa mkn. sos fish fillet + lemon sedap. good atmosphere.,positive
Ada kelasnya yang tersendiri,positive
Hidden gem... Sesuai la sgt nak borak lama2 smbil makan...,positive
Mushroom soup sedap sangat dengan garlic bread. Cantik sangat deco cafe dan memang sesuai untuk yang nak ada space sebab cafe luas dan cozy. Memang best untuk yang tak nak tempat crowded.,positive
Makanan sedap. Chicken chop old school Beef steak Orange jus Hazelnut coffee,positive
"Harga berpatutan, makanan sedap dan tempat selesa...tambah pulak dgn background lagu acoustic evergreen...good ambiance n rasa relaxing sgt...",positive
"Services tip top , makanan sedap dan harga berpatutan.",positive
I love this place. Healthy food. Anak saya suka makan Disini. Kentang wedges tidak berminyak. Masakan Best. Patut cuba disini,positive
Sedap makanan western food Kat situ ....sapa2 dari jauh dtg boleh ke sini,positive
"Kedai cantik, makanan sedap. Tapi satu tak berkenan, kadang lambat sangat makanan nak siap. 50 minit tau saya tunggu. Please bang, saya regular sini. Tapi kena tunggu 50 minit semata Nasi Goreng Lapaq ni kecewa saya.",negative
"Spaghetti cabonara, aglio alio, nasi goreng lapaq chicken serious best gila.. sedap...",negative
Best...makanan sedap..harga standard la..janji sedap..boleh repeat lagi..,positive
Tempat menarik sesuai utk lepak2...makanan.ok la...,positive
Menu yg cukup menyelerakan...,positive
Masakan teruk,negative
Chicken Chop sedap cuma fresh juice mention x da sugar tp kita minum manis jurr and nampak syrup di bawah  rosak diet i,negative
ok la,positive
"Awesome environment, makanan best, harga berpatutan",positive
"Tempat yg ok,bersih,selesa dan sesuai untuk melepak dgn kawan2...",positive
terbaik... sedap.... sempoi,positive
"Makanan sedap dengan harga berpatutan. You should try chicken parmigiana rm16. Frapee blend dia pun sedap cuma rm8.00. Cuma air sparkling yg rm8.00 tu macam tak berbaloi sebab cawan kecik. Yang lain semua best kedai lawa, selesa, bersih, servis cepat",negative
Char kuew teow sedap,positive
Assalamualaikum di sini saya maklum kan pada tarikh 24/2/24 Staff yang berkerja di shift malam 2 orang staff perempuan anda yang paling terutama sekali pakai berkaca mata naik motor wave bersikap sangat kurang ajar !!! mintak tolong sangat2 owner kedai alert dengan staff perempuan jaga adab bercakap dengan customer baik2 saya tak mintak banyak saya mintak cakap dengan beradab kita sesama beragama Islam atau bukan beragama islam teruk macam mana kerja adab no1 .Terima kasih All the best Big Tree Western Court,negative
"Pertama dan terakhir kali singgah kedai nie, layanan dari waiter kurang memuaskan, kita dah order boleh dy kata xorder order 4 jenis makan yg smpai 2 saja..waiter kurang peka terhadap customer",negative
"kecewa sangat harini. dah lama tak pi makan sini, last pi makan service ok lagi, tapi harini ke laut sungguh. yang ambil order dah bagitau makanan goreng akan lambat, tapi sebab dah duduk dan lama tnggu nak ambil order, kami pun order la jugak. tekak pun tak terasa nak makan western harini. tunggu sejam, takpa kami tunggu sebab dah bagitau kata lambat. yang sedihnya lepas sejam dapat satu lauk ja, lauk satu lagi sampai ke sudah tak dapat. masa bayar bagitau tak dapat tomyam, sepatah mintak maaf pun takdak. mmg tak jaga hati customer sungguh. harap boleh improve la ya, kalau tak susah customer nak repeat.",negative
"Services teruk sangat, not recommended berejam saja dduk sini tunggu makanan. Dah la boleh miss order saya. Memang la customer banyak tapi u la kena pandai manage. Orang tanya cakap tengah buat tapi sebenarnya tak buat pun. Orang yang datang lambat pun dan dapat makan, saya punya order hilang. Kalau tak buat cakap jela terima kesalahan ni nak menegakkan benang basah. Orang nak buka kedai kau pun sebok nak buka kedai. Dah la dapat makanan dah sejuk. Kalau lambat dapat makanan panas takpe ni makanan dah sejuk keding. Apa benda la. Pekerja tah pape ko kerja kedai makan tepi jalan je nok tapi adab kelaut. Bukan nya kerja kedai makan five star.",negative
"Sizzling Kteow Teloq - rasa biasa2 , portion kteow bnyk , lauk bnyk , xda cabai kicap , sayoq sawi xfresh Roti Sangkaya - sdp berlemak btui , kaya agak Manis tp Masih ok mkn dgn roti , roti lembut gila Mushroom Soup - sdp , ckup rasa masin , xterlalu pekat/cair , xterlalu meriah dgn potongan cndawan ( prefer cincang/blender ) Nsi Grg Seafood - rasa biasa ja , sambal belacan plk kureng Overall puas hati dgn mknan , harga sesuai portion . Cuma parking agak limited , environment best tepi sungai . Semoga Terus Maju Jaya Buat Owner",negative
service teruk. sejam tunggu nasik goreng pattaya.      rasa dah boleh tutup dah kedai. bukak utk panda/grab ja sbb buang masa org tunggu sampai sejam,negative
"Saya sudah beberapa kali order makan di kedai ni (semua tapau dan bukan masakan western). Selalunya tiada masalah. Tapi harini, saya order lain dapat lain. Yang ambik order siap repeat apa yang saya order, betul dia repeat. Tapi bila sampai rumah, lepas beberapa jam baru saya makan, bukak2 dapat lain. Geram dia rasa nak menyumpah. Tapi saya pikir, tak apa lah. Mungkin kifarah. Memang ini yang Tuhan nak beri kan. Tapi saya memang teringin nak makan yang saya order tu. Jangan la buat kat orang macam ni. Kerja biar ikhlas, focus, jangan salah buat, salah bagi, tak baik buat macam tu dekat orang. Sila ambik perhatian ya.",negative
Bila malam lepas hujan banyak nyamuk Chicken chop sedap dan digoreng dengan baik kecuali sos yang memang terasa instant serbuk perasa knor xsilap. Kuetiau goreng sedap. Chicken grill sedap kecuali sos dia juga. Minuman semua ok,negative
Makanan ok . Servis cepat .harga agak mahal sedikit tapi ok la dgn ekonomi sekarang masih berpatutan .cuma kena pastikan serangga kecik2 tu xdak dgn nyamuk.,negative
Cashier you kurang ajar. Cakap tak hormat orang langsung. Sila improve kualiti service.,negative
"Nasi goreng popcorn biasa2 ja. Oglio olio chicken nampak mcm hambar tp cukup rasa & mushroom soup garlic bread mmg sedap, kena dengan tekak aku",negative
Kena tunggu lama jugak ya. Bila tanya staff cakap ohh sini mmg lambat western sedangkan kedai western kot nak say sorry ka apa. Dgn mee sizzling keras mcm x masak ya. Chicken chop masin dan nasi goreng tomyam dipenuhi kulit bawang,negative
"Service lambat, orang lain datang lambat, tapi yang lambat dapat dulu, tak de sequence nye, dah lambat, tak minta maaf, pelayan tarik muka  bad experience",negative
services teruk...lembab nak mampus,negative
"tempat ok,servis ok,makanan kureng.. especially western.",negative
Port lepakk ni,negative
servis lambat...smpai 1 jam lebih kna tnggu yg smpai hnya 2 set mknn itu pun mknn ank2 pnya..klau x lma dh angkat kaki. Utamakan order food panda dlu..abis yg customer yg ade kat kedai tpksa mnunggu tllu lma..Permintaan maaf pn xde sbb servis truk. Perbaiki kualiti servis anda.,negative
"LAMBAT GILE WESTERN, YANG MELAYU OK,",negative
Makanan sedap.  Selalu dah repeat.  Terbaik. Air ja kena lebihkan.. Nak minum air bukan makan ais huhu,positive
Parking: The parking lot,positive
Best xkedekut bahan. Tomyam padu,positive
Makanan sedap tapi suami kata dah x maw pergi dah...sbb service teruk nk tunggu makanan sampai hampir sejam tunggu ..,negative
Makanan sedap...,positive
Terbaik bos ku,positive
"Been here for a while.. Brapa kali datang dah mkn sini dengan family.. Food mmg sedap.. Service not bad.. X teruk sngat x excellent sngat.. But ok la.. The waiter very friendly especially adik yg selalu pakai baju yenz.. Nama x tau.. Hahahha.. But mulut x pernah lekang dengan senyuman dia.. Sngat manis.. Even ramai ramai pon, senyuman dia x lekang.. Waiter lain pon ok je. Cuma nk highlight adik ni je.. Hahah.. Thumbs up adik",negative
Masakan panas sangat sedap.,positive
Beef steak     terbaik,positive
Makanan sedap.. suasana menenangkan..layanan mesra..,positive
Makanan sedap 2 Dan keadaan persekitaran Yang cemerlang terbaik,positive
"Alhamdulillah, chicken chop sedap.. goreng2 pn sedap kena dgn selera. Masuk list kedai sedap lain kali balik perlis blh singgah lagi.",positive
"Lauk kat sini sedapp, harga boleh tahan standard kedai utk makanan thai ni. Kami suka.",positive
Masakan sedap cuma tempat kurang memuaskan.,positive
"Masa mula2 sampai kedai, customer just 2 meja ja pun.. time sampai tu memang takda orang sangat sebab bukan waktu puncak.. Tukang masak pulak x berenti masak. Memasak kat sapa pun tak tahu la. Maybe masak kat yg order online kot. Tapi punyalah tunggu lama sampai sejam.. order bungkus, so tunggu dalam keta 45 minit. Lagi 15 minit turun tunggu kat meja pulak sebab x larat nak tunggu dalam kereta. Tolonglah ye.. tolong cepatkan servis. tunggu sejam kalau customer ramai masih boleh diterima. Ini langsung tak boleh terima bila customer x ramai tapi kena tunggu sampai sejam",negative
Best place to lepak n have food along Sungai Perlis,positive
"Tempat sedap, bersih n make sure hati hati time nak masuk simpang tu sbb kawasan dia tinggi sikit  and baru perasan kedai ni sebelah titi gantung   time kecik selalu lah datang titi gantung kalau balik perhlisss",positive
Service runner lambat.... Oder sejam. Lebih.... Tolong perbaiki sevice runner,negative
"Too slow. Hampir satu jam lebih tunggu baru dapat makanan walaupun tak ramai orang. Customer yang lambat datang dari kita, dpt awal pulak. Kuew tiow tomyam terlalu masin . Chicken chop goreng portion besar . Meetball sedap ( ada jam strawberry ) Yee mee x sedap kuah masam Bread n mushrooms soup sedap  .",negative
Makanan sedap cuma kena banyak bersabar. Tunggulah paling cepat 30minit. Paling lambat 50 minit.,positive
very slow service!!!! dari dulu tak pernah berubah still lambat makanan sampai. lepastu orang sampai kemudian dapat dulu. have to wait 1 and half hour just to get nothing! memang blah terus and boikot tanak pegi dah. bazir masa ja.,negative
"Layanan yg mesra,harga berpatutan,makanan yg sedap",positive
"Sizzling yee mee dia tak sedap. Rasa kuah terlalu berkicap, kuah suam, no sizzle sound so you CANT call this sizzling yee mee, isi cendawan dan ayam sikit sangat. First time order nasi goreng, it was too damn oily. Second time datang lagi dan order nasi goreng juga, yg tu baru sedap sebab ada rasa wok hay dan tak terlalu berminyak. Servis dia ok2 saja, kadang cepat kadang lambat. Depends on kepadatan customers.",negative
"Char koeteow ntah apa2 rasa.Nasi goreng dalam tu ada benang.Dah report,minta maaf pun tak reti.Makanan tak sedap,layanan tak mesra pelanggan.",negative
Kalau p malam nyamuk banyak....makanan agak tawar...mungkin tidak kena dengan selera aku...sorry lupa nk snap gambar...dok kalut tampaq nyamuk,negative
OK je...,positive
"Makanan western tak sedap. Service lambat, dekat sejam lebih baru makanan siap. Customer tak ramai.",negative
masakan panas dan western sedap semuanya,positive
Belum pernah pergi,negative
"Western di sini memang best,",positive
Western sedap..masakan pnas pon sedap,positive
"Makanan so far okay. Taklah sedap sangat dan taklah tak sedap. Cuma kedai ni tak ikut SOP larangan merokok. Pelanggan merokok pun mereka tak tegur, malah ada pekerja kedai sendiri merokok. Sangat kecewa dengan keadaan macam tu. Nak makan tak tenang, bau busuk rokok.",negative
Harap upgrade kualiti makanan. Tak sedap. Dan saya order yg lain dapat yang lain. Jgn salahkan food panda. Kesian budak panda tu.,negative
"Boss tolong tambah lagi tukang masak, slow sangat tu, jgn tambah bnyak pelayan sngat, naik jemu dah tengok depa sbab tnggu makanan lama.. raya kaa hari biasa sama saja takdak beza PON",negative
Lembab... Lambat ambil order.. Layanan tak memuaskan... Makanan pun tak sedap,negative
Nope. I will never come back. Bad customer service. Western food? Sorry sedap lg dsofea. Honest review. Makanan panas2 pon just so so. Next time bila customer tanya mknn dah siap ke belum jgn ckp dah siap. sila take note yg duduk cashier. Duduk cashier bukan takat jaga duit je. Kene jgk beramah mesra. Waitresses ok. Reti jaga customer. Kalau bole pakaian tu kasi longgar sikit. Maaf kalau terlalu jujur.,negative
Slow dan tak sedap. Xtau apsal ramai org,negative
Makanan sedap ... Tp lambat nk siap,positive
"Banyak pilihan bukan setakat mknn western je,  mknn kampung pun ada",positive
ayam korea sedapppp. xrugi la try,positive
servis lambat sungguh noh order 1 ja pon haha,negative
"makanan terbaik, tempat agak terhad sbb kecil ja ble bg expiriance yg baik",positive
Cun,negative
Chip chip,positive
Set mkanan boleh buat kenyang... Minuman free. 1 jenis ja.. kalau nk air lain2. Diorang order dgn kedai sebelah.. semua ok,positive
Tempat yang ramai orang akan pi sebab ayam korea dia perghhh sedapp bakk hiangggg,positive
Sngt sedap dn cepat siap,positive
"Paling sedap n paling murah, berbaloi spa nk mkn ni",positive
Pergh... Terbaik.... Cheese padu... pedas padu... Harga Berbaloi..,positive
Delicious food x terlampau mahal Dan sedap rasam memang terangkat,positive
"Sedapp, boleh kalau kempunan ayam goreng stail korea",positive
Mee goreng mamak kurang kick. Tapi bolehbla gagah..tp x capai piawaian yang sepatutnya. Satay memang sedap.,positive
ok lah,positive
Mee goreng mamak dia memang padu syahdu beb. No 1 di Perlis bagi aku. Hampa kena try.,negative
Memuaaskan,negative
"Kueteow goreng paling best di perlis..no 1 di perlis.takdak sapa boleh lawan takat la ni.nasi goreng,mee goreng,mee goreng mamak pun sama..bukan nak muhong..tak caya mai try tengok..bukan lawak2 ni...sedap tak tau nak haaaaaaaaaaaabaaaq...",negative
Sedap repeat,positive
MEE MAMAK ANTARA PALING BEST YG PERNAH MAKAN,positive
...mkanan sedappp,positive
delicious food..char kuey teow best,positive
Servis cepat..,positive
Semua makanan sedap...memang terbaikkk...,positive
Koew teow sedap... kalu tiap kali aku pi buka... aku bg 5 bntg... kdg2 asyik tutup wlaupun bkn ari sabtu...,positive
Sedap2 belaka,positive
Koew Teaw kerang terbaikk. Sedapp,positive
Sedap ooi.. Tapi pedas.. Kena dengan selera aku...,positive
Koew teow goreng torbaikk,positive
Best kuetiau diaaaa...selalu repeat,positive
Koteow kerang best,positive
Makan sedap n service terbaikkk..,positive
Serving  good char kuew teow,positive
Best punya,positive
menu termasuk western (chicken chops dll). special menu - kueytiau kerang yg tak berminyak - memang sedap,positive
Agak kecewa sbb banyak menu yg xdak....,negative
"Bakso Medan - sup sdp , bakso sdp , Taugeh crunchy , cuma yg potong sambal dia terlampau masam . Nasi Lemak Ayam Buttermilk - nasi lemak berasa lemaknya , ayam buttermilk sdp gila , cuma manis masin cuma pds sikit untuk bdk2 . Portion bsaq , smbal biasa2 Koay Teow Kerang - sdp terasa wok nya , masin Manis dia balance . Kerang dia besaq2 tp liat . Portion kecik . Overall hrga agak keras untuk rasa n portion yg kami dpt tmbah2 ayaq , cwn kecik sgt . Servis rasa mcm awkward sikit , waiter pndang2 semacam . Semoga Terus Maju Jaya Buat Owner",negative
"Kebersihan 5 Layanan staff 5 Kepelbagaian menu 4.5 Kesedapan makanan 5 Kecepatan dapat makanan 4.5 Harga $$ berpatutan Pengalaman makan disini sangat baik dan memuaskan. Sesampainya di kedai masih tiada pelanggan. Ruang makan ada di bahagian dalam dan luar, boleh pilih utk duduk makan di mana. Bahagian ruang makan di dalam lebih cozy dan selesa.. menu juga pelbagai. Ada nasi dan menu makanan berkuah. Rasa makanan yang kami order semua sedap. Recomended utk mencuba makan disini. Tutup pada hari Isnin..",positive
Bnyk menu yg x da harini ..main menu cendul pon x da,positive
Makan ok cuma kalau lebih byk menu lg menarik. X banyak pilihan utk kid yg x mkn nasi. Tapi lokasi mudah cari dan x sesak,negative
Nak aneka menu yg pelbagai dtg hujung minggu ja Sbb x smua trtulis dlm menu available hari2 Tmbh2 dtg wktu ptg weekdays byk menu yg habis Last2 order grg2 jaa.. Order cendol hritu pun jagungnya mcm sdikit msm.. Sorry,negative
Order nasi lemak ayam goreng dan buttermilk chicken..dua2 sedap..kopi o ais kaw...nice ambience...comel jer kedai...portion and price reasonable...,positive
"Cendol Sedap Jugak , pelik bila org kata so so , mungkin dia first time makan cendol . Koteaw goreng pun surrr , ada rasa wok belanga tu.  1 ja slack sikit , radio ka music kuat masa sy p . Sy mmg x selesa bila makan ada bunyi music .  Yang lain terbaik dah",positive
"Order mee goreng mamak dan kue tiaw goreng. Kue tiaw dia sedap ala chinese food, cuma mee goreng kurang sikit dia punya mamak. Cendol dia sedap cuma cendol hijau dia tak banyak. Harga pun murah jadi berbaloi dengan harga.",positive
Pergi dah pukul 2.30.. makanan byk dah hbis.. order kueh tiaw 4.. 4/4 hangit.. mungkin tukang masak dah penat.. mee goreng dia ok..  cendol dia byk bahan.. sedap.. view cantik.. service okay..,negative
Buoni drinks!,positive
"Makanan ok. Kalau musim panas pergi laa petang2. Terlalu panas untuk lunch. Tapi 1 kelemahan, pengurusan tak marah, tegur, atau bagi peringatan pada customer hisap rokok. So mmg tak friendly utk family yang ada anak kecik. Sangat2 tak sesuai.",negative
Best. Makan sambil ditemani angin sepoi2 bahasaa. Mee goreng kerang dia sedapp,positive
Santai,positive
Jjcm @Perlis. On the spot cari tmpt makan then terus singgah disini. Memang takde kecewa. Mi goreng terpaling sedap. Soto pun tak kurang hebat. Laksa utara memang original (tak sempat ambil gambar). Cendol memang layan minum masa cuaca panas. Roti dia sempoi padu. Harga pula mesra rakyat. Boleh repeat.,negative
"SERVICE LAMBAT NAK MATI, TNGOK 10 KALI DOK LAP TANGAN GUNA KAIN BURUK TU AYAQ TAKLEH MAI HANTAQ LAGI. AMBIK ORDER MCAM MCAM TAKDAK. ROTI HABAQ TAKDAK TAPI ADA ORNG LAIN DOK ORDER. THEN KAMI ORDER LONTONG KOSONG TAKMAU NASI CAS JUGAKK 6 RINGGITTTTTT TOBAT TAK PI DAH",negative
Cendol padu,positive
Bakso sedap,positive
Kuey teow kerang.....mantap....kedai tepi jalan ja.... parking pun mudah....p lah...,positive
"Harga berpatutan, selesa",positive
Staf friendly Makanan sedap Tempat menarik Cendol terbaik Kteow masin sikit hari yg saya pergi tu mungkin terlajak garam sikit.,positive
Kue tiau goreng sedap!,positive
"kedai tepi jalan, bising sikit sbb ada kereta tapi makanan sedap, service cepat, bersih dan berangin je",positive
Boleh la pergi cuba. Makan simple2 lepak2 cun la,positive
Kotiaw goreng n roti titab sedappp.. boleh repeat lagi nnt. Laksa biasa2 ja..,positive
Cendol terbaik,positive
"Well guys..... Try check this out! new menu CHENDOL is here.... musim hangat panas lit2 gini, pekena cendol senapas dua lega tekak beb..... tambah lak ada add on Durian, Pulut, ABC, Choc Syrup... bla bla.....",positive
Pauh,negative
kolo,negative
Sya suka kedai abg,positive
nice!         ~,positive
"Bagi peminat toboki (tteokbokki) yang lidah melayu, tempat ni sesuai untuk anda sebb tak pedas sangat, tak masam sangat. nasi goreng kimchi ni boleh makan, tapi ada rasa masam masam sikit.. kalau orang tua makan.. tak leh pi rasa ni... boleh improve lagi nasi putih ni rasa nasik putih biasa yang tambah bijan dan seawed sikit.. berbaloi kalau nak makan dengan ayam. ayaq yang baik, tak manis sangat.. set ayam , dan set ayam sira.. rasa crunchy2.. yang perlu di tambah baik adalah service.. orang mai, depa boleh duduk saja.. kena cari menu dan pi counter untuk bertanya.. pilihan menu jugak perlu ditambah. kita cari bibimbap tak da.. pastu,sinki perlu hari2 cuci.. bagi 3 bintang sbb mudah kalau nak bungkuih bawak balik.",negative
Tempat yang sangat menarik air yang sedap tetapi makanan tak seperti yang digambar dan harga macam tidak berpatutan,negative
biasa-biasa saja,positive
Ayam goreng terbaik,positive
Ok la nak lepak2 dgn cingey..,positive
Makanan sedap.. paling minat tteokbokki kat sini. Kenaa dengan tekak,positive
Beger sedap ayam sedap,positive
Makanan sedap semua menarik.. portion pon bnyk mkn kenyang.. air ja x brapa sgt,positive
Servis mantap ! Makanan sedap ! Suasana kedai pun best!,positive
"beli chicken crispy extra spicy, but tak pedas pun :(",negative
"Sedap, boleh repeat lagi.",positive
Nak try boleh la..biasa2 ja..hrga boleh tahan mahal,negative
"Tteokbokki  10/10 Kimchi Tafu Soup + Rice  7/10 (kalau pakai daging instead of ayam lagi better dgn harga RM 13) Hot Pepper chicken 10/10 Kimchi Fried Rice 6/10 Overall sedap , kena tekak saya. A bit pricey but okay lah Kedai selesa , nice deco , ada toilet.",positive
ayam hot pepper manis sangat,positive
"Kedai selesa, dekorasi menarik, rasa sedap boleh tahan.",positive
Sooooo sedap,positive
Makanan korea kat sini seriously sedap. Terbaik,positive
Nasi putih ayam buttermilk boleh tahan lah   before ni pernah try ramen..sedap & pedas,positive
Tempahan sate sedap,positive
portion takberbaloi dengan harga....,positive
"service terlalu slow walaupun hanya 5 meja, rasa so so la kalau teringin sangat nak masakan korea boleh cuba tp jangan mengharapkan lebih, mybe boleh try western. sy tak pasti western dia sbb x pernah cuba, last time adalah kali pertama saya datang, wife order lain..lain yang sampai haha pastu order semula hampir sejam tapi makanan tu x sampai2 so amnkl keputusan gerak dari kedai tu.",positive
"Ramen, meatball dan fried chicken dia padu teruks. Tteokpokki kureng siket haha but surely will come again",negative
"Selesa , makanan ala korea olahan citarasa melayu. boleh datang sendiri & rate makanan . berbaloi - baloi. biarpun menggunakan bahan - bahan tempatan tetapi rasa seakan - akan di korea.",positive
"Makan bibimbab & ayam dakgangjeon Bibimbab sosnya rasa ori tapi bila mix together nasi n daging rasa melayu plak   ilang originalitynya dan cam terlampau pedas. Ayam dakgabgjeon tu ok la sedap gak. 2nd, Odered by foodpanda dangangjeon chicken, olia aglio spaghetti & ramen. Dangangjeon sedap as usual, olio aglio terlebih pedas & the ramen abit over priced, ramen samyang only.",negative
laksha,positive
"Restoran ok, nampak kemas. Cuma sambal dgn kuah roti canai tak kena dgn tekak, sambal cuma pedas semata, kuah roti xda rasa...",positive
Rasa kalut nak kena oder sb yg mai ambik oder macam taksabar padahal kita dah scan tgok menu igt nk oder dlm app ja    tkpa la kalut2 oder jela apa pun lain kali pi lagi sb suasana kdai ok tak ramai org,negative
"Uishh kena repeat roti canai depa (sedap sangat)   . Service pun padu & sentiasa peka permintaan pelanggan . Tak rugi mai cafe ni , Insha  allah sampai pulak 2,3hari lagi di sini bawak family pulak . Terbaik & sangat recommended #KhalipahCafe",negative
Nasi lemak sedap sungguh,positive
Waffle dia sedap gila. Luar dia rangup tpi dalam dia lembut ja bila makan. Terliuq aih sambil type ni. Nak kena repeat ni,negative
Nasi lemak sedap sgt,positive
"Lokasi strategik fasiliti lengkap makanan sedap , terbaik Tempat letak kenderaan Yang cemerlang suasana menenangkan",positive
Sedap nasi makan dgn gulai ayam kampung,positive
Memang mantap dn best d sini tenang dn menu memang best,positive
kedai bersih cuma harga agak mahal sikit,positive
Masakan Goreng Panas memang sedap,positive
Kena tengok jenis menu.. Ada certain menu sampai lambat.. Tengok meja sebelah sampai lambat.. Tapi dh dpt order. Hmmm...,negative
Berpotensi untuk maju.,negative
"boleh la tempat ni,harga pun berpatutan, sederhana..",positive
Suka sizzling yee mee dia. Terbaikkk,positive
Ada potensi,positive
Puas hati !!!!!! plus 10star lagi,positive
Sizzling dan Chicken Chop     menjadi daya tarikan di sini.,positive
Sedap & murah... Boleh pakat mai try,positive
Sedap..layanan cepat..order pon x lama ...sampai cepat,positive
Sedap la,positive
X de makanan single set,positive
Trbaik,negative
"Best western food in perlis, sedap dan berpatutan. Menu perlu dicuba antaranya chicken cop, lamb cop. Nasi lemak disini juga sedap hanya rm2.50. Nasi lemak dgn pelbagai jenis lauk pauk antaranya lobster RM25.00",positive
Nice lepakkk!,positive
harga berpatutan dgn portion. boleh repeat pe lagi.,positive
Kedai baru..  Makan pun mcm2 ada.. Teh ais padu kaw!! Boleh try.. Peniaga pun ramah2..,negative
Sup tulang the best !!,positive
Tempat yang sesuai untuk merasai masakan kampung di Perlis.,positive
"Overall saya berpuashati dgn masakan disini, berbaloi dtg dari jauh kesini",positive
Makan murah dan sedap. Banyak pilihan. Kena cuba,positive
"Setiap kali blk kg , wajib p makan.",positive
Makanan tengahari banyak pilihan dan berbaloi. Pilihan pencuci mulut juga ada.,positive
"kalini agak mahal untuk banyak ni RM 90+. jangan pi bayar kat counter ada budak lelaki, dia kira mahal. sekian dari orang perlis yg banyak kali pi sana sejak 2012",negative
Berbaloi kalau amik keli & sayur sahaja. Kalau amik yg lain mahal sikit.,positive
Bagi saya murah la kedai ni. Walaupun dah terkenal tapi masih kekalkan harga rendah. Terbaik,positive
Makanan ok,negative
Banyak menu makanan melayu.,negative
"Dah tak MCM dulu, Baik P warong rasanya.",positive
"ruang luas tapi meja makan sikit,sempit..harga tak sesuai dengan makanan dan tempat",negative
"Makanan sedap, tempat parking pon luas",positive
"masakan melayu authentic, recommended",positive
"Pelbagai jenis makanan tengahari ada disini. Vegetarian options: Pelbagai menu yg sesuai untuk.vegetarian Parking: Parking yg luas ,percuma dan mudah.",positive
Sedap. Byk lauk dan pelbagai pilihan,positive
"A very popular spot for lunch among locals and those visited Perlis. Wode varieties of local foods including ikna bakar , ulam ulaman , sambal belacan, Ikan Pekasam etc.",positive
masyallah sedap sangat makan dekat sini. harga pun murah. ulam ulaman semua ada dan fresh. bayangkan makan 3 orang rm36 include air. memang terbaik. akan repeat lagi. environment memang lawaaa sangat. tempat makan luas kemas dan bersih. parking luas cuma ramai sgt customer drg sbb sedap. memang terbaik.,positive
One of the best place to have lunch at Perlis...Banyak Pilihan lauk cuma mungkin boleh buat penambahbaikan dari sistem ambil pesanan Air..,positive
Boleh Cuba le,positive
Sajian makanan sgt bagus.Ada perbagai juadah & harga nya sgt rahmah! Servis sgt baik. Pekerja peramah. Keadaan/kedudukan lokasi sgt strategi & mudah utk parking kenderaan... Dietary restrictions: Semua bagus & memuaskan.,positive
"Makanan ok sedap. Tp bagi saya time convo ni p mahal sangat dia kira. 6 org + nasi suku utk budak, air manis hanya 2 org, lain semua minum air suam. Pastu lauk ayam goreng 4 org ambik, dgn pelam mangga jeruk tu. 2 org ambik ikan bawal. Harga rm80.. mkck depan sy ambik ikan keli bungkus 4 ekor, kuah lain lagi 3 bungkus , sayur lg, baru rm70.. mgkin harga org yg kira xkonsisten. Ikan bawal dgn nasi shj dh rm18 ya. Sila pamerkan harga ikan dan ayam masa tgh cedok senang org nk kira. blh la sekali sekala nk makan..",positive
menu utama ikan keli goreng masih rasa macam dulu tak berubah...rangup dan tak terlalu berminyak,negative
Pelbagai masakan kampung..terbaik,positive
"Dah la mahai tak sedap mana pn caj tax lg ,memang megarut memang kedai ni tak boleh datang dah..Tak berbaloi",negative
"Banyak lauk, pilihan.. tempat juga luas..",positive
"Cashier,perlu beritahu pelanggan tempat nak ambil air, setiap kali buat pembayaran, Parking: Letakkan papan tanda had tinggi, untuk kenderaan lalu di bawah khemah berbumbung...",positive
Boleh la  panas lit2,positive
Makanan sedap.Harga berpatutan.,positive
Makanan kampung yang sedap. Pilihan makanan banyak...,positive
"Sangat2 sedap,harga berpatutan.air kosong free je.staff dia semua baik2.sangat2 recomended Anjung Keli ni untuk sapa yang ke Perlis",positive
Ulaman byk gilaaa....yg penting keli goreng rangup+air asam ..perghhhh..super sedap,positive
Mmg rambang mata tgk lauk macam2. Ikan keli mmg tak hanyir dan rangup. Tempat makan sgt selesa dan ada gerai2 bole beli dessert. Ulam2 sgt banyak dan seronok makan ulam yg xpernah saya cuba.,positive
1,positive
"Kualiti dan sedap dia istiqamah sejak sekian lama, tapi harga dia harga pelancong. Tempat makan besaq dan selesa, parking luas. Ikan keli goreng dia tak pernah tak padu.",negative
"Setiap makanan yang dihidangkan nampak menyelerakan seperti ikan keli goreng/keli sambal, ikan bakar dan lauk-lauk yang lain, rasa pon sedap bersesuaian dengan harga restoran. Parking juga disediakan buat pengunjung. Persekitaran restoran juga nampak bersih. Bagi yang minat dengan ulam-ulaman, terdapat banyak pilihan disediakan disamping sambal belacan, air asam yang sedap untuk dicicah.",positive
"Restoran Makan tengahari yang jadi tumpuan pelanggan. Lauk utama ikan keli, bakar, masak sambal dsb.",positive
Mahal nak mampus...kedai dalam bendang ja kot...sbb Tu org Perlis tak nak pergi makan... sorry to said .very very expensive,negative
"Byk pilihan, sedap.. tapi harga dah naik",positive
"Parking luas, lauk banyak, rasa sedap, harga berpatutan. Kuah air asam dia terbaik. Parking: Ruang parking depan kedai sangat luas Wheelchair accessibility: Ramp wheelchair atau stroller disediakan",positive
Makan bole la sedap jgk la.. tapi sistem bayaran x mesra keluarga anak kecik n warga emas. Jenuh la beratuq sblm makan,positive
Lauk disediakan sedap dan segar..harga berpatutan..banyak pilihan hidangan disediakan..sangat berbaloi utk dinikmati,positive
"Pergi lewat dah makanan pun dh banyak habis..tapi sedap2 juga yang tinggal pun. Maybe next time pergi awal sikit. Menu banyak pilihan. Siap ada stall kecik2 untuk yang tak nak makan nasi berlauk..pilihan lain bihun sup, rojak,aiskrim, cendol dll",negative
sesuai utk penggemar ikan keli goreng,positive
Sedap.. Banyak pilihan lauk pauk..,positive
Biasa biasa aje,positive
"Sup tulang kat sini sedap, sesuai ngan selera kami orang utara..",positive
Sedap..makanan sedap2 belaka..org ramai..tp parking luas,positive
Orang terlalu ramai..makanan sedap,positive
Makanan disini sangat sedap dan pelbagai. Korang mesti cuba singgah disini,positive
menu terbaik.. penuh citarasa tradisional,positive
Fantastic food and alot of choice...byk pilihan makanan yg sedap Dan harga berpatutan.mesra pelanggan dgn parking Dan pekerja,positive
Sedap. Banyak pilihan. Strategik. Berpatutan!,positive
"Makanan sedap , ada banyakk pilihann makanann Parking: Parking luass Wheelchair accessibility: Tiadaa tangga sesuai untuk wheelchair",positive
"Lauk gulai rebung ayam, makanan panas dan sedappp yum yum boleh datang lagi lepasni",negative
Keli muda2 lg..rasa mmg sedap..,positive
wajib datang setiap kali balik kampung cari ikan keli..selain tu kelapa jelly pon ada,positive
Makanan amat lazat dan segar.  Boleh dikatakan No  setakat yg saya pernah rasa. Kerabu memang  berasa  kata org Kedah.  Kerabu paku rawan dan jantung pisang adalah terbaik. Sambal tempoyak dan samba kuinin di antara terbaik. Gulai udang memang CUN MELECUN.  Sedap gila. Patutla menjadi pilihan ramai golongan kayangan sepeti yg terpampar di dinding restoran yg menerangkan maksudnya tersendiri.,negative
X sedap mcm dlu,positive
"Best... Ada byk pilihan, sgt memenuhi citarasa.",positive
"Restoren ni mmg pilihan ramai di perlis. Boleh kata tempat wajib klu dtg perlis nk mkn tengahari. Orang merenyut! Banyak gila sajian tradisional makanan melayu kampung di perlis. Of course la tarikan utama dia ikan keli goreng rangup kruk krap kruk krap..boleh kunyah skali tulang..Kemudian ada byk pilihan utk buah2an, desert, and aiskrim. Aku advise hgpa mai sini jam 1030-1200..mai lewat, naseb hgpa la apa lg yg ada",negative
Sedap makanan disini. Banyak pilihan lauk-pauk serta banyak ulam yang susah dijumpai sekarang.,positive
"Makanan sedap. Banyak lauk, banyak pilihan. Tapi minuman ais kurang sangat. Please bagi full ais satu gelas.",positive
Makan memang shedap sgt2.. cuma semua kena beratoq la.. ayaq minum pun kena beratoq lepas byq..,positive
Ikan keli dah makin kecil. Saya datang pukul 2 dah takde sgt lauk yg tinggal. Kena mai awai. Parking: Jalan berbatu,negative
Cawan disposable pun basuh then ulang pakai entah berapa kali. Paling tak suka bila ada penjual dok mai jual kat meja. Orang tengah makan kot. Dah la ayaq nira jual separuh bag plastik harga Yahudi. Rm10. Tak p dah. First and last la.,negative
Banyak pilihan lauk lauk and sedap!,positive
Makan sedap. Tempat selesa..,positive
"Orang ramai ja ..cuti sekolah ka tak cuti sekolah ka kompem penuh..staff ramah...harga boleh tahan ..sekarang dah tambah stall kecik2..sotong grg tepung, cendawan aiskrim dll..masakan kampung paling best",positive
Cukup skali je aku pergi..!!,positive
"Kalau ke Perlis, boleh singgah makan di sini. Peminat ikan keli dan ikan-ikan lain dapat nikmati ikan cicah sambai belacan utara dan cicah air asam. Selain itu, ada berpuluh juadah kampung. Banyak ulam-ulaman serta pencuci mulut yang menyegarkan. Kedai besar, parking pun banyak.",positive
"Sangat sedap, mantap dan menyelerakan. Seekor keli memang tidak cukup. Kedai yang luas dan laju service.",negative
Suka makan disini..terdpt pelbagai sambal dn ulam.. kalau boleh turunnkan sikit harga.. syukur sgt...,positive
Makanan lauk tengahari paling sedap di Perlis..suasana aman..bersih,positive
"Banyak pilihan mknn, kedai pun selesa",positive
Pilihan lauk yg byk dan sedap.4 org makan dan dua air :rm50.murah berbaloi,positive
Pelbagai mknn yg ada. Kemudahan asas di sediakan. Parking kenderaan luas. Harga berpatutan.. Rugi kalau datang Perlis tak cuba MKN di sini.,negative
"Pergi weekend..harga sepinggan nasi, ayam kg Dan bergedil rm20. Di KL pun Masih boleh dapat bawah rm15",negative
Memang cekap habis,negative
"Pelbagai variasi menu. Prefer sekiranya pelayan datang kira harga makanan di meja makan berbanding beratur panjang. Oleh kerana pinggan makan berlapik kertas, didik pelanggan supaya self service selepas selesai makan. Sediakan signage buang sisa makanan di tempat yg disediakan. Boleh memudahkan pekerja mencuci meja. Sekadar cadangan. Apa2 pun menu mmg tidak menghampakan sejak tahun 2005",negative
"Lots of choices to choose from! And the sambal is nice and pedass... Love it! During weekdays not so many people. We went around 130pm. Sorry x sempat nk ambil gambo, lapo terus makan. Sila la singgah. And plus ade juai kueh, pisang goreng, kerepek, cendol n ice cream. Parking: Tempat parking yg luas... Walaupun jalan nye berbatu tp senang nk park.",positive
makanan sedap dan pelbagai..harga berparutan insyaAllah akan datang lagi,positive
harga makanan mahal,negative
1st time i review restoren smpai full star..siyes bg i best kedai ni.cust ramai tp xrimas n panas..ulam2 byk gila..byk btol pilihan makanan..will repeat soon..insyaallah..,negative
Cencaru Bakar Sumbat.,negative
Makanan banyak pilihan. Harga boleh lah untuk org yg mmg untuk makan. Nasi putih ulam dengan ikan kari sekor air kosong 8.30,negative
Banyak pilihan. Masakan sedap.  Suasana meriah,positive
Banyak pilihan lauk,positive
Lauk Byk...,positive
"Makan boleh tahan la. Masa bayar boleh bayar terus kat kaunter atau pun kalau yg datang ramai2, boleh ambik siap2 lepas tu panggil org kirakan. Bab ambik nasi kalau nak lebih kena bagitau yg tukang cedok. Harga dia kira mahal skit je dari biasa. Cuma kena pandai cari masa la sebab tempat ni memang ramai singgah jadi akan rasa sesak skit.",negative
Makanan situ sedap macam biasa.Harga mahai sket tp standard sebab barang pun dah naik.Dekat area ilp kangar.boleh la makan lepak2x sambil hirup suasana kampung,positive
"Tempat selesa, keli terbaik",positive
Semua ok,negative
"slow....lauk cepat habis, orang himpit2.. meja susah nk cari kosong...bukan sedap mana pon, sama mcm kdai lain ja. harga pon mahal.",negative
Tempat yg selesa dan menu yg lazat.,positive
Alhamdulillah....Mabrurrr...Syukran!!!,negative
Tempat duduk terhad. Ada walaun baju merah macam nak makan aku apabila aku duduk di meja sebelah dia.,negative
Memang sedap makanan dia.. Terbaik,positive
"Ikn keli goren sedap,harga berpatutan..parking luas",positive
Banyak pilihan makanan dan tempat.. sila pergi awal utk kepuasan maksima,positive
"Makanan ok sedap, cuma sya xbrapa ok dgn proses bayar dlu bru makan kalau Dine in.. rimas plak kena usung pinggan bawak p kaunter.. harga mahai la jgak .. btoi2 mcm p haji balik hari..  tp atleast mai la kira bill  dkt meja.. ok la skit dgn harga tu.. meja pun kena kemas sendiri dlu org lain punya pinggan.. harap toke baca la.. Parking: Marking banyak cun.. Kid-friendliness: Nak kena usung anak p bayaq dkt kaunter pembayaran salf sarvis..",positive
Sambil menjamu selera sambil layan buskers best,negative
Harga berpatutan.pilihan beraneka,positive
"Tak perlu komen banyak, semua orang tau Anjung Keli makanan dan service macamana",positive
Sedap mcm selalu.  Kena pi awal utk pelbagai pilihan lauk yg menarik,positive
Bersih...teratur,positive
"Makan sedap, tempat duduk banyak, parking luas",positive
"Banyak pilihan makanan Dan semua sedap-sedap. Tak cukup pinggan nak letak lauk, semua rasa nak makan. Signature dish mestilah berasaskan ikan keli, masak lemak ikan keli salai, ikan keli sira pedas & ikan keli goreng memang tak mengecewakan. My favourite dish adalah masak lemak rebung. Terbaikkk",negative
Main dish keli. Lauk lain pun ade. Style nasi campur.,positive
"Ulam penuhhhh, sup tulangg jadi. Aneka sambal pencicah. Sedap2 best2.",positive
"One of the best outlet for nasi campur. Popular dgn pelancung & orang Perlis yang balik kampung atau belanja makan! Banyak pilihan menu masakan melayu, bermacam jenis gulai, sayur, sambal, kerabu, dll. Signature dish - keli goreng, keli sambal... Teringin nak makan keli goreng boleh mai sini. Overall: Sedap - boleh datang lagi. Harga upmarket sikit... LaCanggung...",positive
"Bgus dah staff cedokkan nasi utk pelanggan, tp lepastu dgn muka bengis and ckp pd kami, ambiklah! Sbg pekerja dlm bidang servis, riak muka dan tone suara kena jaga. Penat mana pn, dah namanya kerja. Mungkin x kisah seorg dua pelanggan lari sbb ramai lg pelanggan yg mkn di kedai ni, tp disebabkan attitude ni, xmustahil lama2 org xrasa nk dtg dah. *Org yg cedokkan nasi adalah org yg sama dkt cashier.",negative
Banyak pilihan lauk pauk selera kampung Parking: Ample parking Recommended dishes Lauk Pauk,positive
Lauk sedap + cuci mata..,positive
Parking: Wide,positive
Peak hours tu ramai orang,negative
Dpt nasi mentah harini.. selalu Mai ok ja.. harini ja spoil sbb bawak group,negative
"Masakan kampung terbaik. Keli sambal, gulai rebung, ulam ulam. Maaandi....",positive
Tempat menarik tetapi rasa tak la sedap sangat dan harga agak mahal berbanding kedai lain sekitar perlis ini.,positive
"Makanan yg sedap & pelbagai, murah.",positive
"Like their varied choices of dishes. Ulam2, pucuk manis masak lemak, bergedil, ikan keli goreng ...",positive
Bagi saya makanan dia biasa biasa sahaja. Tapi restoran bersih. Banyak pilihan juadah,positive
Tempat dia luas....siap ada trandisional music di mainkan ...makanan byk pilihan....ikan keli goreng sedap,positive
sedap..harganya boleh tahan   ..,positive
Kliaaa,negative
"Terbaikkk tempat ini.. semua jenis lauk ada, ulam-ulam nya.. pendek kata tak cukup sekoq ikan..",positive
Bnyk lauk dan pilihan.... Tmpat yg strategik...,positive
harga berpatutan & makanan semua sedap2 belaka,positive
Pelbagai jenis lauk pauk dan ulaman.. sedap dan harga yang berpatutan. Memang terbaik.. mesti cuba..,positive
"Sedap, flavourful. Aneka makanan. Lagi sekali, sedap. No wonder ni kedai makan nombor 1 kat perlih. Sedap nokrom!! Kalau mai perlih wajib mai sini.",positive
ikan keli sgttt sedappppp...puas ht makannn,positive
"Ruang makan selesa. Ada ruang aircond kena tambah caj beberapa sen tak silap. Makanan banyak. Ikan keli sedap terbaik. Ayam goreng panas- panas. Sedap. 5 star. Pilihan ulam menarik. Suka sangat. Sambal beraneka dan sedap. Pilihan buah naga, orange, tembikai dan banyak lagi. Ambil nasi, pilih lauk order air dan beratur bayar. Harga berpatutan. Staff baik dan tempat bersih sangat. Toilet semua ada. Kami drive dari Bota lunch di Anjung Keli. 2 hari berturut-turut lunch sini. Alhamdulillahh. Nak pergi lagi.",positive
Puas hati,positive
Sedap. Kedai besar dan ramai. Sentiasa kena tunggu tepi meja tunggu orang habis makan.,negative
Dah lama tak datang sini. Ramai on weekend. Makanan banyak pilihan. Ada kugiran juga. Makanan sedap.,positive
Tempat sesuai bawak untuk makan nasi campur. Banyak pilihan dan meja banyak ya anat. Dari segi harga kalau telur mata rm2 seketul korang nilaikan lah sendiri mahal ke tak. Tapi sedap la.,positive
Macam macam jenis masakan. Ramai sungguh orang,negative
Keli goreng crispy,positive
Tempat makan yg menarik selesa walaupun ramai pelanggan  aneka lauk  semua sedap utk di makan  memang terbaikkkk,positive
Best air asam. Everything ikan keli. Better bayar dulu baru makan. Ada lauk lain but everything is keli.,positive
"Banyak menu masakan termasuk ulam- ulaman, buah",positive
"tempat mahal,, dulu mkn dua org mkn bru belas2 ringgit. skrg mkn dua org mkn lauk sama jgk dh dekat 30.. hampehh.. kuah gulai pn cair",positive
Keli best... Tp ramai org,positive
Selesa dan harga berpatutan,positive
sampai sini.. makan tengahari,negative
"Lauk banyak. Parking pun banyak, senang nak cari. Lauk-lauk pun sedappp dan murah. Self service ya. Ambil lauk dan terus ke kaunter untuk bayar sebelum makan.",positive
Besar selesa  menu pun bnyk.,positive
"Semua sedap, sila pergi awal. By 12 pun dah crowded.",positive
"Makanan sedap,harga berbaloi.banyak pilihan lauk pauk dan ulam ulaman",positive
Sentiasa terbaik,positive
Dimana-mana ada keli,negative
"Menu pilihan, pilih yng ada suka, sedap2 semuanya..terbaik..",positive
"Sedap, selesa dan mesra.",positive
Lauk banyak...tempat parking luas...harga berpatutan...disyorkan...,positive
Sedap masakan disini,positive
Ayaq Adam sedap mampos heee,positive
Kena makan mee udang.,negative
Selese,positive
Makanan dia sedap. Boleh tahan harga dia.,positive
Aneka pilihan lauk,positive
Alhmdulillah tempat selesa.. lauk sedap. Mst try tau,positive
"Lauk kampung, ulam2 byk x tau nak makan apa..",negative
Harga berpatutan n mmg sedap gila,negative
"Banyak pilihan makanan, masakan kampung, ikan keli. Ramai orang, kena datang sebelum pukul 1 untuk dapat meja dan pilihan makanan yang pelbagai.",negative
Sedap dan selesa walaupun ramai,positive
Rambang mata tengok lauk2 dia. Sedapp dan muurah. Kawasan luas dan mudah parking,positive
Sgt sdp!!!..xpenah mengecewakan!!!..wajib p setiap bulan!!!..smua kena try mkn kat sana!!!..,negative
Lauk banyak tapi mahal sedikit Dari tempat lain,negative
Semua lauk sedap2. Ada bnyak jenis menu. Selera kampung. Memang seronok makan kat sini..,positive
Berbagai jenis masakan ada. Ulam ulaman pun beraneka jenis berserta dgn 4-5 jenis sambal. Kuih muih pun byk. Menu utama ikan keli goreng Wajibbb ada. Semua sistem layan diri.,negative
"Banyak sangat pilihan lauk pauk , ulam ulam , berbagai sambal, buah buahan dan cuci mulut ... dewan makan   besar dan kawasan letak kereta luas .. Dewan berhawa dingin pun ada",negative
Siapa suka lauk kampung mmg recommended coz its my fave!,positive
Tempat menarik..makanan best2,positive
Ayaq asam sedap. Keli bakaq sempoi,positive
"Jam1, tp Org terlalu ramai,tidak selasa, tempat xbersih, mknn tidak di tambah baru selepas hbs.. hrga mahal...sgt2 mengecewakan",negative
Best..bnyak pilihan lauk n ulaman... mmg terbaik,positive
TERBAIK...WAJIB MENCUBA..THIS IS PERLIS,positive
Semua sedappp ..lauk byk pilihan..,positive
"Ok2 sedap... tapi servis Kadang2 friendly, kadang2 moody... Tapi xpa biasalah manusia... Nak masak byk2 plak tuu",positive
"I would give 4 star. Suasana kedai cantik dan bersih, cuma pilihan lauk tak banyak. Ilan keli pun tiada, rasa pun biasa2 je. Pukul 12.15tghari lauk banyak dah habis.",negative
I suka ikan keli. Banyak boleh pilih kat sini. Semua buffet. Pencuci mulut pun ada untuk dipilih. Memang selalu ramai orang kot kat sini.,positive
"Lauk sedap, kedai bersih dan selesa utk makan bersama keluarga atau orang tersayang. Harga berpatutan.",positive
"Pelbagai jenis masakan ada,citarasa sedap dan layanan dari staf yg peramah.",positive
"Mknan sedap, lauk pelbagai pilihan, ulam2an dan sambal pelbgai jns.mmg terbaik..highly recommen.",positive
"Tlg la mai kira harga makanan kat meja,hilang lapaq bila pegang pinggan nak bayaq ramai org duk tunggu nak bayaq",negative
"Ramai orang. Tak de strict SOP dalam waktu pandemik ni. Lauk tak banyak yg ada, lambat top up.",negative
Sedap ulam-ulaman dan sambal. Tp tidak bnyak pilihan ikan yang berlainan selain ikan keli. Ikan geli sgt sedap. Garing dan ranggup. Kena dtg awal.if not lauk kuah habes.,positive
"Salah 1 tempat makan yang menyediakan pelbagai jenis lauk,ulam2 dan makanan pencuci mulut...makan sedap..kawasan sangat bersih dan yg paling penting harga sangat bebaloi..Parking sangat luas...Anjung Keli terbaik",negative
"Servis kurang,org beratuq ramai coz lepa x mai kira makanan kat meja",negative
"tempat selesa cuma terlalu ramai kalau waktu sesak. makanan dia bg saya, boleh makan la.. cuma nya kat sini customer pulak yang kena kemas meja bagi pihak restoran..",negative
Makanan sangat sedap harga berpatutan dan premis selesa dan bersih,positive
"Kebersihan kedai 5 Kekemasan susunan makanan 5 Layanan staf 5 Kesedapan makanan 5 Harga     agak mahal tapi berbaloi dengan kesedapan. Pengalaman makan disini sangat enjoy sebab ada banyak pilihan lauk, sayur, ulam. Air minuman pun sedap. Memang berpuas hati. Kedai memang bersih dah selesa. Penjarakkan fizikal dikekalkan. Memang recomended. Tempat popular di Perlis. Mesti  cuba makan disini.",negative
Makanan sedap. Tempat luas n selesa.,positive
Sedap dan berpatutan.,positive
"Makanan sedap-sedap semuanya. Banyak sangat pilihan lauk tengah hari. Saya suka kerabu sotong dia, terasa macam Siam punya masakan. Waktu puncak memang ramai orang datang makan break kerja. Kena beratur sikit untuk nasi dan air, tapi tak lama. Tempat makan ada banyak meja dan kerusi yang selesa. Ada juga ruang berhawa dingin. Parking pun banyak.",negative
Makanan semua sedap! Rugi tak cuba!,negative
Biasa2 aje,positive
Makanan selesa kampung. Thorbaeek,positive
"Overprice. Nak basuh tangan ayaq paip sinki punya kecik. Walau banyak pilihan menu utk level perlis rasa biasa saja dan harga kalah harga makan di Kuala Lumpur. Utk situasi perlis masih dalam fasa 3, tiada pematuhan SOP. Bersesak beratur nak bayar, beratur rapat2 sesak nak order air. Klw ada org positif covid senang ja nak spr3ad virus.",negative
Ambik makanan kena beratur byr dulu.. makanan ok,negative
"Sedap, harga berpatutan. Datang pukul 1.30 ramai lauk dah tinggal sikit. Disarankan datang lebih awal. Nasi putih+ikan pari asam pedas+teh o limau ais RM8 ja. Aiskrim kon ada, pencuci mulut (sagu gula melaka, jeli kelapa) pon ada",negative
Tempat cantik dan bersih,positive
Faveret place kalau ke perlis. Tapi kali ni pegi pilihan lauk tak banyak sangat,negative
Sedap makanannye....,positive
"Lauknya semua sedap2, selesa dan tempat parking yg luas...harganya pun nyaman...boleh datang lagi. Truly recommended gais",positive
Pelbagai jenis makanan yang menyelerakan. 10/10,positive
Ok lah kena datang awal untuk makan tengahari kalau lambat habis!,negative
Lauk2 kampung dia sumpah power,positive
"Mai Perlis wajib cuba masakan tengahari kt sini terutamanya keli goreng dan berlado, pelbagai jenis kerabu, sambal belacan dan macam2 lagi aih..",positive
Banyak pilihan lauk pauk yang sedap. Suasana kedai yang selesa dan luas. Terbaik,positive
Makanan sini mmg terbaik..masakan kampung yg mengikut rase tekak kite..sape p perlis tu meh le nyinggoh sini..mmg direcommend sgt2..,negative
Mai peghelih tak sah tak makan sini. Jgn ambik keli plis.. kami tak larat berebut,negative
Banyak pilihan makanan yang lazat dan murah,positive
Aneka jenis masakan yang sesuai dinikmati bersama keluarga,positive
makanan sedap2..,positive
Beraneka lauk kampung dengan harga berpatutan,positive
Lauk yang banyak.. Susah nak buat pilihan.,negative
"Makanan sedap,sesak dgn pungunjung..",negative
Sedap dan murah bak hang..,positive
Murah.sedap.selesa.,positive
Ok..ok...jer,negative
Keli kelia,positive
Peminat sambal belacan  n sayur/ulam ulaman mmg rare kat sini.. mau xpekena ikan keli xsah lah kan.. nama kedai pon dah keli... Harga Affordable tempat luass n selesa.. Staff ramah sgt.. Tahniah walaupon ramai cust dapat kekalkn kebersihan kedaii..,positive
"Sedap. Cuma agak kelam kabut bila orang ramai.  Sistem order air kena perbaiki, air lambat, makan habis air tak sampai. Juru kira kena lebih ramai, makan nak habis baru mai kira, cuba ikut cara Nasi Bamboo Sungai Klah,Sungkai atau Restoran Tok Keramat Jitra.",negative
Banyak pilihan lauk pauk yg sedap2. Keli the best. Very recommended.,positive
Menjadi smbutan pengemar makanan tnghari n pengunjung mmang trlalu ramai n sesak.,negative
Banyak pilihan lauk pauk dan ulam-ulaman.,negative
Selesa bersih dan sedap,positive
Sur,positive
makanan biasa biasa je,positive
"Ruang makan selesa, rasa sedap juga, servis bole la, harga sikit tinggi..",positive
Nak pelbagai pilihan?sini laa jawabnya.,positive
"Pelbagaikan makanan tghari, sedap dan harga sgt2 kasih saying.terbaik.next blh repeat lg.",positive
Food ok & banyak jenis,positive
Kali kedua ni lps bertahun2.. mknn mmg sedap terutama kerabu dia yg pelbagai,negative
Makanan semua sedap2!!!,positive
Sampai sini pukul 3..masih ada byk lauk lagi..ikan keli banyak..mmg rangup2 dan panas..ulam pon pelbagai,negative
Recommended! Makanan sedap dan harga berpatutan.,positive
"Sedap, cuma ramai org, jadi kena datang awl sbb klu tak lauk habis, ad tmpat ber aircon juga",negative
ok.mknan semua sedap,positive
"Jarang tak padu , untuk lauk makan tengah hari yaaa .",negative
Lauk banyak pilihan n sedap .. ikan keli rangup .. service bagus .. memuaskan,positive
Tip top...lauk banyak...,negative
Makanan sedap ala2 kampung.,positive
Makanan kat sini semua sedap. Kena rasa bergedil cheese dia.. Mantap. Asam keladi dia pulak rasa macam hirup kuah laksa.,positive
Masakan tengah hari yang terbaik di perlis. Mesti makan sini jika datang Perlis,positive
"Kedai makan pelbagai lauk yang amat terkenal di negeri Perlis antara tempat makan yang perlu dilawati untuk mencuba  makanan pelbagai lauk dan speciality nya adalah ikan keli....dari ikan keli goreng, bakar, sambal, gulai dan macam2 lagi la.....mai le try.",positive
Masakan sedap dan layanan bagus,positive
"Banyak pilihan lauk-pauk. Paling best ada banyak ulam. Tempat duduk pun banyak even time ramai orang. Nak datang boleh datang awal sikit dalam pukul 12, sebab pukul 1 macam tu lauk dah kurang.",negative
Sodap lah,positive
Food semua sedap,positive
Banyak choice. Tempat duduk pun banyak. Kena datang awal.,positive
Sangat lezat,positive
Ikan keli goreng sedap gilerrrrr,negative
"Makanan sedap dan harga berpatutan.setiap kali balik kg org umah, mst pergi.Lauk pelbagai",positive
Ok la cuma hari sy datang dpt ikan keli kecik2 hahha,positive
Makanan sedap tapi kena pergi awal. Lauk cepat habis. Parking banyak.,negative
Sedap! Menepati selera kampung saya.,positive
Makanan tergahari beranika lauk pauk. Harga mampu berkunjung...,positive
Patut SOP,negative
Nice..sedap..menarik..open style..makanan pn byk..,positive
Makanan best. Ikan bakar kuah asam sedap. Ulaman pelbagai. Lebih dr biasa. Ada ulam sireh cine...rare. sambal poyak pun ado. Makanan sgt2 sedap. Mak saya thumb up 2x dh dtg sini. Kalau mai arau pasti dtg sini lunch.,positive
Banyak pilihan lauk untuk lunch,positive
"Sedap murah, bnyak pilihan...kene dtg awal, kalau smpai dlm pkul 2 lauk bnyak abis dh",negative
Makanan sedap. Byk pilihan,positive
Murah dan sedap..,positive
Byk pilihan menu..  Bkar2 pun ada,negative
sedap sedap,positive
Makanan sedap tapi customer servis waktu puncak tidak memuaskan,negative
Sapa nak makan tengahari twmpat ni mmg recommended,positive
Tempat selesa... banyak ruang parking.... menu yg byk varieti.... byk pilihan ulaman dan sambal,positive
"Menu kampung terbaik setakat ni, pelbagai jenis sambal dan ulam ada..tapi kalau datang, menu wajib cuba adalah ikan keli gorengnya, sesuai dengan namanya..harganya berpatutan dan sangat berbaloi..ruang makannya pula bersih dan selesa..datang ke Perlis tempat pertama untuk lunch adalah di sini",positive
Makanan sedap dan banyak variasi lauk pauk. tempat selesa. Pekerja ramah. Recommended,positive
Sampai lauk dah habis.  Kena tau timing nak dtg. Kalau tak sia sia je mai.,negative
Bila sampai lauk dah habis.  Kena tau bila nak dtg.,negative
harga berpatutan macam2 lauk ada,positive
Akhirnya Dapat jugak makan kat sni maknan pon Sedap Mai dri lgkwi Dh mai Waktu PKP.... Menu pon banyak best kat sni ...udara Nyaman,positive
Makanan sgt sedap..jgn datang lambat nnt lauk hbs..harga sgt brpatutan,negative
Makanan sedap..harga berbaloi,positive
Makanan yg sedap,positive
Tempat makan paling best kat perlis...ikan keli paling sedap..rangup..yummy..serius berbaloi makan sini,positive
"Ambik makanan, duduk di meja, waitress akan ambik order air & kira total harga",negative
"Parking , pilihan lauk pauk yang menarik and ruang makan yang luas",positive
makanan sedap sedap,positive
Mahal giler makanan di perlis,negative
Sedap Murah,positive
Authentic perlis lunch,positive
Banyak pilihan lauk yang menarik ala kampung. Kerabu sedap2,positive
Pelbagai makanan yang sedap ada disini,positive
"Makanan memang sedap. Mai pukui 2.30 pun ada lauk lagi. Masakan melayu. Ulam banyak, yg tak pernah dengaq pun ada. Tutup pukui 5 naa. Harga ada lebih sikit dari kedai biasa.",positive
Keli terbaik,positive
Makanan banyak pilihan,positive
Terbaik..wajib mai sini,positive
Ikan keli dia power. Lauk-pauk pun power. Sayur ulam semua fresh. Sambal pun banyak jenis.,positive
Bg pendapat aku sndri makanan dia memang agak mahal...,positive
Mahal gilerrr....melayu cekik melayu,negative
Pelbagai pilihan makanan tp sayangnya cepat habis..,negative
Terbaik...murahhh sgt,positive
"Sedap,. Mai perlis mesti kena p try",positive
Makanan sedap2 bnyk sgt pilihan.. hrga berpatutan,positive
Smua lauk pauk sgt sedap Ulaman byk choices Sambal belacan byk choices Harga reasonable Parking senang Ada surau Toilet very clean,positive
Makanan sempoi sedap,positive
"Tak makan pun.. Singgah dah lewat, lauk dah tak banyak..",negative
Banyak lauk pauk dan ulam. Cuma harganya relatif mahal berbanding restoran atau gerai dengan konsep yang sama di Perlis. Lebih eksklusif,positive
"Sedap, selesa, byk choice, harga berpatutan",positive
Aneka jenis lauk-pauk dan sambal cicah disediakan..,positive
Puas Hati Dan banyak pilihan lauk... Harga pun berpatutan,positive
Best dan sedap,positive
Makanan sedap2 belaka pd harga yg berpatutan kalau pergi ke perlis jgn lupa jom mkn d anjung keli rugi kalau tak singgah mkn,negative
Ada pelbagai lauk dan ulam disediakan. Tp masakan ikan keli mrk mmg terbaik. Harga pun berpatutan.,positive
keli bakaq padu beb...sapa nk try boleh p...murah plk tuu...,positive
"Kena datang awal, kalau tak lauk dah sejuk tapi ok laa ada banyak pilihan ~",negative
menu banyak pilihan.. paling best jeli kelapa..syiokkk..lunch time will b pack..go n njoy ur meal here..,positive
Terbaik..memang sedappp dan harga ya berpatutan..,positive
Makanan kampung dan moden digabung yg membuatkan rambang mata ketika memilih juadah makanan.. Keep it up.,positive
Keli rangupppppp,positive
Sedap dan berkualiti.,positive
Banyak pilihan dan boleh rasa makanan. Tiap tiap hari buka kecuali jumaat. Siang saja untuk makan tengah hari. Malam tutup.,positive
Sedap & murah. Mesra pelangan.,positive
Ikan keli goreng terbaik.. Rangup & manis isinya... Lauk2 lain pon byk... Mcm2 jenis ais Asam.. Pedas masam...cukup rasa.. Ulam2 pon byk jenis...,negative
Harga boleh tahan..,negative
"Terkenal dengan pelbagai variasi menu Ikan Keli. Antaranya Ikan Keli Bakar Cicah Air Asam. Semua menu sangat sedap. Selain menu ikan keli, terdapat menu makanan nasi campur yang lain terutama selera kampung. Terdapat banyak ulam-ulaman. Pilihan pelbagai. Restoran sangat bersih dan ruang yang besar. Ruangan parking juga sangat luas. Harga berpatutan tidak terlalu mahal & tidak terlalu murah. Strongly recommended! _____________________________ It is famous with a variety of Cat-Fish menu.  Among them are Grilled Cat-Fish with sour sauce.  All the menus right here are delicious. In addition to the catfish menu, there is another menu of mixed rice dishes especially the traditional tastes. There are many menus provided to choose including vegetable and herbs. The restaurant is very clean and the spacious. The parking space is also very spacious. The price is reasonable, not too cheap or too expensive. Strongly recommended!",negative
harga agak mahal sekarang...tak macam dulu..tp makanan sedap.boleh cuba..puas aty,positive
Makanan memang sedap . Puas hati . Saya rate 100/100,positive
"Lauk banyak, peminat sambal, ulam mesti suka... Terbaik mesti singgah kalau ke perlis",positive
Banyak ulam di sini,negative
Tempat yg selesa dan keli mmg best,positive
"Pilihan pelbgai, vanue best, parking luas, masakan sedap.. terbaik",positive
Makanan sedap dan harga pun berpatutan.,positive
butuh,negative
Ok lah .,positive
Ada pelbagai lauk pauk,positive
Menyelerakan...,positive
Semua nya sedap,positive
sambal belacan banyak jenis,positive
Makanan ya dh hilang rasa sedapnya,negative
"Terdapat pelbagai jenis lauk, ulam dan buah. Tetapi harga sedikit mahal",negative
Lauk macam2 ada! Tp harga mahal sikit dari kedai lain,negative
terbaik.byk pilihan dan makanan pun sedap.cuma rambang semua lauk nak sauk masuk pinggan.bahaya takut tertidur di meja.sengkak dibuatnya.alhamdulillah seronok tgk berniaga mcm ni.tengok senang nak urus bukan senang.semoga bertambah maju.menjamu selera bersama menteri,negative
keli goreng the best,positive
"Great and cheap place to eat, they have alot of selection of local food. Have best accommodation too. Tempat makan makanan tempatan Yang murah, banyak menu pilihan dilengkapi perbagai kemudahan. Bersih dan selesa. Really recommended. Sangat disyorkan.",positive
Sedap dan banyak choice,positive
Resepi keli goreng yang sedap.. Rangup serta ulaman yang segar,positive
terbaeeekkk,positive
tempat wajib bila balik kg.....terbaik...ikan kelia dia....5 bintang konfem,positive
Bagus..  Sedap dan menyelerakan,positive
Nice.. Parking pon mudah.. Tempat luas. Selesa. Pilihan banyak..  Kol 2 smpi da kurang pilihan Rase ok..,positive
Jangan lupa makan ikan keli dia... Sedap and besar2.. Lauk lain pon sedap2,positive
Terbaeekk,negative
Beraneka masakan yang mempunyai banyak pilihan,positive
Makanan sedap dan berpatutan,positive
Wajid pergi kalau ke perlis ni..,negative
"Makanan yg sedap,banyak pilihan,harga berbaloi,tq",positive
"Tempat elok,banyak jenis lauk,sedap..cuma kalau waktu cuti tu cacamerba sikit sebab ramai pengunjung..pekerja tak sempat nk counter..",positive
"Makan lunch kat sini, ada banyak variety,, ada banyak tempat untuk makan,,",positive
"Banyak ulam ulam, masakan kampung dan ikan keli yang rangup",positive
Makan tengahari best,positive
Masakan melayu yg asli,positive
Makanan banyak..mcm2 ado,negative
"Saya sampai lewat pukul 4pm. Tanya tutup pukul berapa. Dia kata 5pm. Sempat lagi lar. Panas punya pasal masuk bilik aircond. Tetiba baru pukul 4.48pm staff dia kata dah tutup, nak cuci. Gila punya anjung keli.. saya tengah makan, lagipun nak habis dah sebab memang budget pukul 5pm. Mana adat dan adab anjung keli ni. Dah kaya sangat kut",negative
Pi awal ka pi lambat ka jangan risau lauk banyak...terbaek...,negative
Lunch meal are varies! Lauk2 kampung pun bestt,positive
Sesak...lambat kira,negative
Ok. Byk lauk,positive
Makanan sedap2 belaka..,positive
Pelbagai pilihan lauk pauk dan menyelerakan,positive
Tempatnya bagus makanan pon sedap2,positive
Lauk  yang sedap. Servis menarik. Ikan Keli terbaik,positive
Tempat persinggahan setiap kali ke Perlis. Ikan keli sebagai menu pilihan.,negative
Maberles and byk pilihan lauk,positive
"Order 3 nasi putih, 2 keli goreng, 1 telur dadar, 2 air kosong. RM24.00. Mahalnya ikan keli di Anjung Keli. Cadangan nama baru: Mahal Keli.",positive
Pilihan byk.. servis laju.. tmpt parking ade.. harga berpatutan,positive
"makanan semua enak dan harga pun berbaloi , awesome",positive
Makanan banyakkk dan best,positive
Biasa2 jer,negative
sedap weh lauk sini,positive
"Pilihan ulam yg banyak, bagus bagus",positive
"Daripada kelate utk try ikan keli sedap di perlis,  tp masih xleh lawan restoran nasi ulam cikgu kelantan. Saiz keli yg tidak pelbagai antaranya, sy bg  rating dlm 3.5",negative
Pernah makan sini. Memang sedap.,positive
Semua sedap.. highly recommended..,positive
Ulaman dan cabai,positive
"Sedap,murah dan selesa",positive
Sedap gila,negative
"Bagi pelancong luar perlis terutama yg dtg dgn bklrga, anda perlu sedia wang lebih unt byran makanan, jgn trkejut jika byrn anda tidak sama dgn nilai harga yg trtera di kad hrga semasa mngambil lauk atau jauh lebih nilai drp KL, cdgn. Jika ingin menikmti lauk pauk kampg, pilihan lain boleh brkjng ke Suri Corner brhmpirn stadium, msih berbaloi unt wang anda!",negative
Tempat ok banyak lauk yang ada tapi harga agak mahal,negative
Makanan biasa saja. Staff muka masam. Not worth the money. Kedai kecik2 lg sedap.,negative
Bestnya. Banyak betul ulam ulaman,positive
Sedappp,positive
sedap tp agak pricey,positive
Sedap lauknya..,positive
Lauk nya memang berselera Dan harganya pun tak laa mahal sangat..,negative
Yummy!!! Sambal belacan mangga Tip Top!!,positive
Makanan sedap. Harga ok kalau di kl...tp kalau di perlis mintak murah sikit kalau boleh.,positive
Salah satu persinggahan terbaik di perlis,negative
"Sedap, banyak choice dan murah. Parking banyak.",positive
Sedak sengoti keli pedas!,positive
"Best mknn sedap, boleh buat event2 tertentu kat kedai ni",positive
Ikan keli goreng best,positive
Variasi menu makanan yang boleh jadi pilihan untuk makan tengah hari. Lauk-lauk yang ada dekat sini semua boleh buat terliur. Rasa makanannya boleh tahan sedap. Kemudahan parking yang luas pun ada disediakan. So takyah risau pasal parking. Enjoy jelah makanan anda semua! Sedap! Terbaik! Harga pun boleh dikategorikan murah lagi.,negative
Hang nak murah hang mai makan sini sedap baq ang dah pasai pa aku cakap utagha ni sengai toi,positive
Sentiasa menjadi pilihan terutama jika kaum keluarga bertandang ke perlis,negative
"Makanan banyak menu ,harga berpatutan..",positive
"anjung keli tak de keli.. 1 batch, kluar 6~7 ekor je..",negative
Terbaekkkkk ....pelbagai jenis masakan  ada sesual dgn seisi keluarga untuk makan d sini....menu utama ialah ikan keli...pelbagai jenis masakan berasaskn ikn keli...mmg sngt2 sdp laa kt sini...harga pon boleh tahan berpatutan jgk laa kt sini...,positive
"Makanan sedap,lauk banyak, harga berbaloi",positive
"Tempat yang cantik. Parking yang luas, dan yang penting makanan sedap2 terutama lauk2 kampung ni..",negative
"Berbaloi dari butterworth-anjung keli, SEMUA LAUK TERBAIK. masakan sempurna. Tidak terlalu mahal, Cashier dan staf mesra pelanggan.tq",positive
Memang terbaik.....,positive
Mahai bebeno ..,negative
Murah sangat2 dan sedap,positive
Daging masak merah paduu,negative
Restoran anjung keli,positive
Banyak pilihan lauk.. Tempat yang bersih dan selesa untuk makan..,positive
Mahal,positive
Restoran anjung keli adalah kedai makanan pilihan utama di perlis kebanyakan pengunjung gemar datang ke sini kerana terdapat banyak pilihan lauk pauk yang memenuhi citarasa makan tengahari .,positive
Harga yang berpatutan dan pilihan lauk pauk yang banyak tak kurang daripada 40 jenis hidangan setiap hari.,negative
Pilihan lauk pauk yang banyak dan tempat parking yang luas,positive
Gulai ikan & kerabu are awesome,positive
"Walaupun mahal...berbaloi2 makan disini...dulu kerja di perlis selalu mai mkn di anjung keli dan beli adih seri noza yang sangat sedap. Mg lepas datang anjung keli,daging bakar dah xada..sedih. sedap daging bakar tu cicah dengan varisi sambal belacan.",positive
Banyak pilihan makanan,positive
Delicious... malay tradisional cook,positive
adakah harga ini berbaloi dgn makanan tersebut..? anda rasa..?,positive
"makanan sedap, tempat bersih, and harga berpatutan",positive
masakan kampung dengan harga berpatutan,positive
"Parking mudah, makan sedap, harga pun padan dgn makanan, servis cantik, staff pun elok, kebersihan memuaskan.. o yeah...mmg sentiasa pilihan terbaik",positive
Tempat makan yg selesa dan menenangkan,positive
"Tempat bersih, makanan pelbagai lauk pauk yang sedap & sering juga dikunjungi VIP.",positive
Ikan keli sambal terbaij,positive
Sedap dan tempat super bersih..,positive
Famous restaurant in perlis,positive
Harga berpatutan dan banyak lauk pauk..tp service lambat kena improve lagi..,negative
"Ruang makan yang luas, pilihan makanan yang banyak. Ikan keli goreng dia memang power betul rasa macam makan kepok haha. Memang recommended lah.",positive
Byk pilihe capur sedap,positive
Kenyang perut senang hati...sedap,positive
Sedap n byk pilihan lauk pauk,positive
Sedappp dan murahhhhh,positive
makan sedap dan murah,positive
Makanan sedap2 dan banyak pilihan,positive
"Asam pedas keladi, ikan keli bakar & kerabu are my favorite dishes.",positive
"ikan keli goreng yang sedap dengan pelbagai sambal balacan dan ulaman,tak rugi mencuba.",negative
Lauk habis,negative
Anjungkeli tempat makan yang banyak pilihan lauk pauk yang disediakan.tempat yang selesa. Dan tempat pilihan artis-artis tempatan .,positive
Sedap dan murah anda mesti cuba kalau datang Perlis...,positive
Tempat yg selesa..lauk berlambak..rambang mata..sambal mcm2 jenis,positive
Ada bilik khas berhawa dingin. Sesuai untuk keluarga. Makanan pelbagai pilihan. Menu best!!!,positive
port makan tengahari kalau mai kangar,positive
Amat menarik!,positive
Deu,positive
Bermacam macam lauk yg ada harga berpatutan,positive
Restoran wajib pegi kalau sampai ke perlis.... Sedap dan murah...recommended...,positive
Bnyk juga pilihan makanan..alhamdulillah sedap,positive
banyak pilihan lauk dan ulam... bersih,positive
"Kedai nasi campur terbaik diperlis pelbagai menu dan masakan lauk pauk. Restoran ini mempunyai menu istimewa mereka berasaskan ikan keli. Banyak ulam ulaman, pelbagai jenis sambal. Banyak makanan tambahan yang juga disini seperti dadih, jelly kelapa, buah buahan, kerepek/koropok. Disini boleh makan diluar(berbumbung), dalam restoran, bilik berhawa dingin(caj0.80)",negative
Best sangat,positive
Gulai kepala ikan terbaik! Ikan keli goreng mantap!!!,positive
"Menambah perbendaharaan rasa di lidah Indonesiaku, Alhamdulillah",positive
"Terdapat puluhan jenis ulam serta sambal dan lauk pauk. Selain itu, pelbagai hidangan yang unik dan istimewa. kelazatannya cukup berbaloi dengan harga yang ditetapkan.",positive
Sedap..lauk banyak..ulam dan kerabu pelbagai jenis..dan bersih.,positive
Byk makanan selera kampung,positive
Layanan yg sgt baik..mknan sedap..harga berpatutan.,positive
"nice food, nice people, harga berbaloi-baloi ~",positive
Makanan nice lauk banyak harga pon just nice,positive
Hampa patut mai try kalau dah ada di kangar.,negative
Sesuai dengan nama.. boleh booking utk bilik mesyuarat(closed room),positive
Ada banyak jenis lauk n ulaman....KLU sampai awal..byk pilihan,negative
Biase je but ulaman power.,negative
Ikan keli bakar n goreng terbaikk,positive
klu bole.. suma lauk nk amik,negative
Makanan sedap....minuman kopi o ais kaw,positive
Banyak pilihan ikan bakar....kerabu dia the best,positive
Pelbagai jenis mkanan yg sedap2..rugi x cuba,negative
Banyak choices and sedap!,positive
makanan terbaik dan murah...  akan dtg lagi lepas ni,positive
Tempat ini relex n sesuai utk suma bgsa bg menikmati masakan kampug asli,positive
Terbaik dan barakah..,positive
Ikan keli superb!,positive
Banyak pilihan. Sedap.,positive
makanan teruk dan tak sedap,negative
Syok,positive
The best place for lunch. Harga yang amat berpatutan dengan kualiti makanan yang terbaik. Make sure datang awal kalau tak susah ler nak cari seat nak makan.,positive
Semua makanan sedap. Harga berpatutan,positive
Memenuhi selera dengan pelbagai sajian yang menyelerakan,positive
tempat makan tengahari...,negative
Restoren ini hidang masakan kg,positive
Nice dan harga berpatutan.,positive
Mahai,positive
"torbaik, keli padu",positive
Sehingga menghirup kuahnya.,positive
"Terbaik. Dua kali repeat untuk cuba pelbagai hidangan kampung. Puan isteri sukakan ulam-ulam yang pelbagai dan mak sukakan pelbagai jenis sambal belacan perlbagai versi. Tempat yang mudah dicari, luas dan tidak risau untuk parking kereta.",positive
"Service bagus, cepat, tp tiada pembayaran QR",positive
Ayam goreng sangat sedap.. rasa rempah semua cukup.tambah2 dapat ayam panas2..,positive
Kuah roti canai sedap,positive
"Sentiasa beratur panjang sini, nasi padu dengan ayam panas2,",positive
"Order makanan nasi lebih, peria goreng, ayam madu, kubis. Sekali nk bayaq makanan sendiri kena ambil dgn org lain. Takda rezeki",negative
Makan sedap. Service ok,positive
"Not bad die pnye rase, customer ramai student kt kdai ni",negative
Kemas.,positive
Berjuta kali dah aih makan sini . Tobat lahum sedap nak mampoih hampa oii.. tp ayam lani mcm kurang rempah sikit . Dulu ayam hitam lani mcm dh cerah sikit . Mungkin ayam tu dh mkn produk putih kot nohhhh,positive
Beli nasi goreng haram sekoq ayam xda.... org byaq kot... ni rasa garam dgn aji ja...,negative
Nasi kandar sedap sebab ada rasa pedas2. Harga pun berpatutan.,positive
Makan sedap puas hati,positive
Sedap tp ayam selalu habis  .kena tggu goreng semula.,negative
Nasi kandar yg sedap dan murah mmg puas hati,positive
"Ayam Goreng Padu, tapi harini berasa kurang kick sikit pasaipa tak tau",negative
"P cari restaurant tmpt lain memg x jumpa la... harga berpatutan, sedap dan puas hati... terbaiklah kedai ni",positive
Sotong tawar.sotong frozen ka pls improve you food,positive
Tak berapa sedap..boleh makan ja,positive
Love the food... sebagai penggemar nasi kandar... Im approved the nasi kandar was good,positive
Sedap.. tempat menarik,positive
"Restoren yang gunakan robot untuk hantar minuman kpd pelanggan,usaha untuk kurangkan pengantungan pada pekerja asing. Cuma berbeza dari dulu ,order bayar kemudian sekarang bayar dulu baru makanan disediakan walaupun air suam. Parking: Belah siang berbayar Belah malam free",negative
"Nasi kandar dia okay la, tak bole nak banding dgn nasi kandar di penang tu la. Servis semua cepat tempat okay, Cuma kedai pkl 1030 pm centu dh katup.",negative
Kuah campur taro atass,positive
Kalau nak order goreng2  ..baik lupakan saja .tunggu hampir 1 jam .Supervisor bila complaint buat tak tau aje .  First & last aku datang .,negative
Okay di restaurant ini. Ruang sirkulasi selesa. Bersih.,positive
Pergi pukul 12 ..x banyak pilihan lauk..tapi nasi dengan ayam grg dan kuah campur pun dah sedap.,negative
Sedap..sempoiii,positive
Harga berpatutan dan mesra pelanggan.,positive
"Ok lah, harga berpatutan, boleh kenyang kalau lapar.",negative
Boleh la nk cuba.. Tp kena beratuq panjiannnnggg,positive
"Bersahur di Yasmeen Arau... Dah lama gian nak makan nasik kandaq Yasmeen, semalam kami sekerluarga singgah sahur disini. Daging masak hitam masih power lagi, fames ayam goreng Yasmeen pun sedap bila dah goreng panas2... Teloq sotong pun menggoda...   Walaupun dah lepas jam 12pm, hidangan lauk2 popular masih banyak.. menu sayur pun banyak pilihan... Tetap kena Q walaupun dah larut malam... Sesekali memang layan makan disini... LaCanggung",negative
Mantap kira beli semalam puas hati ar,positive
"Yasmin, ayam goreng dia memang terbaik. Selalu makan kat alor setar ja. Jln stadium",positive
"Makanan sedap, bersih, harga okayla juga. Cuma parking agak terhad dan robot yang menghantar minuman mengulang2 lagu yang sama.",negative
sedap tu sedap.. tapi bila balik kawan saya nampak tikuih besaw dari longkang masuk kot dapur depa,negative
"Ayam goreng sedap, harga pun berpatutan.. terbaik!!",positive
Nasi kandar paling sedap setakat ni,positive
"sedap, tempat bersih. staff okay and harga pun reasonable",positive
Beratur lama pun x dpt...... Lynn teruk,negative
"Nasi ayam madu/goreng sedap. Add on peria goreng mmg x menyesal, so crunchy. Kalau lapar better mintak nasi tambah sbb nasi dia sikit.",negative
"Kedai mamak biasa; tapi yg luarbiasa , ada robot hantar minuman.",positive
kuah nasi kandar yasmeen dah tak sesedap dulu . rasa yang dulu lagi sedap,positive
One of the best nasi kandar I had in perlis.,positive
Nasi kandar paling best setakat ni.,positive
Parking space,positive
Perghhh.. sedap,positive
pedas,positive
Jarang makan x sedap dekat Yasmeen...,positive
Sebelum mkn cukup kan duit dulu nanti Jangan nangis,negative
Ayam madu terbaik!,positive
Overrated! Kuah dah campoq siap2.. seni joki cai kuah xdak... x surrrrr weh,positive
Nasi sikit,positive
Makanan sedap je cuma rasa mcm mahal... xpadan ngn harga...... beratur plk dekat 1 jam penat oi.... kena tingkatkan lg servis ni,negative
Delicious Nasi kandar. Reasonable price.,positive
Depa kata nasi kandaq tersedap kat perlis tapi saya boleh bagi 2 surr saja dari 5 surr,negative
Ayam goreng masak lambat. Kuali kecik rasanya lah,negative
Blh la . Klu lalu blkg kdai mmg busuk gila,negative
Kadang2 sedap.. kedang2 X sedap.. typical kedai mamak strategy... Bagi org beratur lama.. baru bungkus nasi.,positive
Paling padu,positive
Sedap. Bersih. Memuaskan,positive
Xsedap,positive
Harga mahal sikit tp ok..,negative
Famous by their nasi kandar. Ayam ros recommended,positive
Kedai mamak sedap mkn Dan ketagih.lepas mkn,negative
Sedap macam biasa. Yang pasti air kat sini memang sedap semua.,positive
Nasi kandaq yasmeen sedapp,positive
Very good service. ada surau tapi tiada kemudahan untuk ambil wuduk. menggunakan servis robot untuk menghantar minuman,negative
Ada sorang ppuan kecik2 putih..kadang dekat kaunter kadang dekat tempat bungkus nasi...percakapan tak ada adab langsung..tinggi suara dkt castmer..buat muka..mknan sedap..servey org lain ok..servy dy,positive
Sedappp. Harap bersabar ketika beratur,positive
Vegetarian options: mixed vegetables,positive
"Kalau makan sini, wajib try nasi kandaq ayam madu dia. PADU MATTTT",negative
Ayam madu..,positive
"Love it.. the best nasi kandar spot in Arau.. trust me, Im a nasi kandar lover whom can eat nasi kandar everyday haha.. Highly recommend but sometimes during lunch or prak hour, you akan kena beratur panjang sikit.. but standard la tu nak makan nasi kandar kena beratur kan... Biasa la tu... Nasi kandar kudu chow kit pun kena beratur maa...",positive
Pinggan makin kecik,negative
surrr...kena ayam madu dia...cuma servis slow sikit...,negative
Nasi kandar memang sedap utk tekak saya,positive
Panjang beratoq..sidai lama,negative
"Servis okay laju. Makanan terbaik, sedap. Order senang. Suggestion 1: buka la awal sikit. Lapaq oi Suggestion 2 : tambah la option payment guna card & e wallet. Zaman bila pakai cash ni. Perlis maju 2020 kot",positive
Queue panjang waktu peak ..boleh improve lagi bila tukang cedok bertiga.,negative
"Guna robot lagi nyusahkan customer. Order pun nak kena beratuq. Kedai mamak apa kalau kena beratuq utk order teh tarik satu??? Kedai mamak buat cara kedai mamak, bukan cara mcd atau fast food. kalau cara fastfood, lebih baik p McD. Contoh lain, Q BISTRO yang mula2 guna robot pun, tapi staff sentiasa attend customer, tu namanya bisnes. Kita yang cari customer. Memudahkan customer, service kena improve. Boleh belajaq dgn restoran2 mamak kl yang boleh attend beratus customer dalam 1 masa. Pekerja Yasmeen bukannya sikit. RAMAI!! Pekerja pun cakap biaq elok sikit. Takyah nak sombong sangat dgn customer. Kita datang kedai awak kita bayar, bukan nak minta sedekah. Harap bahagian pengurusan dapat ambil tindakan penambahbaikan. Kedai mamak buat cara kedai mamak. Semoga bertambah maju.",negative
Kna beratur,positive
"Lama takmai,sekarang bersih dan modernised",positive
Nasik Kandaq Yasmeen memang best na..,positive
Nice untuk tekak yg suka nasi kandar,positive
ayam goreng sedap!,positive
"Saya bukan peminat nasi kandar tapi nasi kandar Yasmen ni sedap. Saya makan sebungkus nasi. Tak sempat abik gambar, kami tapau je food makan kat rumah. Kedai berhampiran kawasan kedai, senang dapat parking as long as rajin berjalan sikit. Beratur panjang. Kalau lapar sangat tak dicadangkan datang peak hours.",negative
Harga yang berpatutan dan jangan datang waktu peak hourr,positive
Kalau ke Arau memang singgah mkn kt sini...,positive
Semua makanan dekat sini semua sedap2,positive
Suami dan anak-anak suka.,positive
Nasi kandaq dia memang sedap umphh.,positive
Makanan pelbagai pilihan Dan sedap.,positive
Rasa pun dah kureng...tp ok la,positive
Dulu waktu belajar selalu beli sini  skrg dah abis belajar klo melawat perlis confirm akan singgah makan dkt sink.. ayam madu n ayam goreng the best dkt sini..,negative
"Dari perkerja , premis dan makanan.. semua okay",positive
Best ayam madu in town!,positive
"Makanan sedap, servis pantas oleh robot2 depa. Suasana santai, tapi orang ramai sikit. Nak mudah parking kat lorong belakang kedai. Harga standard kedai mamak, walaupon ada robot.",negative
Perlu tambah servis utk cashless. Sekurang-kurangnya TnGo. Zaman sekarang ni kedai runcit pun x perlu bawa cash. Leceh jika perlu ke atm,negative
the best nasi kandar. love the ayam goreng but ayam madu is also a good choice,positive
Lalat banyak..,negative
Best Nasik Kandar in town.. Tempat selesa untuk menikmati hidangan & yang terbaik adalah tahap kebersihan yang sangat bagus,positive
service ok tempat ok kena cuma beratur tggu lauk time peak hour jem sikit harap perbaiki lauk sedap wifi pun ada,negative
"servis ok,  makanan dan minuman pun ok",positive
sedappp,positive
Ayam goreng & daging hitam,positive
Nice place.clean..the best of nasi kandar ayam berempah,positive
kedai harga patut,negative
Emm nasi kandaq ni berpotensi mengalahkan nasi kandaq penang... Sebb nasi minyak bukan nasi putih,negative
"Best place untuk lepak.. Paling marah, puyuh goreng.",negative
"Dia punya puri......... ngam, cun, terbaik.",positive
Ok jer,negative
"Nasi, kuah campur, ayam, bendi, telur asin. RM6.70. Nikmat apa yang kau dustakan lagi warga Perlisssssss   ni kalau makan camni kat JB ni mau RM11. Sorry takde gambar, sebab lapar.",negative
rasa sedap. kuantiti pun ok la.kualiti pun bagus.boleh la kalau nak makan kat sini.,positive
Nasi kandaq yasmeen memang sedap tapi sayangnya tak dak gulai kambing....tapi overall puas hati makan sini...,positive
"wuihhhh rugi sapa tak penah try sik kandaq yasmeen ni, sedap sungguh sampai teringat2 lah. paling fevret ayam madu dia. pehhhh mantul ok. hahahahaha pastu dengan bendi dia, tambah papadom, kuah campoq. pehhhh kena beb kena try",negative
Not sure indian or bangla or burma guy yang selalu potong ayam tu agak KURANG AJAR. Tolong ya buat perangai elok sikit. Btw Makanan Superb & Bersih.,negative
Nasi kandar mamak yang paling sedap di perlis. Malangnya akhir2 ini kuahnya kurang sedap. Kerana mereka telah membuat kuah yang siap dicampur. Bukan lagi mencampur kuah mengikut lauk yang dipilih seperti sebelum ini.,negative
Padu bossku,positive
"TOLONG TAMBAH KUAH MADU BAGI BANYAK SIKIT , DAH TAU ORANG RAMAI MAI MAKAN WAKTU MALAM TU , BUAT KUAH MADU BAGI BANYAK SIKIT . SUSAH SUNGGUH NAK MINTAK KUAH MADU NOH . KITA PI NAK MAKAN BAGI PUAS HATI . MINTAK KUAH MADU DIA CAKAP TAK DAK . PADAHAL DUK NAMPAK DEPAN MATA . MAJORITI ORANG PI MAKAN NASI KANDAQ NAK KUAH MADU . INFORM INDIA YANG CEDOK NASIK TU . HABAQ DIA JANGAN BERKIRA SANGAT . BUKAN KAMI PI MAKAN FREE SITU !",negative
Boleh la pekerja pun mesra pelanggan,positive
ayam madu dia,positive
Tukar nma dah. Sheikh la woi. Sedap dia insaf,negative
Teh tarik terbaikkk,positive
"Pekerja yg menghidangkan makanan,kurang kan bercakap...mask pakai sepenuhnya...apabila berbual semasa menghidang makanan,apa yg kita order tidak difahami dgn jelas.makanan yg diterima memang byk kekurangan,kuah tidak cukup dan sebagainya...makanan sedap tapi ,ada kekurangan disitu.",negative
"Sedap, pantas, harga berpatutan",positive
Delicious food. Fast service. Pakcik yang beratur kat belakang aku tu ja buat kalot.,positive
Wahhhhhh ada SST la..... Mcm x best jer,positive
Mai Arau wajib singgah!,positive
Affordable price of food. Boleh lepak dengan member kat sini kalau takde apa nak buat. Highly recommended kalau nak lepak. Malam always full,positive
"Harga murah, nasi kandar pon sedap. Memang terbaik",positive
Nasi kandar sedap di Perlis. Ayam madu.,positive
Da best Nasi Kandar and most affordable Nasi Kandar in Perlis!!!,positive
Terbaik.. sedap,positive
terbaik..ayam goreng rangup,positive
"Ayam merah , peria goreng, telur masin. Sedap!",positive
Tempat Makan Arau Terbaik,positive
Nasi ayam madu sedap,positive
Ayam madu mantap,positive
Tandas kurang bersih dan berbau.,positive
Restoran bersih dan selesa...,positive
Semak,negative
Memang padu,positive
Nasi dia kurang menyengat...,positive
Ayam goreng best,positive
Nice nasi kandar,positive
Terboik,negative
Makanannya sangat sedap!!,positive
Ayam goreng superbb,positive
ayam goreng dia sedap,positive
ayam goreng diaa tudiaa layan sungguh,negative
Datang sana cari ayam madu  air cam biasa and the price is reasonable,positive
Kedai yang bersih,positive
Nasi Kandar + Ayam Madu + Acar + Papadom =,positive
Delicious Nasi kandar AyAm goreng (friyed chicken),positive
Makanan sedap jugak... Tempat pon selesa,positive
Sedap dan harga berpatutan. Berbaloi2,positive
"Nasi kandar best, harga berpatutan.",positive
Sedap padu .,positive
"Memba kata sini sedap.. tp tak penah mkn..ikut membe je yg lapaq nasik kandar katanya.. sop depa ok... Ada org jaga pintu masuk, suhu kena scan, kena check in, kena guna hand sanitizer pastu bru order mknan..",negative
"Ayam goreng padu, kedai luas, bersih & selesa.. surau pun ada",positive
cekap dan mesra pelanggan,positive
Nasi paling sedap di Malaysia,positive
Ayam madu wajib try..tosai masala pun kena try,negative
Sangat mahal harganya makanan di sini,negative
"Sedap berbanding nasi kandar yang lain. Nasinya lembut, ayam fresh.",positive
"Sedao,cepat,selesa,bersih",positive
The best nasi kandar in perlis,positive
"Sedap, ayam madu dia rasa kick padu",positive
Delicious ayam madu and ayam goreng. Terangkat,positive
Perkhidmatan yg cekap dan cepat,positive
ok la...,positive
Nasi kandar sedap! Teh dia semua sedap! Power!,positive
Ayam goreng terbaik...,positive
sedapla,positive
Yasmeen Nasi Kandar Arau,positive
Sesuai anak anak nak makan nasi saja pun punya laa sedap,positive
"Honestly, 1st time tgk kedai mamak bersih sgt2. Pakaian pkerja bersih. Lantai bersih xada kesan tumpahnya kuah atau air. Meja bersih. And ada pekerja melayu. Terbaik. Makanan pun murah.",negative
nasi ayam madu merdu memang ngam,positive
Terbaik..sedap belaka,positive
The menu ayam masak madu is the best. Clean n tidy.,positive
The best Nasi Kandar in Arau you can find. Especially telur sotong. Harga mahal skit,positive
Hari ni depa goreng ayam tak tau tang mana...slalu kat depan..,negative
Best ayam goreng 5/5   tandori oklah..4/5 nasi kandar best...5/5 capati oklah...4/5 cepat pantas,positive
mahal,negative
ok je,positive
sedap juga,positive
boleh la,positive
"Nasi briyaninya sedap . Kdg-kdg kena beratur panjang, tp jgn khuatir servisnya cpt.",positive
Nasi kandar terbaekkk,positive
"Antara Nasi Kandar terbaik di Perlis, harga tak mahal & tak murah sangat. Direkemen makan Puri, satu set RM 3, kuah terbaik",negative
Nasi kandar. So far so good.,positive
Sedap dan memuaskan,positive
Nasi banyak sikit,positive
Sedap gilerrrrrrrr!!,positive
Love it nasi ayam rose.,positive
Sedap baq hang nasi dia,positive
Service nice suka senyum..nasi kandar sdp alhamdulillah..,positive
Humm,positive
Dah kurang sedap. Nasi mantah.,positive
Famous restoran Nasi Kandar in changlun,positive
Ayam rangup sedap. Tp tipikal nasi kandar mamak. I prefer nasi kandar melayu.,positive
Ayaq bancuh x sedap,positive
Ok..tp roti naan kurang sedap bg aku...tandoori pn kurengg..tapi boleh...rasanya nasi dia bestt...sbb anak sedara aku yg kecik tu mkn sggh nasik...adik aku ngn bini dia slalu repeat...kata depa..xjumpa ns kandaq yg ikut selera dpa..area perlis la..yasmeen ni area arau betoi2 kt smpg traffic light.,negative
Nasi kandaq sedap,positive
Makanan yang sgt sedap,positive
Sangat terbaik,positive
Ok. Lumayan enak makanan khas india,positive
Lauk sedap. Kedai bersih. Harga makin hari makin keras,positive
Daging & ayam goreng sedap,positive
Nasi kandar popular di Arau,positive
Ayam goreng Memang best,positive
Tak sangka semua lauk sedap terutamanya nasi ayam goreng berempah,positive
Ayam goreng selalu habis..ysmeen tlg goreng banyak2 supaya customer tak payah tunggu lama untuk ayam siap digoreng..,negative
nasik kandar milik org islam. waktu semayang jumaat tutup.,positive
Org ramai,negative
Kena seketoi ayam goreng hangat2 balik lena xkata apa dah...watammat teroih...   utk org2 perlis ni kira puaih hati la...,negative
Ok laaa ..,positive
terlalu mahal betul betul cekik darah,negative
Nasi kandaq padu.. xrugi try,positive
"Selalu org ramai, ayam goreng cepat habis..",negative
"Nasi kandar ayam madu , sedap !",positive
Sedakkk ahhh,positive
Sedap. Harga pon murah. Mai try dlu.,positive
Boleh tahan laa,positive
Masakan kurang memuaskan...nasi plk terlalu sikit...cas yg terlalu tinggi...,negative
Ayam goreng dia cepat sgt abih...,positive
lepak2 buang masa.,negative
Makanan lambat sampai,negative
kebersihan kurang,positive
Hahhaa,positive
"Kedekut nasi, mujurlah sedap",negative
Menarik,positive
aku tak tahu la yasmeen ni ade Halal jakim tak...,negative
Dinner bersama my lovely Famly..sedapnya nasik kandaq,positive
Kari mamak mmg sedap,positive
Cekik darah ..... pekerja semua India import... bukan Islam,negative
taste not bad ayam goreng,positive
Ayam goreng berempah powerr,positive
50/50,positive
Sedap memuaskn,positive
Padu naik nyoq punya nasik kandaq,positive
Tasty nasi kandar,positive
Boleh laaa,positive
Terbaik boss,positive
Mahal anjingnye... Nasi sikit,negative
Ok boik,positive
Biase biase jew,negative
Janggut sotong garinggz,negative
makanan dia boleh la gagah sedap la jugak,positive
"Pkui 11 malam dah tutup, slow pkerja depa start halau customer..hehe",negative
Baik punya nasi.  Ayam dia superb.  Fuuh,positive
Ayam goreng lain dr yg lain..,positive
Sedapnyaaaa Dan bersih,positive
Good nasi kandar in perlis,positive
Tempat mudah parking,positive
Nice and crispy thosai.,positive
Ok gak,positive
lembap,negative
Best nasi kandar in Arau,positive
Dah tak ramai sbb tak leh isap rokok,negative
Hi.salam sejatrah.tugas pertama do Yasmeen arau.,positive
Cepat... Sedaap.... Mamak klo lambat mmg x leh pi laa wey.. Hihi,negative
Nasi yasmeen terbaik,positive
nak ke tak nak lepak mamak,negative
nasi kandar ayam goreng sedap,positive
nasi dan lauk sedap dengan harga berpatutan....,positive
Sangat sedap nasik kandar plg terbaik,positive
Sedap. Agak mahal tapi berbaloi.,positive
Nasi kandar Di Perlis.,positive
"makanan sedap, kedai bersih.. ayam goreng sedap.. besar dan murah",positive
Ok ok,positive
Nasi kandar memang best,positive
Nasi kandar terbaik perlis,positive
Delicious foods nasi kandar,positive
Biasa ja.. mcm biasa nasi kandaq..,positive
"nasi kandar favourite, ayam goreng dia best.",positive
Nasi kandaq terbaik (nasi putih).,positive
Ayam goreng padu,positive
Delicious nasi kandar!,positive
Servis medium tapi makanan sedap,positive
Mamak restoran,negative
restoren mamak yang popular di perlis,positive
ayam goreng sempoi.. murah dan berbaloi,positive
sedap tapi agak mahal,positive
Boleh Lah Makan..Takdakla Sedap Tara Mana,positive
Ayam Goreng Besaq Habaq Hang,negative
Nasi kandar good,positive
Bole tahan laaa,negative
Nasi kandaq ayam madu + kuah campoq...,positive
Paling sedap,positive
Best nasi kandar in town,positive
Nice kuah campur,positive
So-so makanannya,positive
Mkn tiap mnggu pun sedp ni,positive
Sekarang suasana lebih bersih dan selesa,positive
Mahal tapi boleh la makan,positive
"Tutup awal sangat, tu je...",negative
Makanan boleh la.. wifi pun xcun mana.. servis pun ala kadar ja,negative
Sedap sangat sangat Nasi Kandar.,positive
Lauk sama tapi nasi minyak takde macam Yasmeen Changlun,negative
ayam goreng sedap,positive
Murah dan sedap.,positive
delicious nasi kandar in arau,positive
untuk student mungkin susah kerana harga yang diberi agak mahal dan terdapat masalah kesilapan di kaunter,negative
Menyediakan makanan tengahari dan malam,positive
The best kedai makan mamak in perlis,positive
"Nasi kandar tersedap bagi saya diperlis, nasi saja dah sedap apalagi ditambah ayam goreng mereka yg padu. Harga amat berpatutan. Nasi+ayam 1/4+kuah cuma rm5.50. Ayam goreng disini terbaik",positive
Terbaik... nalek nasi kandar. Bila perut lapar tahap kebulor... sabar la... beratur dia boleh tahan...,negative
Awesome Nasi Kandar.,positive
Makan di sini sangat Lazat,negative
Sedap tp mahal,positive
Hot chicken plus nasi ganja,positive
"Layanan ok, ayam goreng yang sedap",positive
Very special nasi kandar,positive
Sedap juga,positive
"Weather sekali ambil order 3 meja tanpa tulis, lepas tu ada yang tak sampai.",negative
Sesuai kepada pengemar nasi kandar,positive
nasi kandar terbaik di arau,positive
"Ayam masak madu dia sdp sgt   tapi kalau nk beli nasi tak leh lebih 3 jenis lauk, kalau tak mmg mahal berganda-ganda lah",negative
Ayam goreng sedap!,positive
Terbaik nasi kandar dia,positive
Sedap boh,positive
Sdap,negative
Wajib datang kalau ke Perlis,positive
"Sedap oi. Perfect laksa, karipap and pulut panggang.",positive
"Laksa - Sya bukan peminat laksa beras tp Sya approve laksa sini sbb kuah dia sgt2 sdp . Ckup rasa , portion pun bsaq padan harga . Sfera - sumpah sdp , wajib order bnyk2 Pulut Udang - bole thn sdp cuma mcm ada sesuatu yg kurang Overall servis laju , mknn sdp , portion knyg , harga reasonable . Semoga Terus Maju Jaya Buat Owner",negative
"Makanan lambat sampai then sejuk...rasa pon nak kata average tak jugak below average...ikan takde apa pon tarakk kosong je...laksa special cuma dapat telur sebijik and extra timun...air pon lambat sampai...order neslo kasi kopi....overall not worth the hype,price,waiting time",negative
"Paduuuu, kuah nampak biasa2,bila dah dah Rasa bru tau....rugi sapa dah smpai k.perlis tp tk singgah Cuba.",negative
local specialities Laksa gaisss!!  pulut udang was superb on point!!,positive
"Tempat wajib singgah kalau ke perlis, laksa sedap sangat, wajib cuba pulut udang dia",positive
"Laksa sedap, memang pilihan",positive
Blh makan..,negative
"minta maaf tak dak niat nak bagi rating rendah.. tapi disebabkan datang dari jauh nak makan laksa beras,malangnya tutup.. dekat signboard kedai bagitau tutup Selasa.. tu yang gagah mai juga.. kecewa sungguh",negative
Biasa biasa sahaja. Kerusi meja x cukup peak hour,positive
"Servis tak okay. Tak mesra pelanggan. Tak JUJUR mengenai makanan yang dibungkus dan dine in. Perlu di ingatkan. Tak semestinya pelanggan yang membungkus itu datang dari sekitar pekan. Boleh jadi dari pelusuk negeri Malaysia. Terima kasih atas pengalaman yang diberikan. Jika kami tahu perlu dine in untuk dapat makanan yang dah habis untuk dibungkus, kami akan beratur untuk makan juga. Malangnya yang berlaku sebaliknya.",negative
Giod,positive
"tempat ddk terhad,kn tunggu utk meja.",negative
Service dari pekerja totally bad.Not recommend.Laksa biasa je.Sedap lagi laksa pasar malam,negative
Ubah cara layanan kat customer..kedai baru viral tapi layanan hampeh..org kalau kedai tu viral org sanggup beratur utk makan kedai ko,negative
"sedap! loved the texture! very soft! the best laksa i ve eaten so far   and very fast service! cuma kena datang awal, waktu lunch sometimes takcukup seat sebab ramai orang",positive
"Dah 2 kali dtg sini. Laksa perlis yg sedap dan kena dgn tekak, karipap & pulut inti pun sedap. Laksa sepinggan xcukup  . Dtg hari weekend/public holiday mmg penuh. Service order dan hantar laksa mmg cepat..",positive
Sedappppp sangat,positive
"Selesa,mesra pelanggan,bersih.",positive
Laksa dan kuah sdp mcm slalu untuk ctmer yg tetap...ada pkrja kaksu hari2 main bola tak kira msa dan tak hiraukan keadaan dkdai...tkkan boss tak mrah dan tgur lgsung atau mngkin wktu bkrja dia hbis dah kot....selalu saya p mknan lmbt smpai tpi saya fham pkrja tak ckp wktu ptg...good job adik nrdini blh buat smua bhgian walaupon krja dia tak tk smpt siap dan sbgai pkrja contoh ...hrp boss bgi lbih gaji kt dia...trima ksih dan maafkan saya klau saya tgur buat ada yg terasa Vegetarian options: Okay,negative
Boleh tahan laksa dia... Ori kola...,positive
"Ori laksa utara. Menu yang ditawarkan simple hanya laksa, lokching dan pulut panggang udang. Mengikut selera masing-masing. Better datang awal kerana tempat cepat penuh dan boleh beratur waktu puncak. Belacan pek besar juga dijual di sini. Parking: Parking selalu penuh kerana banyak bengkel berhampiran yang memenuhkan parking.",negative
Bagi rate 4 bintang dulu sebab mungkin sedap kot... Hari tu datang kena beratur so tak jadi singgah makan... Penat menunggu.. tapi ramai orang selalunyer memang sedap kot,negative
"Dietary restrictions: I want a lot if I always show it to that sister... Im just not satisfied with that nrdini sister... shes the cashier, she makes the package... the one who jams the package... Im sorry... the boss can give me more for him... he doesnt have to be someone who cant do it... the person who knows how to call sister when hes at work, he doesnt have time to finish it!!!!... the important thing is that the sauce stays together and feels the same",negative
Service laju naaa selaju makanan yg di oder  dok st sampe teruih.. Pulut udang mmg terbaik laa.. Sedap gila!!! Festime kami p terjah ja xsgka berbaloi dgn harga.. Highly recommended,negative
"Rasa laksa yang biasa2 sahaja. Lebih viral dari kualiti rasa. Tauke kedai yang kedekut. First and the last beli, bukan sikit yer tetapi 39 bungkus semuanya.",negative
"One of peoples favourite place for Laksa, pulut udang and kuih spera in Kuala Perlis.",positive
mampos sedap,positive
Laksa sedap. Recommend pulut panggang..,positive
Super Essen - Thanks,positive
Sedap. Sgt sedap,positive
"Sy tidak berapa minat laksa, tp bila mkn di sini, tiba2 jd suka. Sedap laksanya.. Cuma kedai crowded sikit.",positive
Laksa terpaling sedap,positive
Laksa Perlis. Sesuai dengan selera.,positive
Laksa mantap..kena singgah selalu,positive
Servis lambat. Rasa laksa OK tapi tak berbaloi untuk tunggu 30-40 minit.,negative
Laksa dia memang padu. Siap ada SOP penyediaan laksa yang diiktiraf tu. Silap tak beli bawa balik hari tu. Pulut udang pun best cuma agak manis sedikit.,negative
Sgt sedap.Siap beli bungkus untuk dibawa pulang ke Taiping,positive
terbaik..,positive
Laksa sedap.. Pulut panggang/ pulut udang sedap sangat.,positive
"Senarai menu makan yang ringkas. Laksa Perlis, pulut udang, spera serta beberapa jenis kerepek & biskut. Murah pulak tu...",positive
Kata 12.30 buka. Pi pukui 1 pun takbuka lagi. Lain kali takpayah dok muhong la,negative
Memang sedap seperti dikata. Tapi seat limited.,positive
Perkhidmatan lambat sikit tapi x pa la sebab ramai laksa dia sedap,positive
Biasa2 ja bagi tekakku,negative
Antara laksa lemak yg sempoi kt Kuala Perlis,positive
Must try the laksa & pulut udang,positive
"Laksa sedap, just portion agak sikit for me.  Pulut udang pun sedap. But, 1 thing just nak comment. Hope to be a bit more considerate sikit. My mom is old  & susah sikt nak berjalan. Bila request  mintak nak angkat kon sekejap bagi my mom lalu & duduk meja yg dekat, pekerja insist x bagi & suruh masuk jugak ikut laluan tengah. Hope you can be more considerate toward elderly ya...tq",positive
Sedap since forever. Tempat bersih harga berpatutan. Laju pantas dan efisyen service. Parking pun tak kalut depan kedai ada banyak parking. Overall tip top,positive
Laksa ok. Kuah dia tak sedap mana pon. Bagi aku dia menang kat Pulut udang dia saja yang sedap.,negative
Hadir atas jemputan puspanita JPN Perlis. Sedap laksa kaksu. Will come again.,positive
Kuah terlalu pekat,negative
"Makan laksa biasa, pulut panggang & sfera kelapa. Semua sedap & boleh diterima selera kami. Servis, suasana & kebersihan kedai juga memuaskan. Harga pun berpatutan.",positive
Laksa sedap umph...,positive
Laksa sedap. Lain rasa dari Laksa penang dan asam laksa,positive
Sedap murah,positive
"Very delicious rice noodle laksa, pulut udang & kuih spera.",positive
Sedap..pulut udang pun sedapp,positive
First time makan laksa kuahnya smooth je.,positive
Laksa Perlis yg mantoppp!!! So syedapppp,positive
"Kami order laksa, pulut panggang dan kuih sfera. Semua sedap alhamdulillah. Menarik mereka sediakan beberapa option portion laksa: biasa, separuh dan untuk kanak-kanak. Kedai luas dan selesa. Fokus menu hanya pada laksa, tiada menu lain.",positive
Laksa sangat sedap. dine in agak limited space.,positive
"Untuk saya bolehla, Anda boleh cuba. SERVIS: Lambat, air lambat, makanan lagi lambat. Kualiti: Apa yang boleh saya katakan ia ada sedikit hanyir, not sure, tapi kuah yang berbeza dgn laksa lain. Kuantiti: Portion makanan setanding dengan harganya",negative
Laksa rasa biasa2 saja bg saya. Pulut udang sedap.,positive
Mesra pelanggan dan tempat makan selesa.,positive
Delicious authentic laksa beras..,positive
"Sedap laksa..pulut udang tak rasa sebab dah abis..suasana kedai cerai,bersih,meja pun staf atur..tak yah berebut..1st come 1st serve..nice3",negative
"Sedap, makan laksa dengan pulut panggang memang rare!",positive
Nice laksa. Great pulut udang,positive
"Pulut panggang kalau untuk bungkus habis, kalau makan situ, ada.",negative
"Awesome, original Laksa Beras",positive
Service yg sangat teruk ....berdiri lama untuk bungkus... tunggu pula di meja untuk makan...,negative
"Laksa sedap, tp servis teruk, slow. Sepatutnya letak notis dan bantu pelanggan beratur. Penat tunggu lama tapi orang potong queue aje tunggu tepi meja. Sedap tp customer experience out.",negative
Kuah laksa best!,positive
Sedap. One of the best pernah makan,positive
Okay la.. Biasa2 saja... Selection menu hampir xde.. Laksa ja..,positive
Layanan dan service amat memuaskan...,positive
Selalu sangat singgah sini.. laksa & pulut udang..,positive
"Kalau ikut tekak saya, boleh la nk try",positive
sedap..3pinggan ak makan..laksa biasa rm4.50..kalau nk laksa saja tanpa kuah rm4..better amik kuah skali tambah 0.50 je,positive
Biasa je. Pernah makan yg lagi sedap.,positive
Mesti cuba yop yong    terbaik,positive
Sangat2 sedap. Tak rugi dtg dr johor.,positive
"Very bad service. How come the waiter with the black cap serves and provide seat for the customer yang baru datang sedangkan my family and I lagi lama dah beratur. Then, bila my dad nak duduk, dia tak bgi sebab dia nak serves yang baru datang. Wth, first come first serve la hawau. Dahla kena beratur panjang sampai ke luar, I thought laksa tu sedap sangatla seperti yang diperkatakan oleh warga perlis. Rupanya hampeh. Portion sikit. Overpriced and tak rasa pun masam2. Laksa kedai tepi jalan much better than this. Viral everywhere but the services lame. I think this is the first time and the last time I come here. :) hope ada improvement on harga and services as well for next few days.",negative
Laksa sedap kuah padu.. harga pn berpatutan,positive
Datang sini beli laksa saja..kuah xbeli..,positive
Laksa Ok la not bad cuma pulut udang rasa manis sgt.,positive
Dah smp sini kena mkn laksa tu dgn spera atau pulut udang br la kola perlih,negative
"Tpt okay makan pun okay,",positive
Kena try kalau singgah kuala perlis,negative
"They sell homemade laksa, pulut udang and sfera kuih.",positive
Sedap. Kalau dine in cepat je dapat makanan. Pulut panggang dia pun recommended.,positive
Suka sangat dengan kuah laksa dia!!! Sedappp!!! Rasa ikan dia. Pulut panggang dia pun sedap.,positive
"Bersih, lantai kotor kucing berak cepat2 deme mop balik hehe tq, kalo x mual tekak teman",negative
Laksa beras terbaik di Kuala perlis,positive
Masih mengekalkan kualiti ..,positive
"Makanan sedap, servis pantas",positive
"Saya bukan peminat laksa...tapi geng semua suka laksa..kita join mkn ulam2 laksa,telur n kuah...ok sedap...geng menambah2..laksa beras tersedap katanya...so ada gmbr kuah laksa tnpa laksa je",negative
Laksa padu,positive
Memang menyelerakan segera lah anda ke kuala perlis,positive
Good taste for Kuala Perlis Laksa. Lagi sedap dimakan bersama pulut udang. Keropok lekor juga Ada dijual .,negative
Terbaik bossku,positive
Saya nak komen service je lah. Mula2 ok. Tp kalu bab bungkus wt balik mmg slow sikit. Ramai pelancong dan pembeli tempatan. Ada orang tak berapa suka kut jenis kuah ni. Rasanya lain sikit. Boleh la datang untuk cuba.,positive
Sedap ii,positive
Kuala perlis .best laksa in town..harga rm 4.50..hehe..belacan. Dia pon best.asal turun perlis wajib beli.la ni rm 9 sepack,positive
Alhamdulillah..Mabrurr..Syukran!!!,positive
Unik! Sedap! Menu agak rare. Silakan mencuba!,positive
Best superp terbaik memang sedap sangat laksa kat sini     my fav laksa restaurant for 13years,positive
ada jual pulut udang juga..,positive
"Laksa buatan sendiri dan juga kuah buatan sendiri dengan sumber ikan yang ditangkap sendiri menggunakan penyauk.. ikan termenung, selayang, gombak, kangar",negative
Perlu tambah menu selain laksa.,negative
Musim covid...sop sungguh depa jaga,negative
Bolehla... tapi org kat kaunter Tu pekak ke apa? Lain cakap lain dengar.,negative
Laksa okay dah. Tapi kedai kipas rosak. Petang2 pun panas juga la. Minta tambah kipas.,negative
Laksa sedap di kuala perlis,positive
"Tempat selesa, bersih.. makanan cepat dan sedap... terbaikkkkkkk..",positive
Laksa plus sambal udang,positive
Kedai bersih dan selesa,positive
Terbaik sedap sangat2. pulut udang pun sedap makn dgn laksa.hehe,positive
Taste laksa 4star,positive
"nice jugak laksa kaksu ni different rasa dgn yg lain. laksa dia nampak putih mcm takde ikan, tp ade rs ikan, dan hanyir ikan tu takde la bau sgt. utk yg tak suka bau ikan boleh try laksa kaksu.teh ais pon sodapp, ra the ais thailand",negative
"The experience : Masuk je kedai, menusuk bau kuah laksa. Kuahnya penuh ikan sehalus sutera. Laksanya lembut, rasa bersih macam bihun yg tebal tapi tak kenyal. Verdict : Recommended & confirm boleh repeat. Alert: Kena beratur sikit la tapi berbaloi. SOP terjaga.",negative
Sedap. Next level sungguh rasa dia,negative
Makanan sedap dan layanan yg mesra,positive
"Puas hati, laksa sedap, spera pun sedap",positive
"Ada laksa, minuman, dan kopok lekor juga. Ok lah sedap juga",positive
Laksa lain dri yg lain..boleh try,positive
Terbaikk.. teruskan menjaga kebersihan dan kekemasan tempat makan...,positive
Penggemar laksa beras boleh la cuba rasa laksa di sini,negative
"Laksa kuala perlis. Datang kula perlis mesti singgah sini, makan laksa dan pulut udang",positive
Laksa sedap. Pekat & tak pedas. Pulut panggang pon sedap inti pedas manis.,positive
Kuahhh paduuuuu,positive
Yummy laksa n pulut udang..,positive
Yummy laksa n pulut udang,positive
SOP social distancing dijaga. Kemas. Bersih. Laksa sangat fresh dan sedap. Friendly staff. Worth it.,positive
Laksanya sedap,positive
Laksa beras terbaik,positive
"Laksa, pulut udang, dan keropok lekor sedap!",positive
Nice laksa beras. Pulut udang keropok lekor,positive
Laksa sedap. Keropok lekor ada,positive
Dulu dan kini rasa kuahnya maintain sdp,negative
Sedap laksa dia...baru makan ja tadi,positive
Buh kicap... Sodapp,positive
"Service lambat, masakan rasa biasa saja,orang yg dtg blkg dpt order dl.owner bt muka ketat.",positive
"Laksa beras so delicious,but not much table",positive
Ok..sedap,positive
Laksa viral,negative
thorbaekkkk..kuah sedap baq hang,positive
One of the best laksa Kedah.,positive
Laksa   pulut ikan boleh lah apelagi tambah abc,positive
"Semalam makan laksa ni satu family. Ikhlas, sorrry tak sedap langsung. Setakat rasa laksa je la. Kuah laksa rasa berbutir. Rasa takde. Maaf, ini antara laksa yg paling tak sedap saya pernah makan.",negative
Kuah terlalu pekat..but sedap ja..,positive
Laksa dia memang sedap,positive
"alhamdulillah,sedap",positive
Terbaik laksa dier,positive
Laksa sodap,positive
Rejammm Laksa dengan Pulut Udang! Yummmehhhhhh,positive
Sedap ooo,positive
Laksa sedap. Pulut udang sedap. Keropok lekor sedap. Paling penting kena order ayaq neslo.,positive
Die punya laksaa perghh power beb,negative
Makan sedap service pun cepat,positive
Bersih,positive
"bestttt,terbaik paling sedap laksa di perlis,pulut bakar pon sedap service terbaik harga berpatutan,recommended tak menyesal confirm",positive
Laksa terbaik kat kuala perlis,positive
Laksa tak sedap,negative
Pelbagai pilihan makanan...bkn stakat laksa...juadah nasi daging pn sedap,positive
laksa sedap,positive
"Laksa ok, pulut udang bawa balik rasanya lain la pula dari yang makan di kedai",positive
Peminat laksa boleh try.. Makan dengan pulut udang,negative
"Harga berpatutan, bersih dan kuah laksa Mmg terbaik,  Ada Keropok lekor goreng,  nasi daging salai dan mcm-mcm.. Patut Cuba datang ke Kuala Perlis mesti makan k. Su Laksa",positive
Sory.. laksa x masuk di tekak.. huhu.. nasi ayam mcm mahal sgt..,negative
Sedap. First time mkn laksa kena que,positive
Keropok leko kak su terbaik,positive
"Bersih, cepat dan cekap..paling penting sekali... Sedap...",positive
Lazat..,negative
Penggemar laksa boleh datang ke sini.,negative
"Laksa yg byk, kuah sedap... Terbaik",positive
Sedap laksa pulit udang,positive
Laksa cair.. Rasa biasa je,positive
Terbaik.,positive
Tidak,negative
The laksa is not to my taste.... very expensive charges. Pulut udang pun tak sedap. Pelayan kedai patut bg bill lengkap kpd pelanggan supaya tidak ada salah faham apabila bayar di kaunter.,negative
Suka sangat sebab kuah pekat dan rasa isi ikan tu. Rasa sekali pasti nak lagi,positive
Memang puas hati,positive
Laksa beras,negative
Laksa + cucur udang memang padu. Kena pi awai kalau nak rasa cucur udang.,positive
Kalau blk dari langkawi wajib singgah noh,positive
Top place for laksa at Kuala Perlis.. also dont miss pulut udang n pulut sambal,positive
Pulut udang bakar fabulous.. tp laksa mcm kurang umphh plak rini,positive
ramai sangat,positive
Still maintain rasanya,negative
"Laksa padu kuah pekat, rasa terbaik. Lagi sedap jika makan pulut udang disini bersama kuah laksa nya.",positive
Jemaah ramai.,positive
berapa banyak bekas plastik pakai buang digunakan?,negative
Very dellicious off laksa.,negative
Laksa paling sedap so far,positive
Kuah laksanya yang sedap. Service cepat & harga berpatutan. Sangat recommended untuk bawa saudara mara atau rakan2 dari jauh datang makan di sini.,positive
Perlu penjagaan.,positive
"dtg awal for pulut udang. laks ok lah, butbthe laksa beras is good.",negative
Laksa tepi jalan lagi sedap daripada laksa kak su,positive
Sedap.. murah,positive
"X dinafikan laksa dia memang sedap. Tp pekerja kurang adab, cara bercakap kurang ajar dgn pelanggan. Kedai x buka ontime.",negative
"Tak berani nak komen samada sedap atau tidak, sebab dah terlalu banyak makan variasi laksa dari pelbagai negeri. Tapi bolehlah. Restoran ni agak popular dan ramai orang, kalau nasib tak baik kena tunggu sehingga pengunjung selesai makan baru dapat tempat.",negative
The best laksa in Kuala perlis.. My taste..,positive
The best laksa kak su..,positive
Kedai bos punya makcik daa . Mmg raso ikan ea . Sodap amek.,positive
Unique food such as laksa Perlis with pulut,positive
Kak su laksa,negative
Sedap berbaloi,positive
Laksa original kola Perlis,positive
Antara kedai laksa yang sedap di Malaysia.. pilih biasa atau special(extra laksa dan telur) hehe,positive
Sedap dan harga berpatutan. Boleh beli sebungkus dan juga sekilo terus.,positive
Kuah laksa yang disediakan halus tanpa sebarang serat. Rasa sedap.,positive
Paling sedap area kuala perlis,positive
laksa kak su gila sedap weiiiiiii,negative
laksa yang memang sedap dari dulu sampai sekarang. kalau jalan pi kuala perlis memang akan makan laksa kat sana.,positive
Best Laksa dan pulut udang,positive
Sedap.. Memang terbaik....,positive
Oklah... Im more of a Penang laksa,negative
Sedap. Mkn dengan pulut panggang..,positive
Sedapnye laksa..next time kami balik dari melaka kami singgah lagi..insha allah,positive
laksa yang pekat dan sedap! recommended to everyone sementara tunggu ferry. #wajibcuba #musttry,positive
Sedap laksa & pulut udang tapi a bit crowded on weekends,positive
Terbaik. Family suka,positive
Dah kurang pekat,negative
The utara laksa,negative
tak sedap teruk sangat rasanya,negative
Berbaloi...cuma weekend2 ni ramai org la...,positive
Kena tambah meja dan kerusi lagi,positive
Laksa beras best in town,positive
Laksa sini terbaik... Sedap,positive
"Bolehla,isinya lembut mudah dikunyah & ditelan..",positive
Laksa rasa sedap.  Tapi pelayan tak mesra pelanggan.  Contoh order lain datang lain. Ayat tak boleh blah tengok la ramai org. Tqvm,negative
Laksa viral yg wajib dirasai oleh semua pengunjung ke Kuala Perlis,negative
laksa sedap kuala perlis,positive
Biasa saja,negative
Laksa sedap. Pulut udangpun sedappp!!,positive
Padu beb! Lena makan dengan pulut udang lagi terangkat!,positive
Sedap ngat. Mkn ngn kopok lekor,positive
Terbaik sangat-sangat. Paling rare makan laksa dengan pulut udang..,positive
Moist cake sedap,positive
Kedai bersih Dan cepat serta mesra customer,positive
"Laksa yang sedap, lain dari yang lain. Terbaik",positive
tak sedap,negative
Enak dn murah,positive
"Kalau dok besa makan laksa kedah, laksa Kak Su ni rasa lain macam sikit. Consistency kuah dia pun pelik",positive
"Kerusi meja banyak, tapi... sabtu ahad memang selalu penuh even kedai amik dua. Laksa kuah pekat, siap ada bagi cili padi dgn limau. p/s: pekena sekali pulut udang, terbaik! Kedai tutup hari selasa tau.",positive
"Laksa kuala perlih..laksa kak su...klu dh kena sekali pasti mai lagi...xcaya.????mai cuba tes cek ai...baru tau penangan laksa kak su...laksa kak su mengunakan laksa beras yg di buat sendiri...xpakai laksa peket...kuah di buat de kedai...laksa di buat di rumah..kaksu hanya mengunakan ikan temenu,keresi,xpun ikan tamban...utk melazatkan lagi kuah,kak su campur ikan dgn belut...ya lrksa kak su campuran ikan dgn belot..kuahnya pekat rasa manis belot dn rrmurn lrin pasti terankat...belot mudah di dapti di Perlih ini..belot siam byk...besar2 pulak..xcaya..mari rasa..puluit ayam pun ada..(org perlih ckp pulut...jrdi puluit.....kasuitttt...Perlih maju 2015...horee...yak yak yeia...###",negative
Best laksa in perlis... Recomended..,positive
Restoran yang terkenal dengan hidangan laksa Perlis sentiasa di Junjungi ramai sama ada penduduk tempatan dan luar Perlis,positive
"Chill2 mkn laksa, tambah Bwg mesti lg sedap",positive
Easily one of the most popular laksa Kuala Perlis. Can be over crowded during weekends. Also available nice Pulut udang.,positive
Laksa utara terbaik. Pulut bakar/ pulut udang terbaik.,positive
Baisa je,negative
Makanan Sedap. Service terbaik.,positive
Laksa sedap..tapi service kepada pelanggan kena pertingkatkan lg..,positive
Laksa dan pulut bakar sedap,positive
Kebersihan amat memuaskan dan makanan amat meyelerakan.tahniah sebab harga amat berpatutan.,positive
Kuala sungai baru,positive
Boleh tahan sedap... Saya bukan penggemar laksa,positive
Love the laksa and pulut panggang!,positive
Laksa amat sedap dengan harga yang berpatutan,positive
"Laksa dan kuah laksa yang sedap dan rasa dengan rasa ikan, staff yang mesra pelanggan. Bagi yang bukan penggemar laksa patut mencuba. Terbaik!!!",positive
Mmg sedap.. Laksa beras.. Kuah dia pekat,positive
Laksa kuala Perlis terbaik dan tempat selesa,positive
Superb laksa and you must try pulut udang a.k.a pulut panggang!,positive
Tempat wajib mkn laksa kalau dtg kuala perlis...,negative
Others(langkawi/Pendang) are far better.,positive
"rasa kuah yang berbeza,enak dimakan bersama pulut udang dan tidak mahal..berbaloi mencuba.",negative
Tak serve ikot giliran..kami order sampai 3 kali baru dapat...,negative
Laksa kuah ikan segar daripada jeti pendaratan ikan kuala perlis dimakan bersama pulut udang memang enak lain daripada yang lain.,negative
Pulut udang habis....,negative
Laksa beras home made paling popular di Kuala perlis,positive
Kuah ada bau hanyir,negative
"Laksa yang sngat2 sdp    ... mmg mantopp, terrrbaekkkk ....",positive
Ok lah.. dari xde,positive
Laksa sedap setiap kali,positive
Tiada otak udang...,negative
the recommended laksa of perlis,positive
Nice laksa served with pulut udang. Highly recommended for laksa lovers.,positive
Cendol dan laksa terbaik,positive
Top laksa house in Perlis tp portion kecil sgt.. Dekut betul. Next visit.. Wahh..portion lg sikit? Kuah cair? Cabut 1 star,negative
Laksa yg sedap,positive
"jalan kuala perlis, mesti mai singgah sini",positive
makanannya sedap. tapi kena tunggu org habis makan. tempat duduk upgrade la bg banyak..,negative
Semoga dapat mengekalkan kualiti masakan. Kualiti kuah sudah menurun sikit tapi masih boleh diterima untuk masa ini.,negative
Laksa power...pulut panggang dia padu beb..,positive
Biasa 2 je,positive
"Laksa kuala perlis, lekoq sedappp",positive
Laksa and pulut udang a.k.a pulut panggang very delicious. Price affordable,positive
Laksa yang sedap dengan kuah pekat dan juga pulut udang yang terbaik.,positive
Laksa beras yg terbaik di jeti Kuala Perlis,positive
Laksa beras dia ori,positive
Tak sedap pun,negative
Laksa kuala perlis...very good,positive
kedai tip top,positive
Indah khabar dr rupa,positive
Laksa sedap dgn pulut udang sambal,positive
Tersedap northen region,positive
"Awesome Laksa, keropok lekor & pulut panggang",positive
Best...sedap,positive
"Terbaik, enak & selesa",positive
laksa terbaik cuma ruang parking agak susah.,positive
laksa sedap n pulut panggang pun sedap,positive
Terbaik dari ladang...,positive
Lassa kuala  perlis the besr,positive
Sedap sgt.. mmg setiap kali g utara mesti singgah mkn kat sini.. fav! Tp bru kali ni tau pulut udang tu pttnya gaul dlm kuah laksa.. bru rsa dia lg umph!!!,positive
Laksa & pulut udang mmg power,positive
Laksa perlis terbaik..mmg terbaikkk,positive
Terbaik laksanya.. Mkn dgn pulut panggang,positive
Nice place to eat laksa utara,positive
Tasty Laksa & Pulut Udang panggang,positive
Laksanya yg amat sedap dan segar.... Memang terbaik lah..!!!,positive
Laksa tersedap d Kuala Perlis Rugi kalau x cuba kalau dah sampai,negative
"Nampak agak menyelerakan cuma rasanya biasa2 sahaja.Servis agak lembab,paling lembab dalam sejarah order laksa sepanjang hidup di merata tempat.Kebersihan kedai memuaskan.Parking juga agak mudah,mungkin disebabkan diluar waktu cuti sekolah.",positive
Belum cuba belum tahu.so kena la cuba nanti baru anda tahu rasanya macam mana.sekali saja anda cuba pasti nak lagi..,positive
Service lembab nak mampus.,negative
Dtg 25/12/2015. Service ya amat lembab.  Sapa nk makan semata2 laksa aje better jgn dtg time cuti perayaan.,positive
Patty burger terlalu kering. Masakkan panas mengecewakan. Festime makan sup daging letak lengkuas macam nak masak untuk sekawah. Tomyam ayam pulak sos terlebih. Ayam pun sikit portion.,negative
Portion sikit. Cheezy untuk Ramen Crispy kena tambah baru kena dengan nama..,positive
"banyak salah order..ade yang terkurang ade yang terlebih, spagetti aglio olio masin sikit",negative
"Cakap dengan staf biar beradap, tengking staf sbb xmenyapu sedangkn staf nk hntar makan cus tingkt ats. Bgi aku agak kurang ajar tengking depan cus ada budak lagi sedang perati. Kalau mcm nie adap dengan staf elok la perbaiki diri tu dulu bukan staf buat kesalah besaq pon dia sua cam gn penyapu tapi xsapu sbb da oder perlu hntaq! Buat staf ana depa dh terbaik layan cus.. sy bgi 5star untuk staf kecuali hakak spek baju hijau tu.",negative
"Port lepak untuk peminat burger & western food. Tempat yg santai, sesuai untuk family dinner & big group dining. Big parking space. VIP room, toilet & surau.. Banyak pilihan menu western & jugak local dishes. Service pantas dgn harga yg reasonable... Homemade Beef burger Chicken burger pun sedap Grilled chicken pun ok Char Koey Teow Recommended",positive
"Kedai selesa, sesuai untuk family. Untuk services xada apa komen sebab basically kita tulis sendiri order then bayar dekat kaunter. So okay la, nk fikir lama nk makan apa pon xada masalah. Cuma nk komen makanan jelah, mintak maaf tapi banyak kena improve dari segi rasa. Perapan lamb chop rasa lain macam sikit, aglio olio pedas dari mn xtahu yg pasti bukan dari cili/cabai, chicken chop pulak nipisnya la isi kat dalam tu, tepung dengan kulit yg tebal, charge mahal sikit utk isi tebal insyaAllah pelanggan okay je",negative
"Totally a hidden gem! Kitorg try Grill Chicken Burger n Triple Bacon Lof. Chicken Grill Burger dia, ayam grill melimpah, sos manis pedas, resap elok dlm ayam lembut. Memang perghh. Bacon pun crunchy. Cuma daging a bit salty for me, tapi complement with the sauce. Mushroom sup dia pun thick and full of flavour, dtg sekali dgn garlic bread. A must try. Kitorg dtg petang, duduk bahagian atas. Dengan angin tiup area tepi sawah. Really a great atmosphere. Harga pun berpatutan for such delicacies. Great last dinner for us before going back to KL. Air buah special dia pun letak fresh fruits. Puas hati!",positive
Makanan cepat tapi macam dah  prepare jadi rasa tak ummph. ~ chicken chop,negative
Memang terbaik kedai ni makanan sedap sampai dah kenyang pun still rasa nak rasa menu lain lagi,positive
Memang kena ahh,negative
Burgernya best dan besaq belaka... Puas hati makan,negative
"Dah berapa kali repeat oder... Makanan murah & best... Paling fav burger ayam dye yg rm10 tu,series sedap... Husband kalau p,mesti burger kena oder",positive
"Makanan sedap, tapi maaf cakap. Meja ada bau macam kain buruk. Mungkin sebab kain lap berbau, jadi meja makan berbau.",negative
Makan burger ayam dan chicken chop...tidak memenuhi citarasa saya...nasi goreng kg ok...citarasa orang kan X sama..,negative
"Burger macam burger lama, panaskan ker ?? 1 lagi. Spaghetti langsung x cukup rasa. Bnyk makanan perhangat siap2. Chicken cop ja okay sebab dia kna masak. Kadang tgok gambar tak seindah rasa makanan. Review jujur.",positive
"The worst port untuk makanan western saya rasa. Servis so so, makanan langsung tak fresh, salutan tepung ayam tu berminyak gila, nampak sangat macam makanan yang digoreng banyak kali, beef burger, beef tu kering, baik makan biskut kering saja kat rumah kalau tahu macam ni, kambing pun langsung takdak rasa apa, ni kali kedua mai, sebab pertama kali mai tu pun sebab serik dh mai sini, tapi sebab kita tengok promo kaw2 kat fb, konon dh upgrade semuanya, sekali rasa macam kena scam juga, bab rasa mmg out lah! Gonna be last time nak makan kat sini!",negative
"Mengecewakan  servis yg sangat LAMBAT  ni kali ke2 aku kecewa dgn kedai ni  last aku p setahun lepas, igt dah ada improvement la  rupanya masih sama  27/08/2023 aku p makan  tunggu dekat 40 minit, makanan belom sampai, ayaq pon xsampai lagi  tgk tmpt buat ayaq, depa duk relax ja  so buat keputusan untuk p tnya kaunter, rupanya order meja aku x key in pon lagi  dah order pon xkey in lagi, agak2 bila la makanan nak sampai  jgn bagi la alasan org ramai, system problem la, masalah ni aku tgk dah ada org komplain setahun yg lepas dah  xkan xreti2 nak tambah baik  so lepas ni mmg no more ana burger",negative
"Mahal, xberbaloi dgn harga, rooftop sgt licin (selepas hujan) better makan kat popi",positive
"Sampai kedai 930pm,nasi goreng dah habis???? Mcm apa s8#!$-$...sepatutnya,habaq la...Gah ja,tapi mmg kecewa",negative
Daging burger tak seasoning langsung. Rasa macam ketulan daging yang kosong.,negative
dulu sllu mai sini..makanan servis mantap..tapi arinie p sini..chicken chop tlalu bminyak tpi kuah blackpeper sedap pkhidmatan..mula yg antar waiter perempuan..muka masam..sjalah nak kata penat macamnapn jgn buat muka kat customer..cuba bayangkn kalau sbb perangai kita org xmau dtg..gaji nk bayaq macamna?tapi lepastu waiter lelaki antar nasi goreng c.grill..yg waiter lelaki ni sya puji..ceria..terbaik..waiter lelaki tu kami bagi 5 star..yg girl tu sorry..1 star ja..btw smoga terus maju jaya ana burger,negative
"Makanan sedap, harga berpatutan, servis laju and very recommended... In sha Allah repeat nnt bila mai kola perlis Parking: Parking bnyak and luassss",positive
"Promo roti john dlm fb,p kdai nk mkn kta xdk. Order burger kta dging dok keras lg. Po dia.",positive
"Makanan western yang pelbagai, sedap dan harga berpatutan. Ruang makan yang luas dan selesa. Tempat letak kereta luas. Parking: Ruang parking yang luas. Wheelchair accessibility: Ruang makan dibawah dan diatas.",positive
"Pengalaman yang SANGAT MENGECEWAKAN kerana: 1. Sistem order yang sangat menyusahkan, terpaksa beratur panjang, bila sampai dikaunter diberitahu menu habis dan waktu menunggu yang lama. 2. Buat keputusan untuk order juga menu yang ada dan kami bersetuju untuk menunggu. Tetapi masa menunggu terlalu diluar jangkaan tidak seperti yang diberitahu iaitu menunggu hampir 2 JAM untuk menu pertama (chicken chop) dihantar ke meja makan. Setelah itu menu burger dihantar kepada meja pelanggan lain yang datang selepas kami. 3. Selepas membuat aduan pada cashier yang mengambil order, diberitahu sekali lagi beberapa menu lain yang dah diorder juga telah habis. JADI KENA TUNGGU LAGI? Cashier ada memohon maaf tapi sepatutnya perkara begini tidak berlaku, dan kami juga sudah tiada selera untuk menghabiskan apa yang ada kerana sudah terlalu lewat. Anak yang berumur 10 bulan juga telah dua kali tidur dan bangun. SEMOGA PIHAK PENGURUSAN MEMANTAPKAN PROSES MENGAMBIL ORDER, PERKHIDMATAN PELANGGAN DAN KESELESAAN PELANGGAN. BOLEH JE BUAT SISTEM SELF ORDER DAN BAYAR ONLINE INSTEAD OF BERATUR DEKAT SEJAM KAT KAUNTER, TAHU TAHU MAKANAN HABIS, DAH ORDER DAN BAYAR MAKANAN HABIS KALI KEDUA. ZZZZ. Selamat Hari Raya!",negative
"Servis teruk. Tidak digalakkan untuk anda yang datang bersama bayi dan warga emas. Kena sidai bang dari 840 sampai 1100 malam. Meja lain yang datang kemudian dapat lagi awal. Hilang mood macam ni. Sekali lagi ditegaskan, tidak digalakkan anda untuk ke sini. Slowwwwww",negative
Perniagaan yg laris,positive
Perkhidmatan kurang baik dan perlu ditambah baik untuk kepuasan pelanggan,positive
"Secara peribadi,agak mmenatkan bila trpaksa tick dan hantar sndiri pesanan..",negative
"Makanan sedap, tapi banyak la jugak pilihan dalam menu yg tak available, harap menu dapat dibaiki tq",negative
"Service Makanan     (untuk adil, saya bukan peminat burger, mungkin yang minat akan bagi 5 star, apa pun banyak pilihan makanan lain yang mungkin sangat sedap dan saya tak terfikir nak order) Parking Cuma tempat bayar tu kalau boleh asingkan dari order atau pun kalau nak buat sama bayar dan order, boleh buat 2 kaunter untuk customer tunggu tak lama? Apa pun semoga maju Anna Burger!",negative
"Sorry for this time food was sooo bad order burger sadly beef patties sangat keras macam panaskan berkali2 , chicken patties pun sama macam panaskan berkali . Sangat kecewa sebab dulu saya selalu datang bawak family makan burger tower patties sangat juicy sedap .",negative
"makanan, not bad la ada yang sedap, ada yang kurang. cthnya chicken chop semua sedap tapi spaghetti tak sedap sgt. too much black pepper  . chicken popcorn sedap. air pun sedap tapi services nya agak lambat yaaa. but issokay overal nice. harga a bit expensive laa.",negative
Harga tidak setara dengan rasa. Peniaga pasang lagu yang membuatkan kita nak cepat bangun dari kedai tu,negative
Sedap. Murah. Menarik.,positive
mknn sngt sedap and harga affordable,positive
"The atmosphere is great, the service is great. Just pelik kenapa tak ramai orang datang",positive
Tempat yang santai dan selesa. Makanan sedap dan berbaloi,positive
Order chicken popcorn yg smpai chicken chop potong... kuah chicken chop ceroi... potion bnyak tp kualiti kurang... lambattt even org tk ramai... burger sedapp,positive
"Sedap, best..",positive
Kaunter  amat perlahan. Servis hantar perlahan. Makanan biasa2 ja,negative
Servis out.. lambat yakmat.. 3x tukar menu oder abis..,negative
Makanan semua sedap. Very recommended.,positive
Makanan dapat lambat. Nasi goreng masin.,negative
"Burger bertingkat-tingkat,sedap,suasana kedai menarik",positive
Slow la nak order.. suasana cun...ada live band lagi..,positive
"Makan sedap, tempat duduk banyak, parking luas,",positive
Variety of food.. big portion..  sedap.. harga berbaloi2 Parking: Tempat parking yg luas Kid-friendliness: Tempat Luas..cantik persekitaran.. kanak2 blh main dgn slamat,positive
"Order dan bayar dahulu macam kat KFC, tapi tggu 2jam baru makanan sampai.",negative
Servis lambat,negative
customer services very bad ... tak sedap . mahail . tak berbaloi. tunggu lama,negative
Portion banyak berbaloi dengan harga tu. Kenyang teruk. Sedap lazat. Keadaan kedai pun bersih.,negative
"Lain org, lain seleranya kann.... Sy hanya dapat bagi 1 bintang.",negative
Makanan sedap dan agak kera skit tp berbaloi dgn harga sbb big portion. parking pun luas,positive
Bon appatite,positive
Mkn chicken chop dpt sudu dgn pisau roti ada yg ada ada yg tkdk overprice rasa biasa ja,negative
"Makan ok.biasa2.. ade busker perform,layan jugaa. Service tang order n bayar perlu tmbah lagi kaunter. Satu kaunter xckup bila customer ramai.jenuh beratur.. dan kalau nk tmbah order pelu beratur lagi, so jd malas nk tmbah order lagi kalau dah settle kat kaunter",negative
Makan puas..kenyang .sedap,positive
Tempat cantik tapi makanan kurang sedap...,positive
"Tempat best, makan pun not bad",positive
Mungkin sbb dah viral. Rasa tak mcm dulu dahh. Dulu masakan panas. Sekarang masakan sejuk.,negative
Makanan sedap kawasan strategik lokasi yg menarik fasiliti yang mewah hasil keuntungan dan support dari customer yg memviralkan kedai,positive
"Service jadi nelayan,ke laut..waiter pun xtau makanan apa yang hantaq..beratur mk bayar dekat 20 minit",negative
"Staf yang tidak peka dan terlatih. Tiada bantuan semasa membuat order dan akhirnya terpaksa tukar order kerana out of service. Keadaan kedai yang sangat tidak terurus dan kotor, pinggan mangkuk kotor dibiarkan membukit dihadapan meja pelanggan. Nak order pun kena beratur, cashier pun harapkan pandai melaram tapi service sgt sgt slow. Iringan instrumental music dah memadai, X perlu life band, bingit suasana, nak bercakap pun susah dan X boleh Nak Makan dengan tenteram. Makanan sgt sgt sgt lambat sampai dan sejuk. Anak pun dah tido masa makanan sampai, itu pun satu-satu sampai. Dtg ngan family Nak Makan sama2 alih2 sorang Makan sorang tengok, ambil turn. Tak sedap mana pun. Cubalah bagi gelas dan mangkuk sos yang tertib dan mesra semua ketegori pelanggan. Macam2 insiden boleh jadi dengan alatan yg X sesuai Ni. Patut X perlu bagi Bintang langsung, tapi bagi jugak 1 untuk memenuhi syarat review. #tak sesuai bawak anak dan orang tua #tak berbaloi #tak akan datang lagi",negative
"Service teruk 1-staf tak mesra pelanggan,tak datang double check makanan sampai ke meja pelanggan cukup atau pun tidak,bila makanan sampai tak cukup pelanggan terpaksa terpekek pekek panggil campur dengan bising band yg menyani..yg menjadi penambah kusut kepala otak untuk menguruskan order ,nak bercakap pun kena jerit jerit sebab bising band yg tak sesedap mana pon, 2-bila menu yg takde stok ,staf perlu awal awal lagi takdakan pada kertas menu,supaya tak jadi kelamkabut di kaunter casher ,masa tu la beratur panjang ,masa tu la nak adjust order,buang masa pelanggan. Ana burger perlu jaga servise jgn syok sendiri",negative
Makanan sedap dan portion banyak,positive
Sejam lebih tunggu makanan..better jgn order nasi2 kot..dtg rasa lapar boleh terus jadi kenyang,negative
"Keadaan kerusi meja tak teratur, Kain alas meja kotor tak dilap dengan sempurna. Ini memperlihatkan staf Yang malas serta banyak bersembang sesama sendiri terutama di depan kaunter agihan. Walau telah menunggu hampir satu jam namun segelas air yang ditempah belum tiba. Apabila ditanya dekat kaunter tempahan/bayaran dimaklumkan dalam proses. Persoalannya adakah perlukan masa sebegitu lama untuk air minuman yang simple sahaja sekadar milo ais, teh tarik, teh o ais sahaja. Sedangkan pada waktu itu pelanggan yang ada telah pun terhidang makanan masing-masing. Ini menunjukkan sikap sambil lewa dan tidak sensitif dengan keberadaan pelanggan yang dalam keadaan tertanya-tanya mengenai order Yang telah dipesan. Walaupun kedainya nampak gah dari luar termasuk keadaan ruang parking yang agak selesa namun service yang dipamerkan adalah teruk sekali. Ibarat Indah khabar dari Rupa     Hampa Dan Kecewa",negative
Makan sejuk,negative
"Sedapppp portion banyak, ayam sedap. Kenyang sandor",positive
"Makanan okay, sedap dan puas hati makan...",positive
Makanan overall okey.. suasana oke cuma terlalu bising sikit dgn busking..,negative
"Rasa ok la kat kl pun banyak gini ,tapi harga agak mahal sikit tapi portion besar gini mcm burger ni untuk 4 org rm39 nasi goreng udang tadi rm15.90 xsilap",negative
since 2013-2014 makan ana burger. Dari stall biasa sampai big restoran. Makanan & minuman sedap dan banyak pilihan menu,positive
"Burger sedapp ,tempat menarik ..recomanded",positive
X seperti yg di gambarkan..makanan hambar..layanan xmemuaskan.. masakan lambat walau xda org.. cara percakapan dengan pelanggan,negative
Makanan sedap.layanan baik.parking Luas.,positive
"Dua kali dah mai sakit hati, nak bagi order beratoq panjang dkt 10-15min, elok bagi order cakap lepas makan baru bayar, nak kena beratoq panjang lagi. Makanan sampai 20min lepas order, burger sampai sejuk mcm buat lama dah. Order nasik goreng chicken chop 50min tak sampai lg. Dulu kedai kecik ok ja, lepas renovate bg besaq semua out. Haritu mai sakit hati dah, kalini mai ingat dh improve rupanya sama. Huhu sorry ni last dtg. Makanan so so ja",negative
"Burger sedap, portion pon banyak. Next time akan cuba menu lain",positive
"Makanan okay.. service okay .. cuma kalau boleh, perlahankan sedikit sound yg buat persembahan tu. Kita nk p makan.. chill2.. ni sampai nk bercakap dengan orang pun kena tempik",negative
"Good food tp certain foods agak masin. Not recommending fish&chips sbb xde tartar sauce. Dia bg sos mcm utk chicken chop (kecewa gila). Breading byk and overcooked so xbest yg tu. Yg lain boleh lah. Serving ice blended ada whipped cream, biscuits, wafers. Drinks lain pon agak manis. And ada order lmbt sampai sbb rupa2nya dah habis stock dan bgtau lepas tggu 20 minit. Overall it wasnt the best visit but sgt mengenyangkan sbb portion besar. Burger dia mmg besar and byk and ada fries, coleslaw, baked beans sikit, roti bun satu utk side dishes.",negative
"Burger tower yg SGT SEDAP. Daging homemade diisi dgn keju, ada telur mata dan daging ayam. Memang berbaloi dgn harga. Minuman pun sgt sedap rm7 dapat dgn cokolat dan icecream Layanan yg mesra dari cashier ke pelayan. Semua cakap dgn baik baik Kedai makan yg besar dgn parking pun bnyk disediakan,dipenuhi dgn lukisan mural.",positive
"tempat cantik, makanan sedap, service mantap",positive
"RM0 Tempat Tertutup adalah kawasan berisiko berlaku jangkitan Covid-19. Elakkan/hadkan masa berada di kawasan spt pusat beli belah, pasar raya, restoran dsb.",negative
Kedai makanan yg menarik. Tempat makan yang banyak dan selesa. Makanan sedap. Ada live band.,positive
Servis tidak cekap dan efisien. Order pukul 9 sampai pukul 11. Air 2 jam tunggu dah cancel order tapi dapat. Tak boleh bungkus tapi dah di bungkus. Kesefahaman antara pekerja teruk. Bukan tak bersyukur tapi tula. (star hanya utk buskers),negative
Mantap pak abu,positive
Burger luar biasa. Lain dari yang lain. Petty yg besar. Satu set boleh makan sampai 3-5 orang. Memang banyak.,negative
Boleh lah utk Western food.. Nk kata sedapxla sangat,positive
Makanan memuaskan.. service pun ok tak terlalu lambat..adik2 yg baru bkerja agak friendly nk compare dgn trdahulu..,positive
Harga beef wrap dgn roti John boleh tahan harap sedap,positive
okey,positive
Puashati berbaloi dgn harga,positive
Makanan sedap sesuai dgn harga...,positive
Pelayan sepatutnya jadi peramah lagi dengan tanya customer dapat ke tak lagi makanan. Saya tunggu 1jam 30minit tadi tak sampai. Pergi tanya terus kaunter makanan tadi last2 receipt order kitorang ada dekat tempat lain. Buang masa saja.,negative
Untuk menu jus epal sepatutnya dibuat menggunakan juice extract machine...,positive
Tempat selesa & luas tapi Kualiti Makanan sangt terok please pantau.. sbb ordee Chken chop sangat2 berminyak n muakk.. rasa mcm rugi je duit sbb xdpt habiskan.. harga okay.. overall so so ja rasa dia..,negative
"Rasa sedap, portion banyak! Harga berpatutan, service cepat, meja makan banyak & selesa, kawasan parking luas, nak karaoke boleh. Konklusi: Terbaik!",positive
"Makanan sedap, dan banyak sunggoh. Makan sampai kenyang",positive
"Tempatnya best, makanan sedap harga berbaloiii",positive
makan sedap dan cantik pemandangan,positive
Tempat memang menarik tapi orang ramai,positive
1jam tunggu.... Jgn kata Makanan..  Air pun xsampai2,negative
Tempat cantik dan makanan yang sedap,positive
"Waiternya agak peramah dan cekap dlm mengendali tugas masing ii,good job ana burger",positive
Servis kurang memuaskan..,positive
Shell out sedap...,positive
"Makan sedap, parking luas dan banyak pilihan makanan",positive
Tempat luas sesuai untuk keluarga. Kemudahan lengkap.,negative
Tenang is good,positive
Tempat menarik dengan susun atur yang cantik. Sistem pesanan agak lemah.,negative
Tempat cantik... makanan biasa je overrated sangat.,positive
"Tempat makan yang sesuai untuk keluarga, tempat letak kenderaan disediakan. Kemudahan yang terdapat di sini memudahkan pengunjung yang memerlukan seperti surau dan tandas. Yang paling istimewa sebenarnya ialah burgernya, buat sendiri. Rasanya sedap,,,,tak tau nak habaqqqqq.....",positive
Services mantap,positive
Tempat menarik..tapi..makanan kurang memuaskan,positive
"Harga berbaloi dengan menu   Sedap, staff semua peramah, tempat makan yang sesuai untuk keluarga. Recommended!",positive
"Makanan sedap. Portion dia besar ya, jangan order banyak sebab nanti tak habis. Dlm gmbr ni chicken wrap rm5. Burger beef rm8.90 . Memang besar dan sangat kenyang. The only thing yg kena improve ialah servis. Makanan sedap, servis kurang memuaskan. Tak apa la lagi pun semua pekerja muda lagi mungkin lalui beberapa latihan akan improve. Tq",positive
makanan ok la... tempat cantik.. service ok,positive
So so je,negative
"datang dengan mak ayah , order chicken grill , chicken chop , single cheezy giant beef , dan single larva cheezy beef , air mango large teh o panas 2. yg sampainya ayam grill dan single cheezy giant beef ,air teh o panas 2 .menu lain semua hilang dari radar.lebih setengah jam tunggu terpaksa panggil tanya semula dan pekerja tanya kita semula order xsampai lagi ke?dan ada menu yg xda dalam data.katanya...ok...semua menu dalam keadaan sejuk , macam dimasak lebih awal hanya siapkan hidangan sahaja . tolonglah jangan aniaya orang . kesianlah mak ayah sy , org tua datang nk makan kena tunggu lama ,kalau xditanya xdapatla jawabnya.dan malam ni 24sept berkali kali blackout . servis sangat sangatla teruk dan kualiti makanan teruk .",negative
makanan terbaik.. semua sedap..,positive
Harga yg bepatutan.. best,positive
Service Pantas & sedap,positive
Xseperti yg digambarkan. Order nasi goreng chicken grill sampai2 nasi sejuk ayam sejuk. Biasa2 sahaja..,positive
Jgn order meatball nnti lambat sampai order burger tower cepat sikit sebab byk... From my  experience la,positive
"Makanan sangat sedap, servis cepat dan layanan mesra....",positive
"Start dari perniagaan yang kecik, sampai la sebesar ni. Servis bagus, makanan pon sedap",positive
Western food   . Minuman pun  . Staff pun  .,positive
sdap n cepat,negative
Dok lama tanpa dilayan selama 30minit.. Pelayan tak mai hantaq menu.. Pelayan berdiri tak pantau pelanggan yang masih belum order.. Pelanggan lain baru mai. Tau plak nak hantaq menu.. Waiting for 30minutes without being served.. No menu list given.. Waiter/waitress just standing still doing nothing.. Not recommended..,negative
Customer service out... Pelanggan duduk dekat 30 minit menu tak sampai apatah lagi orang yang nak mai amik order.. Pekerja banyak pon takda guna.. Main telepon jaa tau..,negative
Tak layak walaupun satu star... Service slow dan sangat terok.. Check in 2030hrs Submit order 2045hrs + payment 2130hrs datang bagitau makan abis stock then tukar menu lain 2200hrs datang bagitau tak cukop bahan mintak tukar menu lagi.. 2230hrs datang lagi menu abis juga.. tukor menu lagi.. 2300hrs angkat kaki bayor ayor jer.. Bab rega bukan masalah.. mahal kalau service ok org bayor.  Ni rega hotel service warong lagi bagus.. Memang takkan jejak dah kedai ni lagi.. buang masa..,negative
"Sedap, potion daging yang mantap, pastu ada fasiliti seperti surau dan tandas yang bersih",positive
Servis lambat.. Hampir 2jam tunggu makanan xsampai2 ..,negative
puas hati.. portion besar.. daging burger buat sendiri.. recommended..,positive
"Tempat yang sesuai untuk lepas gian nak makan western. Makanan variety. Masakan panas pun ada. Yang penting portion besar, sesuai dengan harga. Satu menu boleh share 2orang. Parking kereta banyak. Tempat duduk makan pun banyak. Nak buat birthday party pon boleh.",negative
Burger sedap...byk pilihan..ikut budget masing2..beli bungkus saja...sbb dah lambat.. rushing nk balik...,positive
Selesa sgt. Harga berbaloi,positive
makanan sedap..,positive
Sila cuba try test tengok... Beraneka hidangan disediakan. Ramai pelanggan full house tiap malam. Disarankan booking dulu sebelum mai khasnya bagi hampa yang jenis tak sabaq tunggu lama. Sekian laparloo. Kin dulu noh,positive
"Pekerja sangat pantas!! ,Terlalu bising ,Tidak selesa meja makan terlalu dekat dengan meja sebelah .lebihkan menu baru ,",negative
Ambik order cun... Tunggu Makanan siap tak cun... 2125hrs ambik order 2225hrs masih belum blh makan.... Lu orng pikir la sendiri nk mai ka idak kedai mcm ni yer,negative
Maps gila masuk dalam hutan,negative
Servis lambat... Customer yg datang lambat dpt makan dulu Cadangan Saya 1. Ramaikan pekerja pada Hari promosi Dan hujung minggu 2. Perlu Ada 1 pekerja utk memantau di tingkat atas... Tak perlu Naik turun 3. Hadkan tempoh bagi setiap meja supaya pesanan tidak lewat,negative
Sedap burger dia.,positive
Boleh plak lupa key in order.. sejam tunggu Ada bukti.. nk kerja buat Cara nk kerja,negative
Tempat selesa.. Order cepat sampai.. Harga pom okey.. Bw keluarga time gaji best ni..,positive
Burger tingggggggggggi woahhhh,negative
Menu tidak mesra kanak-kanak. Yang lain OK.,negative
Makanan sedap dan banyak. Burger kat sini semua handmade,positive
Sedap2 belako,positive
Dia punya shell out memang terangkat. Fresh n nice,positive
burger dia terbaik..murah banding tempat lain,positive
Ana burger memang padu bakhang. Makan zinger burger dia pun puaih hati dah.,positive
"Kawasan yang luas, servis cepat, makanan pelbagai. Dah ada nasik sekrang",positive
Makan tak habis,negative
Makanan lambat sampai. I order meatball,positive
Restoran beraneka resepi ... Terbaik,positive
"Sebenornya nak buh 3 stars, tapi as a whole experience, 4 stars, Makan benjo double, tapi tak kena selera saya sebagai penggemar benjo, mungkin orang lain suka cara tu. Tak suka benjo telur dadar, suka yang sebiji sebiji ngan sayur selain kobis... zinger sedap, chicken chop sedap, mushroom soup sedap tapi 4 roti tak cukup sebab sedap..kuew teow ok, mee goreng takdo... Suka juice special. Semoga bisnes mereka terus sukses... just nak cakap sikit, sos black paper, cili, cheese, diorang macam sos yang semua orang pernah makan luar... kalaula ada sos luar biasa.. perghhh",negative
"burger dia mmg sedap!! jus pun mantop.. tapiii untuk selera sy, bagi sy masakan western dia kureng padu.. overall boleh dtg lagi klau craving burger besarr..",positive
View cntik dan mkanan sedap,positive
Mantap kaliii,positive
Selasa dan sedap,positive
Ramai pengunjung dtg sini time cuti minggu..Kuah black paper rasa muak sikit bila lama2 mkn dengan chicken cop..desert dia mmg terbaik..,positive
Makanan sedap dan harga berpatutan dan tempat yang cantik dan selesa,positive
Okay la kan,positive
Paduu Bebbb!!! Puas Hatii!!,positive
sngt berpuas hati dan mkanan sgt sedap..harga yang berpatutan,positive
"Ana Burger... Aummmm... Di sebabkan kedai viral ni duk dekat ngan kampung halaman iolls yang indah lagi permai Bintong Kangar Perlis, jadi cara promote kena lebih sikit... dia punya kedai luas sangat, parking hampa jgn risau kat belakang ada tepi ada. Luas sungguh, lori pon blh bwk mai. Apa yg best dgn makanan di Ana Burger ni? Haaaa...hampa mau mai kena try burger dia,chicken grill dia..     sedapppp... Dgn alunan irama muzik dr teratak busker, angin bendang sepoi2 bahasa, pendek crita mmg layan la.. Mau mai Padang Besaq ka Langkawi ka..singgah la  Ana Burger Bintong ni...tak rugi aihhh.. Bukan takat western ja.. Nasi grg2 pon ada, mee kari,laksa...mcm2 la.. Harga standart la.. Yg penting sedap... Mai tau.. Kat Bintong ni jerrrr...",negative
Bising!,positive
Padu terok bag ang... Kaw2 belanja ha...,negative
Padu bossku.... Harga sangat berbaloi... Makanan padu,positive
Kentang hangit,negative
Memang ada kelainan. Burger2nya meletops. Suasana romantik2 gitew..,negative
Kerja di sni. Pekerja sngt ramah dn suasana pn best.,positive
Best untuk lepak2 saja. Mungkin menu yang di order bukan main menu,positive
"Aneka burger, western dan mcm2 lg",positive
Tempat terbaik.. Parking luas..,positive
Nasi lemak is the best!,positive
"Makanan sedap, servis cepat, tempat luas dan selesa.",positive
Mahal la jugak..dengan suasana yg santai saja tu,positive
Western terbaik dalam pekan kangar..,positive
Happening.. Sedap..,positive
Ada kelainannya!,positive
Boleh lah,positive
"Combo Max Dulang Ingat dua orang boleh makan habis manatau terlebih-lebih, kena dapao!!RM55.90 one set rasanya untuk 4 orang, dua orang makan memamg full sgt sgt.... Satu burger ayam Satu burger daging (Daging lebih sedap) Meatballs sangat padat, dapat rasa dagingnya... Ayam Grill and Ayam goreng sedap jugak tapi rasa plain sikit... Spaghetti pun sedap, cukup rasa! Apple Asam Boi & Lemon Sprite Apple Asam Boi takda rasa apple kerana 10biji asam dalam minuman     Rasa Asam jeee... Lemon Sprite pulak tak ada rasa sprite... Sangat sangat plain macam minum air masak yg berperisa lemon #quitedissapointing Overall makanan sedap sedap tapi minuman kurang memuaskan! Environment pulak nampak bersih dan selesa, parking pun senang! For More Food Review, Follow Instagram : kvvk_food #",negative
Makan dan minum sedap..suasana selesa..parking luas..,positive
"Makanan kurang memuaskan dengan tekak aku, tapi air jus dia berbaloi",positive
Makanan sedap dan parking yg luas,positive
Byk pilihan menu,negative
Terbaik..,positive
Nice kdang lambat dapt,positive
Ohsem teh ais tarik,positive
Terbaikkkk served.... Dan penyediaan makanan...memang berbaloi...,positive
Lambat. Harga ninggal fm.,negative
makanan western yg best kat Perlis!,positive
"Portion byk, sesuai kalau bawak family, parking space berdekatan cafe, got live band",positive
Serve mmg terbaik...tp western dia kurang sikit......tp kalau burger mmg mantop....,positive
Terlalu sedap,positive
Harga berpatutan & sedap,positive
"Boleh la, suasana ok, cuma steak tak macam steak.",positive
"FnB sedap, setting ok tapi muzik trlalu kuat sehingga tk dpt brsembang dgn kwn2 yg brsama.",positive
"mmg terbaik..harga berbaloi dgn ape yg dihidangkan..ape yg ade dlm gambar,mmg itu yg dapat...better tempah dulu sebelum p..sbb ramai..haha",positive
Makanan terbaik. Kenyang gila lebih-lebih pekena triple juicy burger.,negative
tempat makan best...padan dgn harga,positive
#kamipastidatanglagi,positive
Fuuhh!! Gempak..,positive
Best custom burger in perlis. Serious talk.,positive
Meletop,positive
makanan sedap..murah..portion die sgt banyak...makan sorng mmg sush nk abis...,negative
"Tempat yang selesa, ruang parking yang banyak, dekorasi makanan yang kreatif.",positive
OK sangat,positive
Chicken chop paling tak sedap yg pernah mkn tapi burger highly recommended,negative
Mcm2 jenis burger,positive
Harga berpatutan dengan saiz hidangan  n rasa pun okay sedap  but burger dia dah sejuk sedikit,positive
Menghidangkan makanan barat.. Sesuai utk family,positive
Sodap,positive
"Menu yg menarik, western, malay modern",positive
Boleh  lah ~~~~,positive
Portion banyak..sedap..harga agak mahal..huhu antara rm13 hingga rm20++,positive
Bolehh laa,negative
"Ullloooo jammm, ada burger 5 tingkat bak angg",negative
"Kedai mamak pon org duduk meja dia , dia datang amek order..ni aku duduk ko wat x tau je. Igt aku duduk saje2.. not recomended.",negative
Terbaik dan WAJID MENJADI PELANGGAN KAT ANA BURGER kalau datang ke Perlis,positive
Ramai sangat. Sebab harga sungguh berpatutan.,positive
Burger boek,positive
Makanan sedap dan harga berpatutan.,positive
makanan cepat sampai. macam-macam menu ada. memang terbaik. recommended. cuti hari rabu.,positive
Best tempat makan,positive
Sedap!!!!,positive
"Cendol santan sawit. Cendol sedap dan murah terbaik di Alor setar bagi saya. Cendol dikedai ini mempunyai banyak menu yang patu dicuba. Disini ada makanna lain yg turut dijual seperti keropok lekor, roti jala, roti bakar. Ditepi jalan sesuai untuk lepak2 dan minum petang.",positive
Murah dan portion besarrr!,positive
Burger dia mmg padu. Tapi minta grill2 mmg sgt2 lembab. Kira siput babi berjalan pun laju lagi. Nak p jam 8pm to 10pm mmg ramai mcm kenduri. Nak relax p 10pm ke atas... Serius.. burger dia mmg padu & apa lg balun...,negative
Selesa dan berbaloi,positive
Tempat makan yg menarik di perlis,positive
lokasi terbaik bagi pengunjung yang menggemari western food..terbaik di perlis..siap ad buskers lagi..ssuai seisi keluarga..smbil mkn boleh menikmati pemandangan sawah padi..,positive
Sedap jugak,positive
Sambil mkn western food yg sgt sedap di samping menikmati pemandangan sawah padi yg sungguh cantik,positive
Terbaik bak hang,positive
"Ada wifi,burger sedap,selesa",positive
Terbaiiiiikkkkk,positive
Harga tak mencekik lah sangat.. harga RAHMAH MADANI !,negative
Alhamdulillah makanan sedap n tempat elok..,positive
"Kalau anda datang perlus, sy suggest kn anda semua utk cuba mkn di sini, cnform sodappp bai",negative
"Tmpt best,makanan kureng sikit dgn tekak..tpi murah gila.berbaloi...",negative
"Dah datang berapa kali... Tapi setiap kali datang, ade yang habis... Tak dapat nak rasa....",negative
"Tempat selesa, ada aircond dibahagian dalam yang luas dan boleh masuk ramai pelanggan. Tepi sawah, permandangan cantik. Rasa mee biasa biasa saja.. boleh makan. But not too impressive. Cucur dalam mee ada rasa udang. Mee rebus dan mee goreng mamak boleh makan, bukan lah yg paling sedap mcm hype tu, tapi boleh la. Parking: Limited parking. Tapi boleh park dekat depan sekolah bertentang dengan restoran. Wheelchair accessibility: Pengguna wheelchair mudah nak masuk.",positive
Terima kasih beri keselesaan kpd oku.. makanan sedap dn harga berpatutan..,positive
Portion banyak and harga berpatutan. Boleh repeat.,positive
Sedappp.. pelbagai menu dgn harga yg murah ada... X rugi mai.. mmg terbaik... Service jugak cepat..,negative
"Makanan sedap tapi service mcm haprak. Orang lain datang lewat tapi makanan sampai dulu. Siap makanan hbis dulu order tak sampai lagi meja kami. Dahla mak ayah aku pulak yang tak dapat lagi. Panas aku Cadangan for future use. 1. staff yang kena selalu up to date dgn customer, tanya order apa yang tak sampai lagi 2. make sure order tu teratur. Maksudnya kalau boleh siapkan order customer yang sampai dulu pastu baru siapkan order lain.",negative
Terbaik dan mantap,positive
"Pergi satu keluarga. 10 orang. Iya-iya ambik order, 30 minit makanan masih tak sampai. Pekerja kata tak ada order!...Kami dah lapar, pekerja langsung tak mintak maaf dan tak bertanggungjawab. Katanya kertas order hilang. Satu kata maaf pun takada dari pihak kedai! Bad service Ever!!!!",negative
Terbaek.... Mee goreng mamak jangan selalu miss...,negative
Service power. Makanan sedap. Environment nyaman.,positive
Enak bangettt,positive
Pertama kali pergi makan...makanan kat situ sedap2...harga makanan & minuman tak mahal boleh makan sekeluarga,positive
Menu yang menarik. Minuman ok. Tapi makanan kurang kena dengan citarasa saya. Parkir agak susah. Harga tak murah...,negative
Semua sedap. Harga and portion berpatutan. Recommended.,positive
Terletak berhampiran lampu isyarat ke Kuala Perlis berhadapan dengan sekolah kebangsaan Kayang. Tempat letak kereta agak luas. Diatas meja telah tersedia menu makanan dan minuman. Pengunjung harus menulis sendiri apa yang nak dipesan dan serahkan kepada pelayan. Pesanan cepat sampai. Harga makanan terlalu Murah dan sesuai untuk makan berkeluarga .Pelayan mesra pelanggan. Suasana tata hias kedai agak menarik,negative
Service cepat..makanan pun sedap...cuma parking space agak terhad..,positive
"Menu best Harga rahmah Makan 10 org siap ayaq, total rm53 jah Terkjuttt murah",positive
Hidangan pelbagai masakan mee yg enak dan murah,positive
Mgkn xkena dgn tekak ni kot. Biasa je.,negative
Dulu lain skarang lain,negative
Makanan sedap.,positive
Sedap tu la mee rebus sini. Sapa mai sini mesti bawak mai makan mee zdin. Lurveeee,positive
Makanan sedap dan banyak pilihan...restoran bersih.,positive
Sedap.. Puas hati. Laju,positive
Saya beli pasembor dan cucur udang tapi kuah tak sedap tak mcm kuah kacang yg biasa saya makan....,negative
Makin mahal,negative
mee rebus,positive
Sedap mesti cuba try test.,positive
makanan dy mmg sedap..kena tekak aku..cuma skunk x mcm dlu..kalo ns grg ni ikut lauk..ns grg ikan masin..da masin je..kalo nak ns da ayam kne mx ns grg ayam..sng citer ksong je...hurmm..tp sdp,positive
The best service!! Sedap n harga   recomended,positive
Saya dan family sangat berpuas hati dgn service kedai ni..cepat! Sedap! Dan murah... double check kami minta dia kira total  klu dekat kami pasti repeat!!,negative
Menu paling aku suka mee goreng melayu style....,positive
Padu mee goreng tak boleh karang jadi gian,positive
dulu ok.tetapi sekarang pelayan cuma jadi supervisor.kena order sendiri.menyusahkan.hantar slip order sendiri.itu bukan maju tetapi balik ke zaman batu. Parking: Banyak tempat parking.tepi sekolah pun boleh.,negative
"tomyam kaww memang terbaik,kuah pekat dan sedap.",positive
menu dan hga ok & service terbaikk,positive
Tempat best.. banyak pilihan..rasa tak mengecewakan..,negative
mee goreng daging mamak dia menu hampa kena try! rancak berdossaa teringat mee sotong anak tanjung,positive
"Kebersihan kedai 5 Layanan staf 5 Harga makanan $$ berpatutan Kepelbagaian menu 5 Kesedapan makanan 5 Jika berkunjung kesini wajib cuba mee rebus, pasembor, moi sup daging dan tomyam memang sedap dan harga berpatutan.. semua masakan sedap belaka.. ada juga menu untuk kanak-kanak, sangat berpuas hati. Disini cara utk order adalah dgn tulis pada kertas order yg disediakan pada setiap meja dan beri pada staf kedai. Makanan pun cepat sampai. Recomended utk seisi keluarga.",positive
Kepelbagaian hidangan masakan mamak seperti pasembur.. mee rebus.. serta masakan thai & melayu.. sangat disyorkan atas faktor keenakkan kebersihan serta keselesaan..,positive
Sedappp...,positive
Terdapat pelbagai pilihan makanan dan terdapat juga masakan panas. Sedap dan harga berpatutan.,positive
"Mee goreng mamak, tom yam dia sedap. Tempat luas selesa dan beraircond @ Feb 2, 2022.",positive
Service Mantab! Tak Berdosaaaaa!,positive
Terbaik mcm2 ada,positive
Penyediaan makanan yang pantas. Rasa sedap dan harga berpatutan.,positive
Pasembor udang.......so nice,positive
Menu siap atas meja dan Oder pakai oder form. Layanan mesra pelanggan oleh staf. Pelbagai jenis menu pilihan. Air Tea Ais Kaww Liawww memang best. Kena datang lagi untuk cuba menu lain.,positive
Masakan semuanya sedap2,positive
Suka snap mutiara kata,positive
Kena ontime kalau tidak makanan kegemaran kita.... HABIS...,negative
Makan semua sedap. Harga sangat2 berpatutan . Kena cuba Mee rebus udang     terbaik.,positive
Banyak menu..sedap2 jgk.bole tahan.,positive
saya kerja situ,negative
Makanan yg sesuai sangat utk sarapan .. mkn tgh hari dan petang.. harga berpatutan sesuai makanan dan minuman,positive
"pasemboq, mee goreng mamak cita rasa melayu, mee gulong sangat suggest",negative
Ada Ruang Khas utk Majlis,positive
Terbaik mee rebusnya,positive
Best Mee Mamak kat perlis     mee rebus pun sedap.. puas ati betul makan kat sini mmg terbaik         makan tepi sawah,positive
tempat makan senang sedap dn memuaskan..,positive
"Tempat lawa, tempat eksklusif & kondusif, masakan pn sedap..sesuai utk santai keluarga & rakan2.",positive
Terbaik... sedap2 belaka,positive
Mknan sedap.  Servis laju.  Harga mampu milik.  Cuma layanan je biase . Mostly playan je msam sikit,positive
"makanan sedap-sedap, tempat yang sangat selesa serta layanan sangat bagus dari staf. memang terbaik .....",positive
"Kedai bersih, parking senang. Pilihan makanan dekat menu banyak, tapi saya sampai 5.30ptg boleh kata banyak benda dah habis. Mee goreng mamak sedap juga la, cuma kalau bagi pedas sikit pun sedap. Air minum OK, cukup rasa.",negative
"Nicee , macam macam ada !",positive
love mee rebus. bagus!!,positive
"Balik mai perelih, wajib mai pekena..",negative
Brunch...mcm2 ada ikut selera masing2,positive
Mee rebus dia sedap,positive
Memang sedap sangat dan berbaloi.,positive
Tiptop..smua sedap..rugi kalau xlepak sni,negative
Makanan sedap dan service bagus,positive
Menarik dan tertarik,positive
Macam2 ada.,negative
Makanan yg sgt sedap. Cepat dan mesra,positive
Ada ekon,positive
"kedai bersih,segala menu ada dijual.Roti dol antara menu killer disini",positive
Layanan yg mesra & pantas... Mesra OKU & warga emas... Antara port mee rebus yg kns dgn tekak & selera... Harganya pun sgt2 berpatutan... Puas hati & berbaloi2...,positive
Sedap dan menepati citarasa.,positive
"Makanan yg sedap dan harga berpatutan,aneka masakan bergoreng disediakan,passembur,meeamai,mee kuah,mee rebus,nasi goreng ayam,udang,sotong dll",positive
Layanan staf terbaik...makanan sedap,positive
Sedap Dan enak...Banyak menu makanan,positive
kami mkn nasi putih with daging tomyam.. sedap esp sambal belacan dia .  mabeless!!,positive
"Sedap weh. Setelah bertahun2 dok Peghlih ni, ni la kali pertama aku sampai. Dia punya mee mamak sedap. Yang lain nanti baru nak try. Haa, satu lagi ayaq (air) dia pun banyak yg special, aku minum ambra asam boi dan tidak merugikan.",negative
Boleh2.. Tomyam kaww padu2,positive
"Mee goreng mamak udang, terbaik",positive
"Mee rebus udang, terbaik....overall makanan sedap, servis tiptop dan harga berpatutan.  Nak datang lagi, tapi dok jauh...nun di Paka, inshaaAllah ada masa di lain kali pulak.",positive
"Aneka pilihan makanan mamak tulin.. Pasembor, nasi goreng..",negative
Best tmpt nie,positive
Sedap mee gorengnya...,positive
"Sedap, bersih",positive
Dendam Kesuma Team mengucapkan ribuan terimakasih atas sokongan dan hidangan terbaik dari Restoran Mee Zdin. Terbaik ! Good food & Great service!,positive
Makanan sedapppppppp..,positive
Banyak pilihan makanan..,positive
makanan sedap dan harga berbaloi,positive
"Terbaik,",positive
Sedap semua makanan,positive
roti goreng celup telurnya rentung,negative
Beraneka pilihan makanan..,positive
Mee goreng mamak & teh ais khaww liaww,positive
Restoran mee zdin cantik kemas bersih pelayan pon ok,positive
Restoran terbaik dalam kalangan jenisnya,positive
Sedap takmau cakap banyak sebab bukan dibayar untuk paid review,positive
Memang Best Dan Terbaik Mattop Sarapan kat Sini mee Goreng Mamak dan Kopi kaw liaw #welcometokolaperlis #todaytrip #berikanmasa #santaijiwa #cool  #meezdin #melekatsedapnya #mervellous #alrightperfumes #rekemen #alrightfoodtesters  #alrighttours,positive
"Restorant ini best laaa, saya suka makan pedas, dan di restorant ini nasi goreng chili padi dia punye pedasss best laa, rekomended sangat, dan sayaa ucap terimakasih karna saya dan kawan2 di sponsori oleh mee zdin langsung",positive
sedap dan murah,positive
"Makanan Citarasa masakan mamak yg sedap. Mee goreng, mee rebus ( udsng, sotong , ketam ) cucuq udang pelbagai pilihan, nasi pelbagai masakan ( ikut order ), pelbagai pilihan minumsn. Sedap. Harga Patut. Sila mencuba.",positive
Kedai cantik..makanan pon sedap servis pantas..terbaikkkk!!!,positive
Mee goreng dan mee rebus sedap..,positive
pasemboq sotong terbaik!,positive
Gorengan padu..,positive
Mee goreng terbaik,positive
Makanan sedap... Cuma tempat la sempit sikit.. Meja takdak kadang2 kena tunggu sat..,negative
Keadaan tempat sempit dan terhad...panas,negative
Best mee mamak,positive
makanan maveles,positive
"Makanan sedap,berpatutan,servis pantas",positive
Makanan sedap and harga berpatutan. Pemandangan cantik. Tapi Perlis ni cuaca panas so kena bersiap sedia.,positive
Macam macam jenis masakkan,negative
lov it... sedap sgt.. pls kurangkan minyak char keow teow berminyak,positive
Sedap.. Pasembor sotong,positive
"Kedai sentiasa ada orang, order tulis atas kertas, nanti staff datang ambil..service pantas.",positive
Masakan dia ada rasa.tomyam kaw. Air ok banyak pilihan. Tempat sempit dan padat sikit. Kawasan tepi sawah agak menarik.kedai bersih. Pelayan ok. Harga tak murah tak mahal sedang2 saja. Boleh repeat,negative
Sarapan pagi yg best ialah Roti Canai Doll.Menu2 dy mmg rare....mmg best sdp!!! Lau dtg tghari lg best..ad pasembur etc... Lg best pd yg mengunjung ke sini... I Really Reccommend this kedai..,positive
Pilihan makanan yang banyak dan menarik. Harga yang berpatutan,positive
Jus amra asam boi wajib try.. slurppp..,negative
semua makanan sangat sedap n harga sangat berpatutan.,positive
Makanan dn minuman semuanya sedap2.. Dan ada pelbagai menu,positive
Aneka makanan panas disediakan.. harga berpatutan...,positive
Baru balik dari restoran mee zdin kena koey teow goreng mamak clear hujan2 ni,negative
Pelbagai makanan.. Dan servis laju,positive
Mee goreng n kuetiau kungfu power!,positive
Mee rebus terbaik & suasana kedai jgk slesa,positive
Makanan sedap..harga pon berpatutan..murah,positive
Padu dan sedap,positive
"Try mee kuah, mee mamak, nasi goreng pun sedap sini",positive
Good roti dol & roti bakar susu,positive
Masakan terbaik menu terbaik,positive
"Aku dan kawan-kawan selalu makan direstoran Mee Zdin depan sekolah rendah kayang , Jln Kuala Perlis.",positive
"makanan sangat overpriced. laksa kosong langsung tak da telur, pasembor pun sikit sangat. bila dah order teh ais baru bagitau yang susu tak ada, katanya keluar beli susu tapi baru beli udang and susu still tak da. meja berhabuk, cawan pun tak bersih, kawasan persekitaran memang nampak macam tempat yang tak dikemas",negative
"laksa rasa ikan lama, cucur udang dah sejuk, and sos dia lain macam tk sedap. ni kawan la kata, tengok ada review tk elok jugak tk jadi masukla , ingt nk try",negative
"Jarang2 nak buat review tapi kalini dah terkena. Service sangat2 out. Lambat. Kami in rush sebab nak cepat. Dah tanya siap2 boleh ke masak cepat. Dia kata x lama pun sebab memang xde customer. Bila dah order duduk makan laksa, rupa2 nya baru nak pg beli udang, even worse udang sampai baru blend cili etc. Sebab dah lapaq nasi sangat layan jelah. 2x bengang harga mahaii melampau. Makan laksa 1, nasi 4, sambal udang dalam 10ekoq besaq duit 50sen lama, teloq dadar, kailan, air sirap 1, air kosong 4 sampai Rm94! Harap dapat improve selepas ini.",negative
"paling teruk; servis dan rasa makanan minuman. order teh ais; susu xde  sotong goreng tepung; lama tnggu pastu dtg kata sotong xde, tukar udang tp bru nk p beli udang pasembur ketam pny sejuk. alahai nasib",negative
"MAHAL NAK MAMPUS, dah la tak sedap langsung! MENYESAL MENYESAL MENYESAL .. JANGAN DATANG SINI! TOTAL DAMAGE : RM140 (1 laksa, 1 mee rebus, sotong goreng tepung, cucur ketam)",negative
1st time try kedai makan ni..Sotong goreng tepung dia best!!! Blk tapau cucur ketam & cucur udang.,positive
Cucoq udang dan cucoq ketam sejuk seperti mayat. Minuman lambat sampai. Duit tukar pun x der. Kali pertama dan kali terakhir pergi.,negative
Indah khabar dari rupa,positive
"Ada pelbagai pilihan makanan ...tp laksa dia mmg sedap...cuma lauk2 utk nasi campur dia letak atas meja panjang dan terdedah...kat sebelah kedai masa kami dtg tu ada construction pulak tu...nak jadik kan cerita tgh2 sedap layan kuah laksa tiba2 ada sekor kucing melompat naik kat meja lauk pauk tu..kucing tu dok cium2 ayam kat dlm tray tu & curik seketul bawak lari..takda sorang pun pekerja kedai nampak sbb mereka tak duduk kat situ jaga makanan..so kami bgtau ada sorang budak pompuan dlm umur 11 12 tahun yg amik order kami masa tu...budak ni pun ragu2 kami ni tipu ke apa ke...nak angkat tray tu yg penuh dgn ayam tu pun dia ragu2 tp dia angkat jugak la bgtau kat makcik dia....pasaipa makcik...korang pi sana baru tau Kami makan cucur ketam, mee rebus dan laksa..mmg sedap...cuma mee rebus manis sket la",negative
Indah Nama Dari Rupa ...sad,positive
indah khabar sahaja. gambar lama. mungkin dulu hebat. jangan buang masa. tak banyak pilihan.,positive
"Indah khabar dari rupa. lauk biasa ja.ikan cencaru bakar kosong ja..xbnyak pilihan. suasana kedai pun x selesa .kurang bersih.sotong tepung x da, .datang pukul 1 tgok makana sedih ja",negative
Datang jauh2 sbb nak p sini. Last pegi berbelas tahun dlu sbb kursus. Rezeki kedai ni ada lagi. Makanan sdap. Tp mcm meriah mcm dlu mungkin bukan cuti skolah. Boleh mai lg klau balik kg. Landmark depan Kastam.,negative
Cucur udangnya tepung je. Pasembor tak sedap. Air tak sedap,negative
"Sangat mengecewakan. Servis terlalu lambat. Tomyam cair dan x ada rasa langsung tomyam. Nasi dari beras paling rendah kualitinya, siap ada bubuk dan semut lagi. Ikan yang dihidangkan mentah. Harga pula sangat mahal tak berbaloi dengan kualiti makanan.",negative
Suka sangat dgn cucur ketam & cucur udang kat sini. Kalo tengahari ada nasi berlauk jugak. Makanan yg simple tapi nice,positive
"Restoran paling merapu, makanan sejuk, sotong liat namampus, cucur ketam yang bikin tersiksa kesejukkan, laksa telur tidak hadir.. Meja sebelah dpt pasembur 3 ketul cucur je? Omg.. Maaf yer. JUJUR DARI HATI PELANGGAN YANG TERSAKITI.. total damage RM51 yer..",negative
"Nyesal mai. Laksa kosong....xda apa2...bawang, sayur 3-4 urat je... sotong celup tepung pulak liat mcm getah, sejuk....cucuq ketam literally ketam goreng tepung...bau ketam hanyir mcm xbasuh....",negative
Laksa paling teruk,negative
Persekitaran restoran kotor. Harga makanan tomyam yam seafood amat mahal. Air minuman pun kotor ada binatang.. Ikan siakap masak 3 rasa pun tak cukup masak.,negative
Layanan kurang memuaskan. Cashier sombong!,negative
"Sotong goreng tepung tak fresh, kecik, goreng sekali dgn tulang. Sos ceroi. Laksa kosong, kenyai. Nyesai mai",negative
"Kedai Kotor,pekerja tak Jaga kebersihan,jika baca Doa makan Rasa tak sedap pada makanan,jika tidak baca Doa,Setan makan berasama",negative
"24/10/2022 gi restoran Nelayan di Kuala Perlis..Indah khabar rupanya. Nama restoran tapi mcm gerai tepi jalan. Tempat kotor dan Meja berhabuk..Layanan  . Harga mahai..utk 2 mangkuk laksa, 1 cucur ketam, 1 sotong celup tepong, 2 teh ais, 1 teh o ais, 1 teh tarik & 1 kopi panas..RM65..huhu",negative
Laksa tak ada rasa dgn cair teramat.. Pinggan mangkuk kotor berdebu.. Bad experience not recommended at all.. please go to other stall,negative
"Tak berbaloi dgn duit yg bayar. Tgk dlm gambar Mee rebus nampak sedap.tapi bila datang hanya Mee rebus,kuah dgn cucur yg tak ada udang. Cucur udang yang tak ada udang pula keras dan sejuk. Tak akan datang lagi did lain kali",negative
Udang padprik ada dalam 10 ekor saiz duit 50 sen dua pinggan kecik rm 60. ikan tak defrost. siakap stim jadi siakap frozen   mahal dan sangat tak berbaloi. Takkan repeat.,negative
Ketam celup tepung yang terbaik. Wajib singgah kalau datang ke kuala perlis,positive
Laksa sedap.,positive
Susana kurang menarik,positive
"Ok la.. Tp xmcm dlu.. Dlu sedap lg cucur udang, sotong tepung.. Skrg mcm kureng skit..",positive
Tak sodap,negative
"Pricey, kedekut kuah, pekedai kurang mesra.",negative
Indah khabar dari rupa.. mengecewakan.. kebersihan restoran diragui kerana bau persekitaran amat menyakitkan deria bau.. toilet amat kotor..harga tidak berbaloi dengan makanan yang dihidang.. tidak disyorkan kerana ada banyak lagi restoran di kuala perlis yang lagi sedap dan murah...,negative
"Maggi laksa lagi sedap... Heck kalau makan maggi laksa taruk ayam mentah, letak dalam oven 2 min keluarkan, letak dalam freezer biar 2 hari lagi sedap",negative
Restoran Nelayan bersebelahan Jabatan Perikanan Perlis,negative
Authentic laksa kuala perlis..but i need cili potong..,positive
Services - Waiters lack customer service skills. muka masam .. tak rugi pun senyum.. org mai kedai nak makan.. nk bg rezeki ... Food - so so.. but have to makan juga laa.. sbb others restaurant full. This restaurant needs to improve service quality and food quality. Note to owner: Please train your staff or ur children to behave when entertain customers. Tak rugi senyum dan berbudi bahasa.,negative
okaylaa,positive
Makanan xbnyk.. Tetapi selesa.. Xmahal,positive
Makanan ok la..,negative
Kalau dtg Perlis mmg singgah sini..sotong n udang sedap.,positive
Sedap Dan murah,positive
Haga boleh tahan bukan harga orang kampung,negative
Laksa Kuala Perlis & sotong celup tepung memang terbaik. Sedap,positive
Makin mahal skrg,negative
Cukuo sedap original,positive
Sotong celup tepung power... Tepung dia sedap. Laksa pun padu.. kalau blh nampak pemandangan sungai lagi power.,positive
Makanan sedap.. Ikan bakar pun perghh.. Padu,positive
harga boleh tahan mahai,positive
"Makanan mahai nak mampus... xpadan dgn harga.... laksa xrasa apa...makanan yg order pun xsedap....order laksa 3 mangkuk, sotong goreng tepung 2 pinggan.... nasi sepinggan penuh dan 1 pinggan separuh.... cucur udang 1 pinggan, air laici 4, tea o ais 2, milo 3, barli panas 1, kopi o panas 1- rm107.... harga kat KL pun xmahai mcm tu.... service slow.... org lain dtg lmbat tp dpt dulu...",negative
Sedap! Servis laju.,positive
Laksa terangkat abis. Wowwwwww,negative
"So expensive. 2 pinggan cucur campur, 1 pinggan sotong celup tepung, 3 mgkuk laksa dan 5 gelas air. Total is RM95.",positive
"Terbaikk n sedappp......try to eat their laksa,sotong goreng tepung and cucur udang...",positive
"Nasi Berlauk, Pasabor, Cucuk Udang Dan Cucuk Ketam",positive
Makanannya memuaskan,positive
Makanan Sedap,positive
Boleh la nk singgah2 untuk snacking.,positive
Mee sejuk,negative
Rugi je pegi,negative
tak sesedap dulu.. cucur udang n ketam goreng sejuk,negative
"Sapa teringin makan laksa kuala perlis, boleh la try. Nasi lauk tengahari simple sedap. Kalau nasib baik ada pulut panggang.",positive
"Good food, just had sotong goreng tepung and cucur udang. Menepati citarasa..",positive
laksa beras & cucur udang... thorbaek...,positive
"Cucur udang tapi, tiada udang ataupun rasa udang",negative
Nasi goreng & laksa sedap. Boleh singgah sementara tggu atau balik dari ferry,positive
"Delicious ikan bakar , laksa and pasembur",positive
Biasa jer..,negative
Murah gilaaaaaaaaaa,negative
Ok je,positive
Mknan variety... Tapi tak menepati citarasa kami.  jus oren memang sedap 10/10,positive
"JANGAN PERGI KEDAI INI!! Laksa tak sedap, kami beli 4kg tp kuah kedekut, sayur lecuq secubut. pasembur ketam sejuk, cucur sejuk, poor servicing skills. Harga mencekik darah, tak ikut sop covid. Saya rasa kedai ni berniaga makanan tak ikhlas.",negative
sedap dan sgt  murah,positive
"Ikan bakar, sambal belacan mantap sangat la",positive
Makanan lain sedap just mee laksa keras,positive
Cucuq ketam sedap. Bihun sup pun rancak. ! Laksa dia kaw. Mmang kalau pi slalu bungkuih kuah laksa balik rumah.,positive
Sedapp oo,positive
Ayam Percik dia Best weiiui,positive
"Makanan sedap2, dan murah. Cuma tandas, kalau boleh upgrade sikit. Dan cara layanan boleh diperbaiki.",positive
Cucoq ketam marvellous.,positive
Mesra,positive
Harga makanan melambung dri tmpt pain,negative
Mahal sgt... Rasa pun biasa2 je,positive
Harga morah.. gulai sedap,positive
Sedap dengan makanan laut tapi kedai panas nak mati,negative
"Always  my favourite place for cheap n delicious laksa, pasembor, cucur ketam n cucur udang",positive
"Sotong celup tepung A, fresh",positive
Makan tengahari kt sini,negative
Makanan sedap...murah...,positive
Mahai kedai ni...panas plak tu...atap zink...makan xsedap...,positive
Ok juga makanan dia...,positive
Gerai lama yg masih bertahan. Just nice,positive
Masakan menyelerakan.. harga berpatutan..,positive
"Order cepat dapat, pasembur sedap",positive
Nice laksa pasembor and cucuq udang,positive
"Laksa, pasembur and cucur udang to die for..",negative
Lunch disini layanan sangat baik,positive
Makanan sedap. Cuma kebersihan ken jaga sikit.,positive
Makan tengahari...laksa..nasi campur...abc...laici kang...dll,negative
"Pasembor, laksa dan coq udang sedappp",positive
Ikan fresh.. Tp xbyk pilihan,positive
sedap mkan kat sini,positive
Sedap... Murah...,positive
Anak saya suka sgt mkn laksa kat sini,positive
"Love their traditional Malay dishes. Cucur Udang, Cucur Ketam & Pasembor best!!!",positive
Begitu menarik dan selesa UTK makan bersama keluarga.,positive
Tempat yg strategis,positive
Kuah laksa dia dah improvised,negative
Terbaik di Langkawi... Morahh lagi sodap,positive
Semua nya lambat harga mahal sikit..masak kan boleh tahan la..,negative
Resteron nelayan ramai org pergi mkn disitu dan makananya pun sedap dan murah.,positive
Laksa Utara..,positive
layan bunyi laut,negative
Tukang ambik oder cm kedai mamak india baru smp mlysia. Oder lain sampai lain..!!! Rege same cm yahudi mabuk. Kedai tunggu nak angin derah ckit ja. Bia roboh pn xpa.. nasi goreng oder mcm2. Tp smp smua sama. Elak kan ja la mkn cini. Biaq org cini ja mkn cini,negative
"Makanan dia perhhh..sedap..pasembur,cucuk ketam",positive
Sotong goreng tepung memang sedap,positive
makan cukup sedap dah harga berpatutan,positive
Harga agak berpatutan,positive
Nasi campur only. Pasbor ketam ok.,positive
"Order ketam celup tepung 2 ekor, cucur udang 2 pinggan, teh o ais 2: total rm39. Ketam & cucur sejuk. Dah goreng lama pun still saji kat customer. Xberbaloi langsung",positive
Sedap berbaloi mkn terbaik...,positive
"Sotong celup tepung sedap. But make sure you are not allergic to seafood. Mi kuah sedap, pasembor sedap. Recommended",positive
Restoran Nelayan yang terbaik di Kuala Perlis untuk seisi keluarga untuk menjamu selera..,positive
Cucoq ketam memang hidangan yang pasti,positive
Pasembor Ketam! Delicious... Kulit ketam boleh makan...,positive
Makanan sini memang sedap!,positive
Famous dalam internet tapi realitinya tak sedap mana. Kalau orang tempatan memang tak pergi kedai ni. Dah la mahal. Banyak kedai lain yang lagi murah dan sedap.,negative
MAHAL NAK MAMPUS...sotong sedap tapi jgn la nk oder...mmg cekik darah,negative
Yeay,positive
Nasi goreng xsdp. sotong goreng tepung masiiinnn.ketam tak fresh.,negative
Makanannya sedap,positive
Menu spcial ketam besar!,negative
All in 1 place.... Local foods... Nasi Campur Laksa Pasembor Cucur udang,positive
Sotong goreng tepung sempoi,positive
Seafood terbaik! Especially SOTONG CELUP TEPUNG,positive
Pasembotr ketam mem ng terbaik la...,positive
Menarik tuk d kunjungi. Suasana kampung,positive
Makanan ok..tp dapat air lambat betul. Makanan dah habis n dh nak balik baru air smpai. Nyaris2 nk cancel n balik. Hope dapat improve,negative
"suasana seronok, tapi mungkin makanan boleh diperbaiki banyak lagi .. harga overpriced sgt tak sepadan dgn makanan .. saya order juga nasi lemak dgn peknga (tapi tiada dalam gambar) staff sngat friendly",negative
Beelesan,negative
"Untuk makanan, peknga sangat tak worth it. Size nipis, dan kecik. Tak berbaloi. Nasi lemak, dan minuman sedap. Harga standard, sesuai dgn keselesaan tempat yg luas. Walau bgaimana pun, tlg perbaiki dari segi portion makanan (nasi rendang, peknga), seiring dengan harga.",negative
overprice dgn quantity yg sikit. if mahal sedap and puas hati xpe lagi. tp ni nasi goreng ckit yg amat xsdap. air lambat smpai. bila ty waiter jwb rude. air yg order mcm xletak gula langsung. sorry my view and xrepeat lagi.,negative
Kurang memuaskan. Ada time sedap ada time hampeh. Portion sikit. Boleh boleh laa.,positive
"Saya makan nasi lemak...saiz standard nasi lemak bungkus,telur rebus separuh.tak sedap.tak rasa lemak dengan harga luar biasa..hati panas...makanan lain saya tak pasti..",negative
Servis lambat & makanan sikit harga kl,negative
daging masak salai terlalu sikit tidak padan dengan harga,negative
Datang breakfast weekends. Tempat cantik. Makanan sedap dapat pun laju. Must try roti kluang and nasi lemak. Air TAK dapat. Slow nak mampus. Ramai customer lain pun tak dapat air. Pembuat air slow sangat2.,negative
Servis minuman sangat2 slow. Makan sudah habis tapi minuman belum sampai lagi.,negative
"Service lambaaaaat. Few times tanya pun order tak sampai sampai. Sesuai laa dengan nama kopitiam tu,  ngulang  so kena ulang ulang tanya benda sama   and food taste thumbs down. To manager/owner, please manage your service properly.",negative
service tersangat lambat.lain kali kalau x mampu handle cust ramai jgn viralkan.tnggu makanan sampai ke sudah x sampai2.minta maaf pn x,negative
"Rasa makanan biasa2 je, lain org lain lidah. Vibe is the only plus point. Harga affordable, parking limited to 8-10 cars.",positive
SILA PERBAIKI SERVIS. Makanan sedap,positive
Terbaikkk owner pn baik!,positive
Menu sarap kampung dgn deco brg antik  cantik la,positive
"Hidden gem in Perlis! Style gile kedai ni, sangat sesuai utk breakfast port sebab banyak menu2 authentic malay, Petang - malam ada kopi2 + western Chicken chop not bad",negative
"Personally, kopitiam nie sgt nostalgic.. suasana sgt menarik.. makanan pun kena dgn tekak.. kopitiam style.. overall superb.. yg ada ank kecik jaga2.. ank akn excited utk explore segala pameran.. overall terbaik..",positive
Ngulang Kopitiam,negative
"Sejam lebih tggu order,tak sampai2...bila tanya kt waiter,  bru  bgtau lontong dah abis..sejam tggu macamtu je",negative
"Bawa kawan dari Jepun makan sini, depa cakap sedap & suka sangat makanan kat sini. Mee Kari, Pek Nga & Laksa goreng sedap",positive
Laksa nyonya is a must try.and nostalgic jagung nyok,positive
masa pi ni banyak menu takda,negative
Banyak pilihan makanan. Kedai di kawasan kampung. Hiasan dalaman bersuasana rumah kampung dengan hiasan peralatan orang dulu-dulu. Kakitangan yang mesra.,positive
TERBAIK PADU,positive
Kedai estetik estetik gituuu,positive
"Kalau time ramai, service memang lambat, lebih satu jam menunggu. Dtg awal pun tak guna, sebab tak banyak menu ada waktu bukak awal2. Waktu nak bayar, complain sebab lambat tapi owner cakap  lain kali jangan datang tempat viral.",negative
Makanan orang lama2. Sedap. Servis cepat. Parking kurang. Hiasan kedai berkonsepkan rumah dulu2,positive
"Recommend it Old house, decor classic ideas Menu style orang lama Minuman agak manis    boleh diperbaiki Sambil makan dialun dengan lagu2 lama/classic Limited table for dine in Peminat lagu2 lama & makanan lama boleh mencuba disini Owner pemurah   moga dimurahkan rezeki Pelayan mesra & sabar melayan kerenah pelanggan Masa menunggu tidak melebihi 1jam walaupun ramai customer Menu roti cepat habis kalau sampai lewat, kena datang awal Parking: Limited parking",negative
lambat nak mampus. makanan x smpai2.,negative
"Konsep kedai dah lawa. Retro klasik. Tapi servis lambat. Order nasi lemak je, tapi tunggunya setengah jam. Air pun lambat nak sampai. Bila kami pi tanya brader yg ambik order kami tu, dia pun serba salah kat kami sbb lambat sgt. last2 owner kedai mai kat kami cakap minta maaf na.. kedai ni kami nak tutup dah sebab tak tahan customer marah2 sbb lambat. Kami nak siapkan catering lagi, nak siapkan customer punya lagi. Kadang sampai pukul 1am kami dok buat ni. Ending dia, kami pi bayar duit air minum ja. Nasi lemak tu cancel jela. Pastu chaw. Nasihat saya la kan, len kali letak signboard kat depan kedai tu kata kedai nak tutup. Takde la orang masuk n tunggu lama. Takpun focus satu benda ja. Nak buat catering or restaurant cmni? Ni kami nak chaw tadi pun ramai lagi yg masuk. Tengok meja masing2 pun cuma dapat air ja hahaha. Gg",negative
"Mantap pak abu. Tak dapat rasa Ubi Nyok, dah habih.",positive
macam bingai dah tunggu 1 jam lebih tapi yang sampai air jee. pekerja kehulu kehilir takde buat ape. terpaling busy laa kononnye tuu,negative
"order nasi lemak pon kene tunggu 1 jam lebih , nak tunggu ayam jantan bertelur agaknya",negative
Sedap betul pulut hitam kelapa parut ikan kering  kedai classic belakang sawah padi Macam2 barang antique pun ada makcik mona tu pun friendly. Harga murah belaka.,positive
Konsep restoran menarik. Servis boleh improve lagi.,positive
"Nostalgia dari segi dekorasi, menu makanan, interior dan exterior sangat menarik. Makanan sedap. Servis cepat. Bersih walaupun guna pinggan fesyen lama dan kole minuman. Harga makanan juga berpatutan. Pesan hampir semua menu yang ada. Nasi goreng yang ada ikan tu memang klasik la.",positive
Disappointed.. Kuah lontong yang aneh-aneh aja. Pekat macam bubur. Mee kari kuah pekat santan mcm baru keluar dari kotak tak rasa kari.. Atmosphere ok deco classic. Cantiklah untuk bergambar,negative
Tempat unik dan klasik. Makanan sedap. Kami makan koeyteow dan char koeyteow. Not bad   Harga ok. Highly recommended.,positive
"Lontong sedap, rasa lemak lebih kuat dari rasa rempah Ubi kayu rebus - makanan klasik, lembut sedap. Lebih suka kalau ada savory version dari sweet version Soto ayam sedap Nasi dagang ok2 saja",positive
mmg layan,negative
"Tempat yg klasik, menu simple & menarik.",positive
Selection makanan minuman menarik dan servis yg bagus.,positive
"vibe traditional..mengimbau kenangan masa kecik..air kopi die sedap,mee kari dan lontong pon sedap",negative
"Mai kui 11 semua pakat habih.. menega apa la   .. nasib sedap.. kalau sapa nak mai, mai awai.. tak pun call dulu tanya ada lagi dak menu.. menu apa yang ada.. takut2 pergi2 x dak apa dah naya pak karim..",negative
Order makan nasi lemak hampir 1 jam. Selepas tu beritahu nasi lemak habis. Penat menunggu dan air pun x sampai lg. Teruk sangat staf yg mengambil order.,negative
service terlalu slow..pekerja xreti nak manage..customer terpaksa tunggu berjam baru dapat 1 dari 5 order nasi lemak. lagi 4 mungkin kena tuai padi dulu..,negative
"Nostalgic. Cucur udang, gulai ikan roti bengali, Jagung nyoq tastes sooo good. One of the best breakfast venue in Perlis. Recomended",positive
Makan sedap cuma agak pricey sikit untuk kawasan utara. Maybe boleh include qr menu sebab menu tak cukup untuk pelanggan. Suasana kampung camtu. Parking: Parking at the roadside. Atas risiko sendiri.,negative
"Makanan sedap & harga berpatutan. Tapi waiting time terlalu lama sebab customer pun terlalu ramai. Beberapa cadangan yang boleh dipertimbangkan: 1. Lebihkan PAR level stock supaya makanan tak habis cepat. Recalculate balik sebab customer makin hari makin ramai. Datang pukul 10 pagi tapi banyak makanan dah habis. 2. Buat nombor/waiting list untuk customer yang menunggu sebab bila ramai sangat yang queue, once ada meja kosong, cust yang datang kemudian pulak duduk dulu. This is unfair untuk customer yang dah tunggu lama. Harap boleh improve.",negative
"menunggu nak order lama, almost sejam baru dapat makanan",positive
Vibe orang dulu-dulu. Makanan pun sedap2. Worth it but quite expensive.,positive
"Recommended, dari tg malim ke perlis cari kedai ni.. makan semua sedap.. Kedai klasik rasa pun klasik",positive
"Blh pergi lg, puas hati mknn pun byk ala 2 zaman dulu",positive
"Lokasi makan yang baru yang sedap di Perlis dengan suasana bertemakan nostagia kampung zaman lama. Banyak koleksi barangan antik di sini. Menu makanan simple, murah dan sedap! Berbaloi!",positive
Makanan semua sedap. Lontong terbaik!,positive
"laju ya, tak smpai 5 minit makanan dah sampai",positive
Best sangat kampung style.. . Masakan sedap,positive
Tempat cantik dan klasik. Servis sangat laju. Makanan semua sedap. Recommanded pulut ayam is the best. Ayam berjus dan pulut lembut. Lagi sedap dari padang besar.,positive
"kalau datang hari minggu/cuti sekolah, better untuk datang awal untuk elakkan waktu menunggu makanan yang lama. ramai yang datang. tempat letak kereta agak terhad. ada barang-barang antik untuk mengimbau memori lama. surau/tandas disediakan",negative
"My second time datang, dulu first bleh tolerate lgi slow service sbb baru buka skrg ni dh lama pun service ximprove? Tunggu order sejam lebih last2 cancel ja. Terlalu overrated for me, I dont know lah apa yg orang luar hype sgt",negative
Makanan kat sini semua sedap. Servis pun cepat... Suasana pun tenang,positive
Oder benda simple tapi almost sejam tak sampai sampai. Lontong + banggali dan air teh 3. Pergi counter cakap nk cancel order je. Cashier tengok kertas ada lontong je. Tanya cashirr Kenapa eh? Order hilang ke?   Dia jawab  entah tak pasti  . Tanpa cakap sorry or what. So rude. So yah. Ambiklah this 1 bintang utk cafe ni dan i takkan suggest to anyone.,negative
"We ordered nasi lemak, pulut ikan kering, cucur udang, peknga gulai ikan. Foods were good except the peknga and gulai ikan (need improvement). Very reasonable price, only RM 36 inclusive drinks with nice old rustic ambiance.",positive
Parking saja x cukup lain ok :),positive
"makanan sedap, servis terbaik",positive
Mantap buat sarapan,positive
"Kalau nak rasa makan dalam suasana kampung or di zaman 80an boleh dtg ke Kopitiam ni. I love the concept and food very delicious. Mengekalkan yg traditional samaada dr segi makanan, minuman mahupun inviroment. Recommended sapa yg dtg Jejawi boleh singgah. Sesuai bawa keluarga mahu pun duduk santai dengan ke kawan.",positive
70/80,positive
Makanan legend taste org dulu dulu,positive
Antara menu yg wajib rasa bila mai sini Nasi rendang Lontong Peknga Ubi kayu cicah nyok Mee kari,positive
"Weh sedap makan sini, so nostalgic rasa dia. Nasi goreng rendang rasa macam nasik goreng arwah opah. Soto pun sedap, kuih tepek pun sedap. Yummm",positive
"Makanan, atmosphere, price semua berpatutan. Nasi dagang ikan tongkol sedap",positive
Terbaik    Makanan semua sedap dan cepat !,positive
Good ambience. Good food. Gulai ikan is the besttt.,positive
"Terperanjat juga order nasi rendang tapi takde nampak rendang. Rupanya definisi nasi rendang orang dulu-dulu atau orang Perlis ni lain. Nasib baik sedap. Breakfast makan sini memang feel kampung. Dengan lontongnya yang pedas, roti pula lembut. Semua benda yang kami order rasa sedap. Memang recommended kalau nak rasa feel kampung tu.",negative
"Order nasi lemak, roti bun kluang, mee kari dan teh tarik.                   semua sedap. tempat selesa. Toilet bersih.",positive
sangat unik dan klasik... makanan tiptop,positive
Nasi lemak sedap. Meja pun banyak. Nice interior deco.,positive
Terbaikk.. makanan sedap.. suasana nyaman.. tenang je rasa.. yg datang dari jauh dari luar perlis rugi kalau tak try breakfast kat sini,negative
Best wey..menu agak terhad. Tapi semua sedap,positive
"Tempat : menarik Dekorasi : menarik Parking : biasalah cuti - faham je Makanan : boleh2 jelah. Nasi lemak tak mcm nasi lemak. Other banyak tak sampai. Tak leh nak komen yg lain2. Servis : sangat2 lambat, ada makanan tak sampai2 pun. Yg datang kemudian dapat dulu pulak. Firstly rasa owner (maybe) datang minta maaf. (Yg ni saya puji). Kami menunggu lagi..kemudian bila bagi tahu makanan apa tak sampai setelah sekian lama barulah sampai..tapi akhirnya ada yang tak sampai2.. staff front not very friendly..salahkan kita pulak katanya tambah order sedangkan order yang diambil sekaligus.. Ngulang? Rasanya tak kut. Apa2 pun owner kena look dekat staff infront tadi. Kena perbaiki mutu staff je..sayang sangat kalau dia yg merosakkan reputasi tempat",negative
Servis kurang baik generally. Datang pakai uniform macam tadi pagi baru pantas dapat makanan. Kalau pakai baju biasa tunggu lama.,positive
Servis hari ni sangat lambat.,negative
"Servis pelanggan sangat lembab. 30 - 40 minit untuk dapat order. Tak nampak macam ada sistem. Suasana agak panas. Cuma tempat dan konsep jer la cantik, menarik dan klasik. Makanan dan minuman boleh kata biasa jer portion dan rasanya.",positive
"Suasana kampung yg best. Makanan sedap. Paling win, Nasi Goreng Kerabu",positive
Pengalaman kembali ke masa dahulu kala. Dalam kedai sangatlah estatik sampai terasa macam bukan zaman ini. Nama-nama makanan ada yang tak pernah dengar lupa nama dia tapi lempeng la kalau kita panggil.,negative
"Makanan breakfast yang sedap! Good service. Tempat yang sangat best. Rumah kampung tradisional lama dengan gaya deco barangan lama dan antik. Ramai org, dan parking limited. Datang awal.",positive
Semua ok. Makanan ok,negative
"Favorite breakfast join. Jika ada rakan-rakan yang nak sarapan pagi dgn menu Malaysia kita atau masakan warisan dulu-dulu, kena mai sini la... Ngulang ni makna dia 5 orang, tapi ramai yg ingat kena mai ulang-ulang... Ada lontong, nyonya laksa, mee kari, nasik lemak, nasi dagang, peknga gulai temenung, asam pedas, dll... Ada menu yang rare, macam goreng cendawan sisir, nasik goreng kerabu, ikan bekok, gulai teloq ikan dan macam2 lagi... Kopi kampung & milo ais dalam kole pun syiokkk jugak, sambil layan breakfast dalam rumah kampung ni... Thank you Kak Pah, owner yang serious menjaga quality masakan, memperkenalkan menu2 warisan & sentiasa mesra melayan kami... Tu yang dok ulang pi sana... LaCanggung",negative
"Sebab viral kat tiktok so kita singgah sini rasa. Makanan sedap, harga okay2 jela. Lontong dia sedap dengan kuahnya pekat. yang lain tu biasa2 ja. Ramai orang, sesak jugak and kena tunggu meja kosong. Sampai sini pukul 8 lebih tapi dah full house. Overall kita kasi 8/10. Worth to try if u guys okay menunggu lama.",negative
Makan punya banyak sekali kena RM19. Ingatkan memang murah rupanya cashier salah kira. Tapi apa pun makanan sedap! Mee kari padu,negative
"Lokasi mudah cari tepi roundabout, suasana lama tue yg best sambil makan makanan org lama2 zaman dahulu",positive
"Kebersihan kedai 5 Kepelbagaian menu 5 Layanan staff 5 Kecepatan dapat makanan 5 Kesedapan makanan 4.5 Harga $$ berpatutan Sudah beberapa kali makan disini, suasana cafe sangat selesa dengan tema barangan lama dan antik. Tempat duduk selesa dan unik. Menu yang disajikan juga meriah dan banyak. Rasa makanan juga sedap. Kopi ais memang sedap. Pahit pahit manis. Sedap. Yang kurang rasa sedikit mungkin nasi rendang yang disajikan. Tapi menu yang lain sedap. Nyonya laksa memang padu. Kuah likat sedap, melekat. Suasana damai boleh pilih untuk makan di bahagian depan cafe atau di bahagian belakang cafe. Konsep cafe ini sangat unik. Boleh juga ootd dengan susana cafe yang cantik. Sesuai untuk seisi keluarga. Jika berkesempatan boleh singgah untuk merasa suasana yang lain daripada yang lain. Recomended.",negative
"Makanan yang dihidang semua sejuk saja. Kuah laksa sejuk, kuah lontong pun sejuk. Nasi lemak ayamnya kering dan keras",positive
"Tempat menarik dengan gaya klasik. Menu makanan kampung dan banyak juga sedap2. Harga murah. Sesuai untuk OKU, ada tempat boleh akses dengan kerusi roda. Cuma toilet bertangga.",positive
Tempat cntik mknan pon sdp..,negative
"Salah satu kedai breakfast yang harus dicuba kalau datang Perlis. Makanan satu Malaysia ada disini, mee kari, ketupat sotong, nasi rendang, peknga dan macam2 la. Dah try nasi rendang sangat sedap, mee nyonya pun sangat sedap, cucur bilis pun nest cara mak mak buat kat rumah. Lontong x recomended sgt. Hiasan kedai memang cantik macam balik rumah atok nenek kita dulu dulu.",negative
"Nice environment. Teringat rumah tok. Paling menarik mug panas , sejibik sama",positive
"Makanan & minuman sedap, service cepat, harga mesra rakyat, dekorasi kedai sgt klasik, overall sgt puashati",positive
"Makanan sedap, servis pantas.",positive
"Menu sarapan kebiasaan. Yg penting servis laju, environment mantap...",positive
"Makanan boleh la di makan. Not bad, not so good. Just ok",positive
Semua makanan sedap2 tbaikk laa..,positive
Tempat cantik. Makanan biasa2 saja.. Agk mahal dgn portion makanan..,positive
"Services slow and teruk, bila kita bagitau ada kulit telur tak cakap sorry or apa apa pun. Makanan pun biasa jur. Tempat jela ok",negative
datang hari weekday sangatlaa cepat service     customer service pon terbaik! Will repeat soon!,positive
Betul2 mengamit kenangan...,negative
"no wonder orang suka sangat brekfes sini ha. sedapppp. kita makan nasi rendang (nasi goreng tumbuk) sedapp, feeling2 makan nasi goreng tok buat. nasi dagang dia feeling makan kat tganu mat, pedas saya suka kuah cukup rasa. lepastu makan roti bakar white house, this one sedap takmau claim lelebih ayaq minum milo dengan tea o panas ja. ngams!",positive
makanan sedap tapi lambat dan bila sampai tak panas pun.,positive
Tema yang menarik...mengimbau masa lalu..,positive
"Lambat,pekerja tambah lagi,duit dah banyakkan",negative
Service agak lambat. Tidak memuaskan. Staf tak cukup. Kalau service boleh improve baru syiokk,negative
kedai okay je nice n makanan dia sedap je cuma tulaa waiter muka berlagak,negative
"Makanan semua menarik.. ala ala kampung sangat, so korang yang pergi jalan jalan perlis boleh singgah.. but korang kena tanya staff kalau makanan sampai lambat sbb masa i pergi dengan kawan, makanan lambat sampai disebabkan nasi and ayam belum masak",positive
Kena pandai pilih masa nak pergi...silap2 penuh org...,positive
makanan biasa2 je... kopi O sedap.. service agak lambat..,positive
Semoga Lebih Maju,positive
VIBE DAH OK.. TAPI SERVIS MAKANAN DAN MINUMAN YANG SAAAANGAT LEMBAB PIKIR BANYAK KALI UTK DATANG KALI KE DUA..,positive
"Semua foods sedap sedappp! Order mee kari, laksa nyonya, peknga, roti white house, roti gedik, jagung nyoq, kopi tarik semua sedap. Mai awal. Kalau tak, takda tempat duduk",positive
Ok la. Makanan biasa biasa ja. Cuma nak retro feel belg la mai,positive
"Tempat yang nyaman,udara yang Segar.tempat yang cantik dengan suasana kedai 50-70an...pelbagai menu makanan kampung.. memang terbaik dan patut anda lawati dan menjamu selera",positive
"Fefeeling makan kat rumah lama, antik, makan sedap okay..",positive
"Datang hari Ahad. Nampaknya tak ngulang dah di sini Takda waiter ambil menu,kena tulis sendiri Tunggu air 30 minit baru sampai Makanan dekat sejam Harga pricey, portion sikit Rasa acceptable Gambar ni nasi lemak ayam harga 7.50. mmg tak padan Diharapkan service improve lepas ni",negative
In love dgn suasana konsep tradisional nya.. Konsep lain dri yg lain.. Menunya pun puas hati.. Nasi dagang terengganu dia sdp amat.. Dh byk kali repeat Parking: Parking agak terhad,positive
makan sedap cuma kalau hari cuti lambat la sikit kena tunggu,positive
Ku makan peknga ngn gulai ikan kembung.habih.x dan amik gamba,negative
Terdapat banyak menu pilihan. Menu mknan org kampung di Perlis,positive
"Tempat wajib berkunjung ke perlis, menggamit kenangan zaman 60,70,80. Suasana kedai yg klasik. Makanan dan harga berpatutan. Parking: Tempat letak kereta agak terhad. Konsep sapa cepat dia dapat parking Kid-friendliness: Ada di sediakan kerusi baby.",negative
Makanan sedap dan ok tapi servis sgt sgts sgt lambat. Minuman sampai dalam stgh jam... Makanan hampir sejam..,negative
"Tempat sangat aesthetic dengan lagu klasik. Makanan dan minuman sedap. Cuma service sangat lambat dan boleh dibaiki. Kami menunggu setengah jam untuk minuman dan satu jam untuk makanan sampai. Tapi, makanan tak semua sampai. Bila tanya di kaunter, makanan habis tapi kami tak diinform. Mungkin disebabkan public holiday dan kekurangan staf. Recommended untuk datang, tapi elakkan waktu puncak.",negative
Makanan ala2 tradisional,positive
Alhamdulillah kena dgn selera mulut....sedap    ... recommended,positive
Rasa kopi ais dgn laksa nyonya x silap. Mmg sedap. Jagung Nyoq pun sedap..,negative
Suasana dalam rumah waktu dahulu,positive
Suasana nostalgia..should try..menu pun best,positive
murah! sedap! berbaloi dengan harga,positive
"Makanan semua sedap, boleh repeat.",positive
"Sy da pergi dua kali. Pertama kali pergi, kne marah2 dlu baru dpt makanan. kami ingatkan mungkin sebab ramai. Tapi kali kedua pergi, x ramai pon. Tetap x dpt makanan. Perkerja dia macam x hafal nombor meja. And siap bg makanan dekat meja yang baru smpai dlu. Last2 kami x dpt maknan lgsg lepas 1.5 jam. Bgtau owner kat kaunter, sepatah sorry pon x dak. Mmg hampeh pekerja and owner. Mmg blacklist terus kedai ni walaupun sy mmg tggal kat perlis.",negative
"Buat kita teringat zaman kita kecik2 dulu . Nasi dagang sedap, waiter murah dgn senyuman.",positive
Mee mamak sejuk,negative
"Nasi Goreng Ikan ok , Mee Kari sedap tapi time tu masin sikit, Lontong kuah dia sedap, nasi dan asam pedas 4/5. Kedai ambiance lighting tingkap cantek, cri tempat ada kipas .",positive
Makanan dia sedap dan murah. Tempat okeee,positive
Tempat lawo tpi oder mkn lmbt smp skit,positive
"Kopi sedap, roti bakar sedap",positive
"Tempat makan yang menarik, dihiasi dengan barang antik. Menu yang menyelerakan. Amat dicadangkan untuk sesiapa inngin merasai suasana 80an",positive
Rasa macam dulu2. Makanan sedap. Servis laju. Suasana nyaman menggamit nostalgia.,positive
Tempat yg menarik. Lokasi yg mudah dicari. Mengimbau kenangan lama.. nostalgia lah katakan.. bytheway everything was great,positive
"Mujur bini ajak ja. makanan sedap, tpi service btui punya lambat",positive
Perlu dicuba...,negative
Seronok  lepak sini sambil  minum2 Dan mkn2. Walau pun x dpt nak rasa nasi lemak Kat situ tp makan lain pun terbaik.. rasa mcm lepak Kat rumah.. jng lupa cuba cucur udang ye kena dng Kopi O dia..,positive
"Tempat yg best mengembalikan nostalgic kenangan lama, angin yang tiup kuat menderu...makanan yg sedap.Parking pun luas",positive
Roti telur goyang best...,positive
Laksa nyonya sedap. Lontong pon sedap tapi kurang bahan sikit tapi kuah sedap jaa..,positive
Ngulang kopitiam punya Ambience mmg best sini.. panas sikit kalau mai tengahari rasanya. Mai breakfast okay aaa Perlih memang hangattt lit lit..Paling sedap gila LONTONG depa..besok nak pi try depa punya nasi dagang pula.. lontong tu berlemak dan padu hat tu ampa wajib kena cuba try test sekaliiii .. depa punya toasted bread margerine a bit masin utk sesiapa yg tak suka masin tak yah beli or request no margerine sesiap. Portion macam sikit utk bread package. Bagi juga 5stars utk business orang kita,negative
Dari segi makanan pilihan banyak. Tapi servis sangat lambat. Tengok staf macam ramai tapi slow,negative
Alhamdulillah semua mkanan sedap.Mee kari mmg paduuu,positive
Terbaik.. Makanan pun sedap.,positive
"Tempat cantik. Sangat klasik. Mengamit memori zaman 80an. Very rare. Tapi sayangnya........... Service failed! Kitorang sampai sebelum 0800 (kedai bukak 0800). Untuk pengetahuan, pintu kedai tak bukak ye sebelum 0800. Which is good actually for the punctuality issue Sampai je waiter terus dtg ambil order. Five star for that boy Lepastu.... Bermula la kisah seram. Order 0800, makanan sampai 0830. Menu review: Claim nasi dagang TERENGGANU, malangnya....terjun ke laut dalam. Adoiii....memalukan makanan Terengganu  Lauk dan nasi yang sampai sejuk gediiii. Semua makanan yang sampai SEJUK. 0800 hokey!!! Kedai baru bukak!!! Laksa nyonya TAK SEDAP. Lontong TAK SEDAP. Pulut hitam ikan masin sampai sudah tak sampai. Bila ditanya katanya kelapa parut (nyok) tak sampai lagi Senarai minuman, sampai sudah tak sampai Kitorang keluar dengan tak minum setitik air pun. Sedihhh Tak repeat dah!!!",negative
Tempat yang klasik dan menarik...mee kari sedap,positive
Kuah mee kari dan laksa nyonya klu panas mesti sedap,positive
"My honest opinion, dari segi lokasi not bad sebab tepi jalan, so senang nak cari. Menu pula x banyak option sangat. Kualiti makanan pula so-so ja, contohnya salah satu signature menu iaitu nasi goreng ikan tumbuk, for me boleh bagi 4 out of 10. Lontong pun x berapa nak ok sangat, dapat la 5 ketul nasi impit. Overall for  price wise for me compare dgn kualiti makanan its a bit over-priced.",negative
Portion macam sikit. Tapi menu dia best terasa mcm kat kampung dulu2,negative
Mengambil masa yg lama untuk menyediakan makanan.....,positive
Sangat sangat classic dan mengimbau nastolgia ...kenangan lama teringat semula,positive
Suasana menarik. Hidangan biasa-biasa sahaja. Kedai tak mampu diurus dengan baik jika pelanggan terlalu ramai.,negative
Sambil makan ada busking.best layan.makanan murah.,negative
Terbaik masakan dan rasa dia.. bila sampai kola perelis mmg mlm makan kat kedai dia ja.. syedap,positive
Sedap. Servis sangat bagus,positive
"Masakkan semua sedap2...ikan siakap 3 rasa,sotong goreng tepung, sotong sambal,kailan ikan masin, kerang rebus...5 orang makan..harga berpatutan..puas hati...",positive
"Kompleks ni besar, tapi hanya dua kedai yang buka. Jadi terlalu ramai pelanggan. Masa mengunggu juga menjadi lama. Tapi makanan sedap. Puas hati",positive
Ok juga,positive
Perniaga paling teruk yang aku pernah jumpa.. layanan teruk.. layanan seperti kita makan free pulak..orang bayar la..dah laa serve mkanan x bgi sudu..kita minta sudu buat muka pulak..makanan x habis suruh bungkus siap boleh kata kita menyusahkan ..1st and last ..   menyesal bawa family jauh2 mai makan tempat macam ni ..,negative
biasa-biasa ja,positive
Makanan semua sedap...,positive
Ok sedap oder ikan timbang n bagi prices. Makann sedap. Puas hati bbaloi ngan harga. Parking: Parking luas Wheelchair accessibility: Tiada kemudahan wheelcair,positive
Sedap and murah,positive
Alhamdulillah terbaik,positive
"Sotong goreng tepung sedap. Lain semua sedap, kecuali ikan bakar. Masin amat",positive
Persekitaran makanan yang bersih dan baik.. siap ada kumpulan band membuat persembahan... Mudah parking.. Parking: Parking mantop Wheelchair accessibility: Wheelchair way,positive
Makanan semua sedap.,positive
"Sotong goreng tepung sedap,menu yg lain pun ok..ruang luas dan selesa",positive
Padu itik salai,positive
Toilet susah nak cari,negative
"Pergi walk in untuk makan malam, malangnya full house dan sukar untuk communicates, semuanya sibuk. Kami balik dan terus ke Belanga Hangit. Belanga Hangit makan ikan siakap 3 rasa, digoreng crispy dan sangat sedap. Recommended.",negative
"Ikan bakar siakap, sotong goreng tepung, tomyam ayam, kailan ikan masin, telur dadar, sambal semua ok sesuai dengan harga",positive
"Seafood semua sedap especially Sotong Celup Tepung, Ikan Bakar & Petai Bakar. Kedai dekat komalaut pun selesa.",positive
makanan sedap jugak,positive
The best ikan Bakar in Kuala Perlis,positive
"Restoren makanan laut pilihan keluarga kami. Sejak Dr kedai depa depan syabas kola, sampai depa pindah kt tempat la ni. Lama kami x walkin makan, tp kami mai tapau lauk sini. Yg paling best; ikan bakaq n air asam. Sotong goreng Tepung dia mmg A++. Ampa Kena Cuba!",negative
Alhamdulillah....iftar bersama family 15 Ramadhan,positive
"Masakkan sedap, pilihan banyak, harga berbaloi, memang puas hati",positive
"Kuala Perlis.. Harga berpatutan, menu enak ..kena dengan selera kami...",positive
"Makanan sedap, service pantas..ada berbagai2 pilihan makanan kat situ,kami cuba yang set rm70 dan dapat makanan seperti yg ada dalam menu(ikan boleh pilih untuk masak apa,dan air boleh pilih nak air apa)..goreng2 pun ada tau.",positive
Terletak dikomplek koma laut di Kuala Perlis. Pelbagai makanan laut disediakan untuk di pesan olih pengunjung. Harga berpatutan tp pesanan agak lambat siap kerana pelanggan agak ramai. Pelanggan dinasihati agar menempah makanan terlebih dahulu. Terdapat mainan untuk disewa untuk kanak-kanak bermain,positive
Sotong goreng tepung dia teramat sedap. Ikan bakar tersedap. Harga berpatutan.,positive
"sedap, tenang dan selesa. .",positive
Berbaloi..kekalkan kualiti anda..terbaik,positive
"Sangat sedap , terutama butter prawn/ketam butter mmg terbaik",negative
Puas hati makan kat sini.. Masakan sedap harga murah oii..,positive
Salah satu tempat yang menarik untuk menikmati ikan bakar dan juga hidangan laut lain. Masakan juga sedap cuma servis agak lambat sedikit mungkin kerana kekurangan pekerja. Lain lain semua terbaik,negative
Makanan murah sedap dan berbaloi makan bersama keluarga.,positive
"Makanan sedap.. tiada bantahan. Bagi mencapai potensi kedai ni, sy sarankan utk tambah pekerja. Servis slow sgt. 820 order. 9.10 smpai sup ayam dan sayur kailan. 935 baru smpai order yg lain. Sup dah jd sejuk. Ini hari weekdays ye. Kalau weekend boleh diterima servis mcm ni. Satu lg teguran yg perlu diambil berat. Dalam order ade sayur campur, tp sayur campur x da , pi tukar sayur kailan ikan masin. Lain kali sila tanya customer dulu, sebelum tukar. The food was topclass. Tiada bantahan,. Tapi kalau nak capai potensi. Perbaiki servis. U will go further. Tq. Hope to see improvement next time i visit.",negative
Makanan yang enak.. Harga berpatutan,positive
"Ok noted.. maaf di terima.., maaflah ni first time  sy mkn d lizamat ... thank you sbb reply komen customer",negative
One of the Best ikan bakar,positive
One of the best ikan bakar at Kuala perlis.,positive
Makanan.. standard boleh mkn lah.... Mlm 8-10 pack.. klu nk Selamat p pkl 10.. org dah kurang,negative
citarasa asli.. masakan yg cukup rasa,positive
"Nice food and the staff very friendly. Ada menu set dan ala carte untuk memudahkan buat keputusan bagi yg single,couple atau berkeluarga. Berbaloi dengan harga, sedap, puas hati, kenyang, sengkak.",positive
Bagi penggemar ikan bakar bolehlah singgah makan disini. Mereka sudah sediakan set-set untuk dipilih. Cuma perlu tempah awal disini. Kami tunggu sehingga 1 jam untuk terima makanan.,negative
Biasa je..,positive
Fevret place..rugi tak datang..,negative
sedap gilaa weaa.. kene try,negative
Makanan sedap.harga berpatutan..sotong goreng tepung mmg padu..,positive
Makanan sedap. Nyum2. Harga standard seafood. Tak kalut sangat. Parking pun banyak.,positive
"Harga yang baik untuk fresh seafood. Udang, sotong, jenahak, siput sudu segar memang puas hati. Tomyam biasa saja, tapi harga makan tak rasa kena scam (kami makan ni kedai Mona)",positive
Sentiasa sedap dan tak pernah missed untuk repeat.,positive
"Mknan sedap ,pekerja semua terbaik .",positive
Ikan bakar dia sedapppp. Mantappp,positive
Lambattttt   makan ikan dgn nasi kuah tomyam aje yg 2 menu lg smpai hbs mkn xsampai,negative
servis lambat,negative
"Nak makan ikan bakar, plih tempat baik2 d Perlis.. Ni salah satu tempat feveret n very recommended.. Ada lg tempat yg saya recommended... Nak tahu? Bayar laa dulu..",negative
Dh byk kali repeat..makanan laut yg segar ii gitu,negative
Pakej utk berbuka berbaloi,positive
"Servis memuaskan, tempat sesuai untuk hosting event kecik2, kadang2 ada live band and karaoke, tempat mesra oku, ada macam2 juadah bakar2, goreng2..",positive
murah n sedap..must visit,positive
Sedap dan harga berpatutan!,positive
Antara tempat makan ikan bakar terbaik di Kuala Perlis.,positive
Tempat makan yg selesa..parking luas dan percuma,positive
Nice place good food.. Tak bosan menunggu.. Anak anak boleh sewa bike n kereta control while waiting for the food,positive
Sedap tapi lambat sangat,negative
sedap dan berbaloii . betoi2 puas hatii,positive
Lauk lauk semua sedappppl!,positive
"Ambik package RM80, dapat antaranya tomyam ayam + daging  - menu ni memang failed. Tak payah order. Order tambah kerang bakar, kena pula banyak biji kerang busuk hari tu. Pun failed juga. So malam tu makan tapi rasa tak puas hati sebab kegagalan 2 menu tadi. Owner tolong improve menu dan kualiti makanan anda ya.",negative
"Sedap makanan kat sini, harga pon ok. Sotong goreng tepung  terbaik!!!",positive
"Kedai ikan bakar tapi air asam habis. Banyak kali mintak, kata tengah buat tapi tak siap2 sampai ke sudah. Order tomyam campur tapi dapat tomyam sayur. Tak berbaloii",negative
"Menu masakan ala Thai, Seafood dan Ikan Bakar yang menyelerakan dan sedap daripada hasil laut yang segar dengan harga yang berpatutan. Tempat yang sesuai untuk kanak - kanak ada kedai sewa permainan untuk kanak-kanak. Lokasi berdekatan dengan jeti Kuala Perlis.",positive
Sentiasa fresh hasil lautnya,positive
"Order spring celup tepung, memang sedap.. crispy diluar..lembut di dalam.. ikan2 sedap n fresh...",positive
Masakan sedap..Harga berpatutan,positive
"Makanan sedap, harga berpatutan. Tak mahal sangat.",positive
Mai dinner dicni,positive
Memang terbaik harga pun ok......,positive
"Marvellous. Have to try kerang bakar with air asam belacan, sotong goreng tepung, ikan siakap sweet sour",positive
"Nyamuk banyak, mknn ok",positive
"Tempat makan seafood yang sedap dan harga berpatutan. Sesetengah gerai servis lambat jadi harap boleh cepat sikit. Tunggu sejam untuk makanan dan air ~20 minit, sedangkan suasana tak sesak dan bukan hujung minggu. Improve please!",negative
Suasana hutan bakau menyerlahkan lagi suasana makan malam di komplek makanan Laut bersama keluarga atau rakan2. Kemudahan disediakan cukup memuaskan Dan harga patut disini,positive
Nk komplen ketam masak salted egg ja. Sy rasa minyak je lebih Tuan kedai perlu improve lg utk masakan ni.. tasteless and amat2 berminyak.,positive
The best ikan bakar in Kuala Perlis. Recommended!!,positive
Makan sedap dan murah..macam ii pilihan ada..dh banyak menu yg depa tambah..x rugi makan kat sini,negative
"Kalau tak tau nak makan mana, pilih sini ja sbb mmg confirm sedap..tempat lain taktau sedap ke tak",positive
Sedap dan menyelerakan,positive
Ikan bakar kola Perlis terbaik..,positive
Best ikan bakar in Perlis!,positive
Kompleks makanan laut..komalaut..di kuala perlis terdapat beberapa kedai menyediakan hidangan makanan laut yang dapat memenuhi selera pengemar seafood yang segar daripada pintu pendaratan kuala perlis..mai mai hampa pakat pakat mai no..,positive
Sesuai untuk bawak keluarga yang anak kecil,positive
Pelbagai pilihan,positive
port makanan laut pelbagai pilihan makanan. kawasan kuala perlis yang meriah,positive
Biase biase shj,negative
Ada banyak kedai dan dataran permainan kereta untuk kanak-kanak.,positive
Komalaut kedai ikan bakar,negative
Kedai tk banyak buka,negative
Antara tempat Ikan bakar terbaik di kuala perlis,positive
"Sedap, harga berpatutan dan boleh buat tempahan awal",positive
Ikan bakar and seafood,positive
Order lambat sampai jenuh menunggu kena banyak bersabar....tp ikan bakar sedap cuma jenuh tunggu,positive
Seafoods restoran,positive
Rasa  sedab,positive
Penah dlm msa trdekat ini sy brtugas Sebagai pengawal keselamatan di sini.... Dgn syrikat PPSB...,negative
"Pegi makan dekat Lizamat, Makanan sedap cuma kalau nak pegi makan time cuti-cuti sekolah tu pre-order + reserve tempat dulu. Service okay cuma orang ramai",positive
Sebuah makanan laut sesuai untuk semua lapisan,positive
Makanan kira ok tp servis agak lambat,negative
"makan ok... ada musim naik, masa turun skit. cuma tandas awam je masalah nya..tempat solat ok...",negative
Pilihan kedai yang makin malap. Asyik tuka2 kedai. Orang xramai,positive
"Haaa.. ni service laju.. masak pon laju.. sekejap ja duduk, ada orang mai hantaq menu, pastu order.. sekejap ja lepas order, satu satu makanan sampai. chicken chop dia lembut dan juicy.. tepung tak tebai sangat, tak nipis sangat.. tapi side dish dia sikit ja.. memadai buat rasa rasa.. nasik goreng cina pon sedap, lagi sedap campur sup kosong.. memang pi.. minta buat tak pedas, memang dapat tak pedas.. minta tak pedas sebab nak makan dengan anak. order air juice limau, yang ni kena tambah baik sikit, sebab lebih rasa gula dari rasa juice.. order kopi o panas kurang gula, yang ni sedap.. gula nipis ja dia bagi.. lagi sedap musim 12 ni.. kena ayaq panas dan angin kuat.. memang sedap..",negative
Shellout sedap. Suasana menenangkan. Recommended,positive
Ok ok ja,positive
Portion pdn dgn harga. recommend nasi goreng cendawan sini sedap        2x repeat dah. western x recommend sgt tp boleh cuba garlic bread dgn mushroom soup!,positive
boleh laaa,positive
Sup sedap cuma harga kayangan la sikit,positive
Makanan ok... cuma chicken chop lama sikit nak buat...,negative
"maaf saya bercakap , shellout tak fresh . 3kali saya makan di situ seafood mesti berbau macam rosak . maaf sangat sangat",negative
Sedap semuanya,positive
Makanan ok.. harga ok.. tempat bersih.. ada shellout.. harga dlm rm18 cm tu kot..,positive
Bolehla.,negative
"Kalau nak makan shellout, cari kedai lain. Kat kedai ni, shellout dia sangat tidak memuaskan.    . Ketam & sotong tak fresh, bau busuk macam yang dah lama. Lala penuh dengan lumpur, macam tak cuci dengan bersih. Not recommended.",negative
"Ni review jujur. Order shellout, dapat yang tak fresh, lala pun ada lumpur penuh lagi dalam tu. Ketam jangan cakap la dengan berbau dan memang rasa betul2 tak fresh. Sotong pun sama. Senang cerita memang tak berbaloi langsung.",negative
Koteow Kung Fu sedap,positive
Bersih selesa,positive
"Menu mcm2 ada. Harga berpatutan. Tempat selesa. Servis okay. kungfu tomyam, sedap.",positive
"kalau sapa yang teringin makan shellout boleh try shellout kat annissa ni, shellout dia memang sedap, kena dengan tekak i. portion pon banyak. servis pon baguih. puas hati lah makan anissa. ni dari masakan melayu ada, goreng2 ada, kuah2 ada, moi sup pon ada, western pon ada, habaq ja nak makan apa in shaa Allah semua ada. tempat makan pon luaih tak sangga, harga pon padan la tak mahai sangat tak murah sangat. sedang2 ja orang kata haaaaa",negative
Sedap.mkanan,positive
Tak ingat pulak makan apa kt sini.,negative
Nasi Goreng Hailam. Menu yang jarang ada di kedai lain.,positive
Tomyam paling sedappp,positive
lamb choo rasa biasa..,positive
"Kadang servis perlahan, kadang laju. Ikut nasib . Parking luas , makanan pelbagai jenis . Sate jangan lupa order. Sedap",negative
Makanan ok tp agak mahal,negative
Terdapat berbagai makanan western mahupun masakan thai.harga ekonomi.sesuai buat jamu selera bersama famili.,positive
Tomyam Tak Sedap,negative
Portion banyak. Berbaloi dgn harga. Mesti cuba kuew tiao cantonese dgn shell out,positive
"Makanan, minuman sedap",positive
"Nasi goreng yg sedap! paling suka nasi goreng plater sangat value for money boleh makan sampai 3 orang. nasi goreng lain pun sedap jugak. nasi goreng cina, nasi goreng cili api pun sedap. nasi goreng thai biasa biasa je. tom yam x best. satay sedap jugak sgt recomended!",positive
Mahal gila,negative
"Kenapa seafood habih awaiiii??? Saya mai jauh2 x dpt makan pon shell out sedihhh. Anyway, ada ja yang boleh dimakan time tu. kuetiau goreng sotong yang banyak sungguh.",negative
Clean n comfortable shop tp pekedai muka masam. Xde senyum lnsung dgn pelanggan. First n last.,negative
So so je la,negative
Makanan lngsung sgt  tk  berbaloi  dgn  hrga.sy mkn  cucur  udang  dan sizzling. Cucur  udang  hrga  rm5 1set igt special  lah.sekali smpi  hnya  cucur dan tauhu  yg  keras dan  sejuk  hnya  dgn  sedikit  kuah  yg  cair.rasa mmg  mngecawakan.sizzling pun  sma  hrga  rm  7 + telur  jd  rm8.tp yg  smpi  hnya  sizzling  biasa yg  hnya  diletakkn  ayam  yg  hnya  tulang2 yg  sedikit  isi dan  organ  dalaman.first sy mkn  sizzling  begini.rasa mmg  fail.dgn hrga begitu  pelanggan  akn rasa  mkanan  tu  spesial  drp  tmpt  lain  tp  sgt  mgecewakan.maaf ats  teguran. hrp dpt  tingkatkn  rasa  dan  kualiti  mkanan.mahal xmngapa asalkan  berbaloi pelanggan  akn  puas  hati.service pun  lmbt  wlupun  masa  tu  xada  pelanggan.hnya sy  dan  keluarga,negative
maggi goreng sedap!..rm 5.00,positive
Banyak Pilihan Makanan. Harga Berpatutan. Parkir Selesa. Pelayan pn Comel2,positive
Alhamdulillah makanan semua sedap.,positive
Mahal...air buah rm5,positive
Combo dia mmg best,positive
Luas dan santai,positive
Pernah dapat makanan yg dah basi...euwwwww,negative
Makanan thorbaek!,positive
Bersih dan selesa. Makanan pon laju sampai dan sedap.,positive
Masakan sedap.. cuma kna perbaiki charkotiaw,positive
Banyak jenis makanan  yg disediakan,positive
Pelayan depa ni bisu kot... Lepeih tu tak reti senyum...,negative
Sedap dan memadai dengan harganya,positive
"Servis laju, makanan ok. Bebas asap rokok. Tahniah!!",negative
Variasi pilihan makanan pelbagai... Pilihan ditangan anda...,negative
"Makanan okay. Tapi nak order lambat, kena panggil,bukan sbb orang ramai,tapi staff tak peka",negative
"Sedap boh, potion dia lengkap murah berpatutan, selalunya antara isyak dan magrhib orang akan serbu kedai ni",negative
Kuah chiken grill ceroi..,positive
sedap..murah.. terbaikk..hehe... 5star sy bg..,positive
Moi Sup dia terbaik!,positive
"Sedap Dan murah, portion sgt besar..boleh bawa org dtg ramai2..cuma diorg kena cepatkan Masa untuk serve makanan...lamo den nunggu deh",negative
Kawasan besar luas..makanan sedap,positive
"Ada makanan mahal, ada makanan murah. Tp so far mmg sedap la",positive
Baik dan tidak mengecewakan..,negative
2 bintang utk nasi goreng pataya. Biase plus mahal,negative
"Banyak pilihan makanan, sedap dan berpatutan...",positive
Kedai yg sempurna dan layanan mesra,positive
"Service bagus..makanan sedap..murah..u should try their signature dish, nasi goreng platter..yummeh..",positive
Air sempoi,positive
"Pelbagai menu dari tempatan dan juga makanan barat. Begitu juga pilihan air minuman yang bermacam aneka... Servis pantas, kualiti baik, persekitaran bersih, santai dan tenang. Ruang parkir boleh tahan... Layanan baik cuma harga lebih sedikit tapi rasanya berbaloi.",positive
Ada satey kambing weii... Sedap,positive
Harga berpatutan. Burger zinger sedap. Air horlick manis sangat. Lokasi dan fasiliti memuaskan. Parking pun banyak. Cuma risau sikit sebab kedai makan dekat sangat dengan stesen minyak.,negative
Makanan sedap. Sejuk hati tengok pekerja berjanggut dan baik layanannya. Saya try naan cheese dan tandoori,positive
Roti nan cheese makan dgn ayam tandoori,positive
"Kalau lapar pepagi buta, 3 4am.. sini lah, lepak kena Maggi goreng..roti canai.",negative
Murtabak daging Mee goreng taruk buah tomato  first class   Sedap.,positive
Ada 5 sebab yang tak repeat 1 lambat 2 lambat 3 lambat 4 lambat 5 memang lambat nak mampos,negative
Kebab shwarma dia sedapp,positive
Petugas elak dari nampak belemoihhh tau...so far ok laa...bila dh lama keja buat xensome no good laaa...,negative
Nasi Goreng.. Roti Nan garlic..mmg terbaik.. Harga.. berbaloi la dgn rasa sedap..,positive
tak sedap..mintak nasi goreng ayam nasi goreng nye panas mai tang ayam sejuk gile,negative
Lama dah cari roti nan cheese tandoori.. jumpa juga kat sini.. servis mmg terbaik n pantas.. roti nan dia mmg best lembut yakmat.. shawarma dia pon sedap.cuma kuah nak cicah tu kalau tmbh lagi satu jenis mmg best,positive
Decent place for supper. Mamak style menu. Maggi goreng+roti nan+roti canai,positive
Kandar yg x berapa menjadi,positive
biasa biasa ja bolehlah buat lepas ngidam mrnu kedai mamak,negative
So-so.. lapaq2 tngh mlm boleh la mai mkn .,negative
Hanya Roti Nan dan Ayam Tandori sahaja yang recommend bagi saya,positive
Tempat ini ok.terletak di bandar kangar cuma tahap kebersihan tu yg kurang menyenangkan,negative
"Kalau lapar tengah malam, restoran ni buka 24 jam, ada nasi, goreng panas, roti canai",negative
The servis is somewhat okey... The food just food... Nothing extra ordinary... Servis tu bolehlah... Makan plak.. biasa - biasa saja...Tak Dak yang special...,positive
Restoran mamak,negative
Te,negative
Asalnya restoran ini dinamakan restoran soo guan..terletak bersebelahan sungai atau pn di kenali juga dengan nama kedai makan river side..sangat popular sekitar tahun 70-80han..menyediakan makanan cina hailam..dikunjungi oleh berbilang bangsa..berpindah ke hadapan hotel faderal ..kini dikenali sbagai restoran maju ahmadiah..,positive
"Wifi laju , memang terbaik , makanan pun sedap",positive
Tempat so2 ja kalau nak lepak. Tapi try roti sardin yg marvelous.,positive
Wadah tissue nya nggak ada ... Tapi makanannya enak. Favorite saya roti naan nya ... Menu yg lain cukup lah ...,positive
Berhadapan masjid Alwi Kangar.. sebelahan federal hotel,negative
Teh dan roti naan..  marvellous,positive
Beryani sedap,positive
"persekitaran luar dan dalam kedai perlu dibersihkan selalu, rasa makanan biasa",negative
Memang ok,negative
tgk bola kat sini tv kecik. suara bisu...,negative
Lepak-lepak place ...,positive
Roti tebal dan sedap,positive
sini order ckp 2x bgi btoi2 dia fhm satgi benda lain yg dok mai haru2,negative
Tempat ok..,negative
"Tempat lepak, kedai mamak di dalam pekan kangar perlis. Berdepan dengan pejabat bendahari unimap, bangunan tnb lama.",negative
Warungnya enak murah disini ada 2 penjual shif pagi sama sore kalo pagi hanya jualan roti canai dkk kalo sore lengkap porsinya banyak sekali bisa nego lagi supaya d tambah pokoknya mantap pinggir jalan besar dpn mesjid alwi perlis,negative
Makanan nya enak dan thayyib,positive
parking tak cukup,negative
Maggie goreng ayam sedap.,positive
Lepaking..,negative
Kedai Mamak,negative
Tempat kunjungan malam yg menarik,positive
Ok...oklah,positive
Nasi kandaq,positive
Tempat lepak ada wifi free.,positive
Sedap gak,positive
Layanan yg bagus..terbaik..,positive
Makanan sedap2 belaka,positive
Oke,positive
Sini mmg best.. goreng2 western semua sedap. Bawak family in law depa pun happy.,negative
Tempat paling mantap termantap untuk makan..bagus owner dia fikir semua benda yang kecil2 yg memudahkan pelanggan seperti straw untuk makan barli (straw besaq) dan juga kemudahan cara utk bayar mnggunakaan tng..mantaappp makan pun sedap....,negative
Sedap dan berbaloi...tempat selesa dan cantik,positive
Good view. TV flat screen besar boleh layan EPL. Makanan not bad,negative
Bnyak menu yg best dngan berlatar belakang kan suasana bagaikan rumah tradisional tpi versi moden.,positive
"Waiter friendly, makanan sedap, parking banyak, satay nice. Parking: Plenty",positive
Kedai yg terdapat di tengah-tengah bandar Perlis.. MKN enak Harga baik. Parking terhad. Malam memang sempoi lepak.. Buka kalau tak silap sehingga jam 12 malam.,negative
Tak pernah mengecewakan..terbaik..semoga terus   berjaya.,negative
Makan ramai-ramai best,positive
Dah banyak Kali repeat. And no regrets,negative
Semua makanan di sini sedap. Oder sekejap saja dah sampai makanan. Parking: Banyak Kid-friendliness: Wheelchair accessibility: Ok,positive
Suka dengan layanan mommy(pelayan kedai) seronok,positive
"Rasa makanan sedap, tempat cantik n estetik , harga makanan murah, service lajuuuu, recommended.",positive
"Makanan sedap. Cuma waiters perempuan takde adab sgt. Bila nk bungkus ade ke suruh customer sndiri yg pergi hantar naik atas. Kalau pon bz, at least ckp elok2..nasib owner ok, owner sndiri admit yg staff dia tu xdgr ckp sgt..btw waiter tu perempuan ye..tq Parking: Parking banyak",positive
"Rasa masakan biasa sgt2, nothing special. staff tak mesra pelanggan. Nyamuk byk kt outdoor seating.",negative
Makanan sedap portion besaq puas hati makan perut kedepan teruih. Recommended bak hang. Main uno kat meja sampai kedai tutup pun tak kena halau. Akak waiter kalau friendly sikit lagi bagus,negative
Amat berbaloi menu set kat sini.. murah,positive
makanan sedap...cuma lambat skit ja...,positive
Biasa shj,negative
"HARGA MAHAL JUGA TEMPAT DAH CANTIK SERVICE SLOW LAGI SATU YANG KECEWA MAKANAN LAMBAT TAPI SAMPAI SEJUK , STEAK PALING OUT TAK BERASA SEJUK PULAK YANG PELIK MAKANAN DIA AMIK KAT ATAS BAYAR OUN KAT ATAS PELIK2 JE BOH TOLONG PERBAIKI MAAF COMENT BEGINI YA",negative
3   untuk makanan 1   untuk servis order sejam lebih baru dapat makanan sedangkan orang tak ramai mana pon. makanan ada yang okay ada yang tak. overall bolela. iman tak kuat perut lapaq jangan dok mai makan sikit. HAHAHAHAHA,negative
"Makanan sedap, mengimbau memori lama zaman meja buluh.. Sesuai bawa anak2 kecil, ruang atas bebas rokok.",negative
Waiter elok,negative
Sedap makanan kat sini...,positive
Worst service ever. Tunggu hampir 1 jam. Makan tak sampai sampai. Pi tanya kaunter boleh pulak cakap lupa nk buat. Suruh tunggu lagi. Ingat orang lapar main2 ke? Dgn dah lewat malam nk cari kedai mana lagi? Mmg takkan jejak kaki lagi dkt sini. Taknak bagi star lansung tapi tak boleh kalau nk review. Honestly bomaq cafe doesnt deserve even 1 star,negative
Makanan sedap. Tempat selesa. Harga amat berpatutan,positive
Suasana berbeza dgn tempat lain.. Aiskrim sedap.. Ada menu yg x de.. Teringin nk mkn tp not available.. Kaciwa.. Kena repeat bw ank2 plak lps ni,negative
Quality Makanan kena tingkatkan lagi.,positive
Overpriced. Not recommended at all. Portion sikit tapi harga mahal.,negative
Makan sedap. Servis baik. Kemudahan cukup. Suasana kondusif.,positive
"Harga murah, makanan sedap2 .. berbaloi sngt2",positive
Harga makanan dan minuman semakin mahal. Dulu boleh tahan murah.,positive
Puding caramel sedap.,positive
Ok sedap,positive
Terbaik !,positive
ada western dan masakan panas. sesuai kalau tak sure tekak nak makanan ala barat ka melayu ihik.,positive
"Percepomm la bomaq. Parking luas, makanan boleh tahan. Harga pon yum yum ja. Hat paling xboleh tahan, view nice waktu malemm. Siapa suka rumah kg boleh la pergii",positive
Portion tu boleh la dengan harga. Terlalu lama menunggu. Waiter tak inform daging jnis rare. Kena tunggu bakar pulak. Friendly staff and owner. Rasa ok. Not bad. Sauce blackpepper dia nice. Boleh p jauh lg.,positive
Biasa2 je,negative
Barang murah. Tokey senang bagi diskaun,positive
Makan ok..tempat duduk selesa..tempat parking besar..staff ok,positive
Semua sedap..,positive
Restoran ini menyajikan makanan daripada pelbagai jenis pilihan..makan ditempat terbuka ataupun berbumbung secara santai..diatas rumah secara suasana kampung dengan suasana era ala tahun 60an memang relex..,positive
Makanan sedap. Kalau boleh buat lif tali untuk hantar makanan ke tingkat atas. Kesian tengok chef dapur bawah hantar makanan ke tingkat atas. Mungkin boleh buat satu tarikan restoran ni,negative
Nasi Itik Salai,positive
Mee kari dia sedap gilaaa!!,positive
Makanan sedap dan murah recommended!,positive
boleh la free kurma tiga bijik,positive
Naik haji,positive
Makanan puas hati...,positive
Tempat makan best!,positive
"kecewa, dah order makanan, sejam dok bodoh tggu, rupanya xdak order tu. Air sampai dah, so sejam tu buta2 minum air saja.",negative
"Berbaloi datang sini. Staff pon mesra walaupun kedatangan sy dah jam 12am, lg setgh jam utk closing. Banyak betul menu makanan dan minuman kat sini. Dessert simple dan awesome. Parking pon luas. Suasana dan persekitaran tak mcm dulu, lebih bersih, cerah, luas dan menarik. Leka dgn siaran tv dibahagian atas. Kat bawah pon disediakan skrin layar. Yg paling best sekali bomaq punya garlic bread. Walaupun guna roti sandwich tp bwg putihnya terangkat.",negative
nasi goreng bomaq special the best sedap worth it..order bnyk laju je smpai xmcm kdai lain..teratur ja kdai n effecient..apa2 pon very recomended...,positive
Servis ok cuma makan sedang2 ja,positive
Semoga dimurahkan rezeki pada tahun akan datang,positive
Lambat menyediakan makanan,negative
"Ok juga santai dekat sini, terdapat aneka kiosk pelbagai masakan arab western melayu india cina semua ada",positive
"Satay - sdp btui ye yg sini , no2 sdp stkat yg saya pernah rasa . Dgg lembut n Manis elok , kuah pun sdp . Koay Teow Kerang - rasa kuat sgt bwg putih , not bad overall . Kerang fresh Sizzling - bole thn sdp jgk kuah dia , sdp hingga ke titisan terakhir . Masin Manis smua ckup cuma kurang Pedas ja , depend dkt cabai kicap semata2 . Nasi Lemak Ayam Berempah - nasi lgsung xrasa lemak , sambal rupa nmpk terlioq tp rasa kurang . Ayam pun biasa ja . Overall bole thn mknan2 sini cuma servis kedai ayaq amat2 lambat , sllunya foodcourt ayaq paling laju tp sini terbalik . Parking pun tepi jalan so sgt limited . Semoga Terus Maju Jaya Buat Owner",negative
Banyak makanan Dan minuman pun sedap,positive
"tempat luas dan banyak jenis makanan, makanan okey",positive
"Pancakes ice cream sedap!, tak ada rasa hanyir telur & service pun tip top     .",positive
Terdapat banyak pilihan kedai dan makanan boleh dipilih di sini. Harga yang murah dan sangat berpatutan. Ada makanan yang sedap dan ada juga yang rasa normal. Dua hari berturut pergi makan disini dan sangat sesuai untuk bawa keluarga makan disini. Nasi goreng kampung dia sedap dan nasi goreng dia terbaik. Nasi arab dia biasa biasa je. Air dia sedap. Ambience sangat best untuk lepak dan makan bersama keluarga dan kawan kawan. Cuma parking amat susah sebab terdapat tiga kedai makanan yang famous area sini. Terdapat pelbagai jenis pembayaran dan sangat memudahkan.,positive
geram juga lah . sejam order xsampai lagi makanan . bila p tanya dekat kuanter resit tu dh letak tempat yg dah siap hantar makanan,positive
"Kurang memuaskan,xsmua menu ada,kdai ada yg xbka...",negative
Utk menu shellout terbaik.. Utk menu yg lain xpasti laa pulak...,positive
Sederhana,positive
Interior design menarik untuk ootd. Service pun quite laju. Cuma dari segi makanan overrated.,positive
Sound system kuat sngat.pelanggan ke kedai nak borak2 pon jadi rimas.nak sound kuat2 buka pusat karoke bang.musik chill2 ja baru pelanggan santai nak makan.,positive
Tempat menarik! Blh makan sini bila mai Perlis...tapi kalau dpt banyakkan lg stall dgn jenis makanan yg pelbagai lg bagus!,positive
Tempat selesa makanan pon sedap... Kena try air kabin detox... Trbaikk,positive
yang cashier tu jangan biadap sangat boleh tak cakap tengking tengking pulak first and last la aku datang tak jejak dah lepas ni mentang mentang aku pakai selekeh kau cakap kurang ajar dengan aku macam la air dia sedap sangat air mak aku lagi sedap harey,negative
sedap nau,positive
Tempat makan luas cuma kereta kena park tepi jalan. Byk pilihan makanan seperti western. Harga agak pricey tapi sedap.,positive
Nasi goreng ayam? Seketul ayam bersaiz ayam seringgit dengan nasi goreng kosong.,positive
Suasana baik. Tempat duduk banyak.  Sesuai untuk lepak-lepak.  Makanan pelbagai.  And banyak sedap.  Air pun pelbagai.  Harga berpatutan untuk makanan.  Air harga standard . Good atmosphere. Plenty of seating.  Suitable for hanging out.  Diverse food.  And a lot of delicious.  Water is also varied.  Reasonable prices for food.  Standard price water.,positive
Portion makanan sgtlah meriah! Lebih daripada berbaloi dgn harga yg ditawarkan.. Layanan juga laju dan mesra pelanggan,positive
Terbaik...   dan harga yang berpatutan,positive
Mantapp,positive
Good place untuk makan bersama keluarga dan rakan,positive
"Harga berpatutan, portion besar jugak",positive
Makanan dan suasana okay,positive
Bolehlah buat lepak malam malam.. air mahal sikit tapi food semua sedap sedap juga! bakso tu murah dan sedap.kuah sate sedap.. sate tu rempahnya sgt terasa tapi rasa ok lah.. order mee kungfu ke apa tah x sampai pun,negative
santap mantap,positive
makanan sedap2 dengan harga yg murah. suasana pun best!,positive
Sedap.. western food,positive
"Nice place to hangout. Good service and friendly staff. Please check the location on maps, kami cari sampai masuk lorong kecil tepi sungai gelap sebab dah malam. Nasib tak masuk sungai je masa undur kereta sebab kereta panjang :)",negative
Makanan sedap.. Servis terbaik,positive
"Makanan biasa je. Blackpepper sauce cair gila mcm campur air, dengan rasa hangitnya. Staff bising sgt. Jerit sana sini. Dtg lg? I dont think so. Baik beratur mkn mekdi.",negative
"Menu macam2, tapi bila order semua takde (10pm). Chicken chop is subpar. Kuah cair, black pepper kuat sangat. Ayam breaded, but kinda kurang fresh rasanya. Oh ya, staff friendly tapi bising sangat doh.",positive
Bila order banyak menu yg dah hbis...,negative
"Malam malam kalau nak relax santai boleh mai sini. Ada banyak stall seperti goreng goreng, masakan cina, western, sup sup dan banyak lagi. Saya order kuetiau cantonese haritu, tapi sedikit cair. (Nak cantonese sedap boleh makan di Shahs kitchen Bossku Cafe). Western pun sedap di The Kabin. Tapi awas ya kalau hujan sebab sini konsep open air. Tiada bumbung.",negative
Makanan semuanya mahal,negative
Yg jual otak2 tu hensem je...i like..  best tgok semangat staf kt sini htr air pun lari2 sb nk xbg cstmr tgu lma.. terbaik la servis kt sini,positive
Kabin detox sedap. Kue teaw goreng sedap. Satey sedap. Otak2 sedap. Nasi ayam sedap.,positive
"Makanan yg sedap chiken chop, koteaw dgn spaggeti cabonara ok... Cuma nasi goreng je kurang sikit...",positive
Nasi ayam kt stall Cabin ni sedap...,positive
"Tempat makan yang luas,selesa dan bersih.Makanan pula memang sedap dengan harga yang berpatutan.",positive
"servis cepat, layanan baik dan makanan sedap",positive
Sesuai untuk lepak2 santai ngan family atau kawan2.,positive
Selalu datang sini... Puas hati sgt..,positive
Variety of food. Saya makan contonese yee mee.,positive
kedai gunting rambutttt...best sgt,positive
"Tempat santai dan relax utk lepak. Mknn juga ada pelbagai dr goreng2, Western, sate dll..",negative
Tmpt yg nampak hidup lepas pukul 10 malam,negative
Servis laju tetapi meja  sikit,positive
Makanan sedap tapi harga agak mahal.,positive
Terbaik.. sedap.. selesa,positive
First datang..waiter lmbt clear meja.. Bleh borak2 ngan member biar customer berdiri tnggu meja clear... Waiter lalu lepi meja bleh ckp biar la dlu meja tu... Tu pun jenuh panggil...bru nak clear Then amik order lmbt.. Nsib makanan siap cepat... Makanan western sauce sngt sikit...makanan pun biasa2 ja x padan dengan harga.... sangat not recommended,negative
Santai..cergas,positive
Sedap sangat! Tapi banyak nyamuk,positive
Santai dan relax,negative
"Makanan pelbagai, harga berpatutan...lokasi menarik dgn konsep santai.",positive
"Makanan sedap gila lagi lagi datang time petang, memang vibe gila dengan anginnya. servis pun okey, staf okey. Nak request untuk surprise birthday pun dapat cuma staf kena sporting sikit la kalau ada special request. Overall okeyy",negative
Best view n cantik....makanan boleh ditambah baik supaya lagi sedap n friendly owner Parking: parking luas,positive
"Makanan sedap, environment semua best cuma servis agak lambat dan mcm tk teratur.",negative
Terbaik..view menarik,positive
Makanan padu,positive
"Owner sgt rumah. Makanan sedap, harga berbaloi dan view mahal",positive
"Bagus, santai",positive
tempat sempoi hampa!!makanan sedap2!! roti canai dia pergghh!! cek suka staf dan owner dia..cek repeat mai lg,positive
Parking senang...makanan sedap...suasana healing,positive
"Tak sedap dan mahal. Makanan sampai dah sejuk. Harga tak setimpal dengan kualiti dan rasa. Serius cakap menyesal giler datang kedai ni. Datang jauh2 dengan laparnya sekali makanan hauk. Kalau korang nak kedai lawa untuk amik gamba dan lepak2  boleh la dtg sini tapi jangan makan. Please improve kualiti makanan dan air. Tempat dah okay dah, sayang kalau taknak improve kualiti rasa makanan and minuman.",negative
"Pemandangan cantik, services terbaik and makanan pun sedap sedap",positive
Makanan sedap n servis pantas . Paduu. View cantik,positive
"kali kedua repeat , makanan dia sedapp , pancake memang paling fav",positive
terbaik. makanan minuman sedap. view pun cantik sgt.,positive
"Harga agak pricey. Pay for view. Nk layan view sambil minum coffee, kek ok la. Kek sedap. Air pun ok.  Heavy food x recommend.",negative
Yhe best ace and foods sedap gila,negative
Suasana cantik...makanan pn sedap2...,positive
Terbaik.... Rekemen utk sapa2 y mai perlis...,positive
"Ambience and environment is good but the food is 2/10. Crispy chicken chop was cold served, fries were soggy (maybe early fried) and same goes with only 2 small units of cauliflowers cold served on the side. Carbonara dan bolognaise pasta pun kurang sedap dan terpaksa depa reheat. Kalau nak healing2 boleh la tempat ni untuk minum2 dan sembang sambil tengok bendang dan bukit2 di Perlis. Staf ambil order and hantar order pun blur juga. Tanya semua tak tau. Tempat VVIP dia best dan sesuai untuk family yang nak privacy. Harap2 boleh perbaiki sebab tempat dah cantik tapi sayang food tak mencapai tahap sedap.",negative
"Kualiti makanan agak kurang, cashier kurang teliti ambil pesanan. Hanya yang positif ruang makan. Kurang berbaloi The only good thing about this place is the decoration, the rest including food quality is below average.",positive
nasi ayam kunyit the best,positive
"Service tiptop , makanan semua the best",positive
"Tempat nampak nice, tapi services kelaut.. tunggu makan hampir 2jam.. tnya waiter kata order banyak tapi tempat tak ramai orang sangat pon..  ... Tak datang dah..... Utk rasa tak dak apa2 yg special pon... Ada tempat lagi sedap...",negative
lambat gila,negative
"Yummmyyyyy...berbaloi datang dari KL..makanan superb..Alhamdulillah..berbaloi sangat sangat..walaupun ramai customer, tapi Alhamdulillah masih memuaskan hati. Butter milk unik rasa dia...dah biasa rasa yg version KL..tapi kat sini best gila lain dari yang lain..over all..everything was ok. Its a must place to go..Alhamdulillah..puas hati...tak rugi datang dari KL..Xoxo",negative
"service slow, makanan tak berbaloi dgb harga brokoli dapat suku jaa    nasi butter chicken rasa susu sahaja mmg sedihh!! tapi tempat cantik nak ootd nice",negative
Nasi goreng bonda and butter rice sedap and big portion. Servis pantas!! Mmg tggu masa nak repeat,positive
butter rice portion banyak and lamb chop sedap kene dengan harga,positive
scenery mmg cantik 10/10. order butter rice and chicken grill memang sedap gila 10/10  thankyou sadiah cafe untuk service cepat and sedap. lepasni nak mai lagi! Parking: parking space besar and luad,negative
"Hmmmm tempat cantik , parking ada tpi makanan out service teruk , waiter cm blur2 tk tau meja mana yg kena serve. Hantaq order salah tk sistematik, bila complaint salah order Eg kmi order package Nutella tpi dpt yg biasa, just diganti dengan pancake kosong yg tk sama harga. TW: JANGAN ORDER BUTTER CHICKEN hauk sangat. Klau lapar elak kan datang sini sbb dia menguji keimanan anda. Gambar ni gambar pancake   Nutella  yeeeeeee 12 HINGGIT.",negative
Service lambat,negative
Bad Experience. Food Presentation out!! Setakat utk view boleh la mai sini.,positive
Tempat cantik tapi sayang makanan maaf cakap overpriced tak padan dgn harga mungkin utk lepak minum2 boleh la kot,negative
makanan sedap gile,negative
(nasi ayam kunyit) Sedap .korang bole mai makan di Sadiah cefe . penghantaran fast service ok korang bole datang,positive
Harga terlalu mahal untuk makanan yang sangatlah takda rasa apa apa. Nasi ayam kunyit betul kunyit je dia letak    pastikan harga air panas berpatutan dengan size/cawan air. Tolong perbaiki kualiti makanan anda. Hype semata mata viral di tiktok tidak berbaloiiii,negative
Cantik alaaa tutup pula.. hari rabu,positive
"View cantik, makanan okay, parking okay",positive
Sedap nk mampusss,positive
Suasana best! makanan pun sedap .. service terbaik ..,positive
"Cafe yang sangat cantik, parking yang luas, staff peramah tapi yang paling penting chicken chop & fish and chips tersangat sedap   harga berpatutan boleh datang lagi",positive
Mmg terbaik tempat ni . Shisha pon syok duk atas bendang,positive
"Environment malam2 best. Tiramisu kek sedap. Fish n chip too oily, blackpepper sos nice cukup rasa. Spaghetti Carbonara suami aku kurang suka, katanya rasa pelik.",positive
Terbaik untuk keluarga.,positive
Port paling santai makanan semua sedapp belakaa,positive
"Tersangat slow service. Dan sangat tak berbaloi harga makanan. Harga lebih mahal dari area KL, tapi rasa sangat sangat kurang memuaskan. Cuma tempat sahaja cantik, banyak lampu. Tapi tengok tempat je tak boleh buat kenyang.",negative
Makanan sedap pahantaran fast,positive
"Peknga sedap, lembut. Pulut ikan kering sedap. Soto pun ok",positive
"Layanan bos dan staff yang sangat baik dan mesra , makanan sedap , tiptop",positive
makanan sedap terpaling padu sos blackpaper #formPerak,positive
Makanan sedap and harga berpatutan    vibe kedai sangat2 best Parking: Parking sangat luas Kid-friendliness: Owner sediakan tempat untuk anak2 main . Senang nak makan sambil pantau anak2,positive
Dinner at 9.30 pm .. come all the way from alor star worth it .. sedap dan harga sangat murah .. will repeAt again,positive
"Went there with my whole family on 4/5/2023 around 9:30pm for dinner, tapi kecewa sangat. Tempat & ambiance dah cun sangat tapi makanan spoil betul Ordered all western (lamb chop, chicken chop, fish & chips) tapi pelik sgt diorg serve sayur sidedish broccoli + carrot tu mentah beb. Katanya dah celur tapi kamon la.. org tahu la rasa raw sayur macam mana   Carrot pun ada kulitnya lagi, tak sagat. Bila suruh masakkan lagi sayur tu, punyaaaaaa lah lama nk tunggu. Mintak refill air kosong pun tak sampai sampai Portion mcm nak taknak bagi je and harga agak overpriced. Tak tahu lah.. ni kalau dkt tempat lain, harga RM24 mcm boleh dapat lagi puas hati. Sayang sebab tempat dah cantik. Datang jauh jauh tapi indah khabar dari rupa~ **Friendly reminder: Kalau datang time malam, kena kuatkan mental & fizikal utk hadap dengan nyamuk, ulat2 and anak2 lipas berkeliaran. Sorry tapi takkan repeat sini lagi. Sekian Parking: Luas, jangan risau. Kid-friendliness: Satu je best sebab diorg provide tempat main2 utk budak-budak kecik (kereta tolak, buaian, crayons & papers for drawing + coloring). Senang monitor diorg sambil makan.",negative
Makanan sedap dan harga sangat berbaloi. Portion makanan pun generous. Recommended,positive
Kepada pengemar mencuba makanan enak sila kunjungi Sadiah cafe. Sungguh enak ketika saya mencuba makanan yang terdapat dlm manunya.,positive
"shellout kt sinii srss sedappp !! and service diaa lajuu , sangat berbaloii",positive
"Nice place but price is to much for breakfast, we just eat 3plate of nasi lemak and jagung nyiur n beberapa kuih semua total rm80    aiyo hope just t20 go this cafe, if b40 n anak ramai please pikir 2/3 time",positive
"Tempat dia sempoi, sambil makan kena angin lak peehhhh terbaik. Makanan pon sedap. Lama dah nak mai....bestttt",positive
Tempat best makanan pun sedap,positive
Makan sedap sengat layanan friendly,positive
Syok sarapan sini..boleh duk healing-healing    byk kali dh repeat mai...,positive
Service terbaikkk.. Kami buat celebration birthday do Rooftop.. Makanan sedap Dan portion banyak especially Shellout.. Kek pun 2 slice cukup utk 8org makan.. Staf very sporting.. layan ja kerenah kami ni nak bergamboo .,negative
"Most of all, view n surrounding dia mmg cun n nice, but like other reviews, the portion n price must be improvised. Another suggestion, perlu letak cover plastic kat atas meja, senang skit nak lap n bersihkan mejaa. Orite tuu sajaa tq~~~",positive
Makanan kat sini semua sedap especially the desert,positive
All good and best . Tempat pun cantik,positive
Shell out dia puas makan..western pon ok..ootd spot maybe..,positive
Mai mai makanan sedap2 sini,positive
makanan sedap korang bole datang di wang ulu bintong,positive
The best western anda shisha in Perlis.,positive
"Makanan sarapan pagi yg kurang pilihan, suasana biasa2 jer..harga makanan mahal.. layanan lambat",negative
"Vegetarian options: all the food is delicious and affordable, very satisfying",positive
Tempat cantik n selesa.harga makanan murah.tq,positive
Alhamdulillah. Cuma perbaiki dari segi cara masakan dan rasa.,positive
Salam perantauan dari negeri perak yg dtg dari jauh ke cafe..sejujurnya tempat cafe sangat best untuk amik gambar dan ootd..tapi paling mengecewakan ialah harga makanan tak setimpal dengan portion dan presentation..we have ordered nasi goreng seafood for RM22 but literally seafood yg ada dlm tu just 3 udang dan 1 sotong..plus bad presentation Parking: Parking dia convenient,negative
Makanan sedap tempat menarik berbaloi kompom repeat,positive
Makanan cukup kelia dengan harga   pekerja friendly,positive
"Kedai viral ni. Makanan ok je. Xde yang boom. Suasana best. Tepi sawah. Datang petang area pukul 6pm, leh tengok matahari terbenam.",negative
tempat yang tenang dan menarik. makanan pun sedap dan best. friendly staf.    . recommended,positive
"Makanan sedap, service mantops, surrounding cantik",positive
View lawaaaaaa....dekat dengan warung tepi sawah yg viral tu....ada sawah padi. Berhadapan dengan tebing tinggi. Makanan biasa je....boleh la nak simple nak suasana ..,positive
sedap dan cepat bila hantar makanan . staff peramah .,positive
Worst service ! Order makanan satu pun tak sampai . 50 minit tunggu makanan . Kedai tak full pun. Last sekali balik tak makan apa pun. Tak minta maaf + melawak tak kena tempat . Bad service . First & last . 0/10 .,negative
"Semua makanan yg di order semuanya tak sedap ye. Dah la lambat, pastu ada yg tak dapat.",negative
Satu star saya tu hanya untuk lampu2 kedai ni. Makanan hampeh. Order lambat gila baru sampai. Tu pun tak sampai semua. Rasa lagi la. Terlalu biasa untuk harga mahal macam tu. Dahla tak minta maaf langsung bila kiteorg cancel makanan. No manners. Pengurusan kedai pun sgt la teruk. Bape kali tah nak tanya meja. Tolong la baiki dari segi servis dan makanan.,negative
"Buat ghaso2 suasano boleh la. harga, rasa, service, waiting time sangat out. Boleh pulak lupa order.siap mintak receipt skali sbb lupa order. podioo.last2 minx cancel je order. tu pon xreti minx maap. first and last. never trust tiktok video",negative
Makanan sedap n  presentation cantik ......boleh repeat,positive
Cafe sangat tenang dan cantik untuk bergambar. Servis makanan cepat dan tidak terlalu lambat. Makanan overall sedap. Boleh repeat lagi,negative
"Makanan sedap harga berpatutan view  cantik, staff pun peramah ok ok la",positive
"Makanan sedap pastu harga murah staf depan sporting dngan cust,",positive
"14/1/2023 FOOD 2/5 : cuz time kitaorang gi semalam hanya ada ciken chop and shellout ja, fries pun takde haih tak best lah kan VIEW 5/5 : memang cantik sangat STAFF SERVICE 3/5 : yang lain okay ja cuma cashier sorang tu tak ingat nama apa, dia agak annoying lah and macam suka buat loya buruk sikit. So please tegur dia yer PRICE 2/5 : Agak pricey tak kena dengan makanan/minuman. REPEAT : INSHALLAH TAK KOT. Tapi semoga owner dipermudahkan segala urusan. No hate, love only okay. Tegur sebab tujuan untuk korang ada improvement tu ja & selamat maju jaya Sadiah Cafe",negative
Order semua tak ada...perbaiki kualiti makanan....kecewa.....,negative
"Waiter friendly, View cantik.. Makanan kami order 3 jenis.. ns goreng chicken chop, nasi buttermilk & mushroom soup garlic bread.. semuanya tak sedap  kecewa sangat sebab waktu tu lapar..",negative
Makanan pagi sedap. Nasi lemak kerang pakai kerang fresh. Jagung nyior pun sedap.,positive
Warung dlm sawah. Permandangan indah dan nyaman. Byk pilihan makanan. Parking byk.Recomended. You are welcome,positive
Most relaxing place ever! Syiok kena angin.. sejukkkk..,positive
"Kekuatan cafe ini ialah Suasananya yg best, staff yg tidak sombong dan serving time cepat. Tolerable : harga - okay utk standard tourist tp mahal utk standard penduduk tempatan, portion makanan okay Kelemahan: Taste makanan biasa saja (bukanlah tak sedap tp bukan juga sgt sedap..just okay) Kesimpulannya, selagi cafe ni boleh maintain kelebihannya.. dan improve taste makanan In sha Allah boleh maju.",negative
"Kawasan yang mendamaikan , tempat yang cantik persekitaran ..",positive
Alhamdulillah sedap Dan pantas,positive
"Worst service ever! Order makanan jgn kata sejam almost sejam stgh x sampai2..order itu xde..order ini xde...order 5 jenis menu,yg sampai hanya 1 menu..bila bangun tanya budak kuanter,mana menu yg lain,dia kata nasi dh abis..so klu nak kene menunggu lebih lama lagi...menu yg satu yg smp pun x sedap langsung malahan hangit Betul org kata boleh gastriik klu teruskn menunggu Very frustrated.. First n last for us",negative
"Pabila menu bertemu suasana, hujungnya mendamaikan. Lokasi wajib jika sampai di Kangar",positive
"Food 9/10 Ambience 10/10 Shisha 10/10 Suasana santai untuk lepak dan makan. Sambil makan atas bendang, tempat makan pon bersih. Shisha power. Cuma kalau lambat parking mungkin penuh",positive
ohsem,negative
"Banyak Kena Perbaiki . Harga Mahal , Makanan Tak Sedap & Sejuk . Sup Jujur , Tak Rasa Apa   Komen Untuk Membina , Agar Diperbaiki Untuk Terus Maju . Spageti Sedap Jugak . Layanan Baik Dan Cepat Jugak . Tq",negative
Process order slow. Makanan mahal. Makanan lambat. Masin. Boleh gastric kalau tunggu.,negative
"View cantik...harga standard, tp makanan xda rasa...xsedap...",positive
"Benda sikit2 makanan tak sedap tak padan dgn harga ,makanan datang lambat",negative
"Best port, best food, kena try baru tau.",positive
"shell out dalam banyak pasir tapi rasa ok boleh cuci bersih sikit,tambah RM5 sayur,tapi carrot tak masak",positive
Reserved for Ramadhan 2024 Facebook bring me here. Tak pernah tau ada kedai ni kat Perlis actually. So we decided untuk berbuka puasa dekat sini. Reserved table sebab datang dari jauh kan. Overall makanan sangat superb dan sedap.. dari segi rasa dan presentation sangat kena dengan citarasa waktu we team datang. Cuma air kurang kick sikit la.. kurang likat dan manis macam tu  ....parking senang je kalau org tak ramai actually.. atmosphere memang tenang kecuali kalau mkn waktu malam.. agak terganggu dengan haiwan yg hurung lampu tu.. servis lambat sikit maybe sebab waktu berbuka(acceptable) ... Harga pun berbaloi untuk 4 org makan + side dish+ air tak smpai 2++ pun..repeat? A big yes !,negative
Sedap dan lazat,positive
"pekerja baik, puas hati dengan layanan. kawasan kedai pon bersih tapi tak tahu bahagian dapur dia sebab kami makan sini 3/4 orang cirit birit sakit perut. sayur dia pon tak segar siakap pon tak fresh. kene baiki lagi.",negative
"Nasi goreng sotong - sotong terlalu liat dan keras Sup tulang - terlalu masam sampai tak boleh makan saja, makan dengan nasi baru okay sikit Timun dan sambal belacan - timun dah tak nampak hijau, tak lalu nak makan Telur dadar - X... telur minyak - / pinggan sumbing dan retak",negative
Rasa tomyam padu sedap pekat dan pedas amat. Tea tarik kurang manis seperti kurang dua butir gula. Kesimpulan sedap sungguh. Wheelchair accessibility: Jalan masuk batu kikir,positive
One of my favourite restaurant..tak perlu tunggu lama untuk makanan sampai.,positive
"Ingatkan depan kedai saja tempat parking ke restoren ni. Rupanya boleh parking ke tanah swbwlah kedai ni. Kawasan luas, boleh park dalam 10 biji kereta.",positive
Makanan sedap....paling yummy of coz tomyam.,positive
Staf mesra pelanggan.makan sedap.siakap bawang putih alamak..try lahhhh..somtamnye nangis owhhh..pedas manis.. Parking: Ruang pakir luas amat Kid-friendliness: Tempat luas..selamat Wheelchair accessibility: Boleh tolak wellca,negative
"Sedapppp. Semua sedap especially siakap tiga rasa dia sebab garing teruks ikan tu. Portion macam kecik jugak sebenarnya. Waiting time boleh tahan sendu jugak walaupun masa kami pi tu tak ramai tapi sedap so okay la. Kalau tak nak serangga masuk dalam makanan, jauhi direct lampu or jangan duk kat belah pondok luaq tu. Jenuh halau.",negative
Tempat ok...servis terlalu slow bila waktu puncak hampir 1jam lebih tggu makanan siap. Kena improve. Segi taste ok.,negative
Masakan sedap dan tempat yang selesa.,positive
"Set 4 orang makan Rm59.90 only weh! Got chicken tomyam 4/5 basically onion, chicken and tomatoes, steam siakap (can ask for other cara masakan as well), khailan ikan masin, telur dadar and nasi putih 4. Recommended! Malam weekend ramai",positive
"Semua masakan sedap,cuba try bihun kuah dia, teringat sampai balik rumah.Harga berpatutan.",positive
"sedap dan bnyak,puas hati mkn",positive
"Service kureng kit, Tapi selesa, makanan sedap, Aroooooi!",positive
"Nampak cm kedai siam biasa. Just xde lightsabers lol. Ada kelainan actually, esp menu kreang kheng. Tryla.",positive
Not recommended.  Service super slow. Dan sila expect akan ada order tak dpt,negative
Restoren paling tak best di perlis. Makanan di order tak sampai sampai dekat satu jam. Order lain dapat lain.  Mungkin berpunca dari bunyi bising penyanyi karaoke yang x berapa best. Mujurlah pelayannya bagus muka ramah dan senyum.,negative
The foods are scrumptious!!! Pad kra pow dia lagi sedap dari boat noodle. Waiting time dia agak lama sbb tukang masak dia tak ramai. kenaa dtg awal kalau nak try!,positive
"Nasi goreng ayam, goreng paprik sedap, daging bakar pun ok, teh o ais biasa2 aja..tapi saya suka laicikang...susah nak cari laicikang yg ada potongan tembikai, laici, mata kucing, ptgn jeli, getah anggur n buah kembang semangkuk serta gula batu...rasa asli. Memang patut kedai ini dikunjungi ramai..",positive
Sedap dan sgt murah,positive
All menu is so shedapp. Tak nyesal. 1stime p makan. Teruih jatuh chenta. Nnti p perlis wajib la repeat lagi,negative
"Such a disappointment. Dalam website kata buka pukul 2, tapi call kedai kata buka pukul 2.30. Kita orang pukul 2.10 dah sampai, sanggup tunggu dalam kereta. 2.35 dia buka pagar dan mula turunkan kerusi. Bila masuk kedai dia kata belum buka.. Nasi pun belum masak.. aik? Habistu kenapa bila call cakap buka 2.30? Tak minta maaf pulak tu. Biadap.",negative
"Makanan ok..cuma part wifi kedekut siap muhong beradap lg xleh blah..hahaha..len kali wifi tu xyah boh nama kedai kalu mmg xmau open dgn customer..kawasan kedai ni dah la line xclear, nak tgu makanan pulak makan masa.",negative
Harga makanan agak mahal dan masakan biasa-biasa sahaja,negative
Daging bakar sedap dan staff pun mesra...,positive
Masakan Thai yg sedap,positive
Among best tomyam restaurant in Perlis,positive
"i order siakap kengsom , i got fried siakap with pour kengsom, order daging pakapau, i got daging masak kicap..",positive
"Best dish Siakap Garlic, kalau buka puasa makanan tak sampai lagi tue biasa, 2 tahun dulu berbuka pun macam tue jugak.",positive
Makanan sedap2..,positive
"Taktau lah apa yg best sni. Slalu ramai org. Tp dh try skali, xnak pi lagi dah.",positive
Seriously harga x sepadan dengan quantity makanan .... Not interested to come again ..,negative
Sedap belaka lauk pauk,positive
Servis lambat. Makanan kurang memuaskan. Nasi goreng sejuk dihidangnya.,negative
"Cepat,sedap n harga ok",positive
Sedap masakan siam,positive
Sedap sampai menjilat siku,positive
"Kdai mmg tersangat selesa..layanan cm kt hotel 4bintang..tp sayang sbb makanan yg aku order smua xbest langsung..sori to say sbb aku mmg cerewet bab makan..aku bayar kot Aku order set rm70..Ada ikan siakap 3rasa, tomyam ayam, kailan ikan masin, telur dadar, nsi 5pnggan, sup kosong dgn air sirap 1jug..smua utk sorg mkn kcuali ikan, nsi dan air..itu pn xhbis sbb anak2 ckp xsedap Harap sgt pengurusan baiki mutu masakan..klau ada review yg ckp sdap set yg aku amk tu, insyallah aku try repeat..klau x mmg xsmpai la aku kdai ni lg",negative
Tomyam sedap gila.,negative
"Tom yam sedap,daging bakar pun sedap,nasi special thai pun harus di cuba,makanan sampai cepat.inshaallah boleh cuba lagi",positive
Semua perlu singgah dan mencuba Ikan Siakap Garlic. Keenakan isi ikan siakap yang digoreng bersama-sama bawang putih membangkitkan selera anda. Di samping Tompyam Seafood yang istimewa. Anda Pasti akan berpuas hati dan ingin datang lagi ke Restoran masakan Thai ini.,positive
Masakannya sesuai dgn selera saya.,positive
Makanan okey cuma tiada kemudahan surau utk pengguna,negative
Makanan sedap. Siakap rangup. tapi list harga tak sama mcm dlm menu. Service slow sikit. Kena improve lagi. Kedai mmg ramai orang,positive
Siakap sweet sour RM40 sekor. Goreng cukup crispy. Kuah cukup rasa. Air pun sedap.,positive
Sedap belake...,positive
Harga berbaloi dengan makanan. Suasana yang damai dan tenang. Mesra pelanggan.,positive
"Tempat cantik,sesuai utk semua..makanan nya mmm bg saya sedap jugak..harga reasonable..",positive
Kalau rasa nak makan masakan yang Rasa original Thai di sinilah tempatnya...memang terbaik.,positive
Makanan biasa2 jaa.. suasana okay,positive
Original taste of Thai..all foods taste so delicious especially their special menu sotong buncit stim limau & ikan siakap goreng garlic..,positive
Cafe dia simple tapi makanan dia memang sedap. Nasi goreng USA n teh o ais limau,positive
"makanan sedap2, layanan terbaik",positive
Pedas terangkat weihhh! Mana mau cari.. Xyah gaduh pi siam dah!,positive
Makanan memang sedap,positive
"Memang sedap2 masakan depa..terbaik la sarina,zura,jat n the gang",negative
"Salam... Maafkan kami... Tempat makan cantik.... Sejuk... Tapi, harga makanan mahal tidak sama dengan makanan yang dihidangkan... Tidak memuaskan hati...",negative
Bole ja layan.Tapi sini bungkus ja boleh. Kene time nasi mentah sikit....,negative
Rasa totally out la tak sama mcm mula2 dulu. Nasi lembik. Ayam keras. Ayam potong 4 dh takdk.,negative
Legendary Nasi Ganja,positive
Selepas 3 thun.. rasa masih sama.. sedapp.. cuma ayam potong 4 dah tak ada..kalu ada sayuq lagi ngammmmm,negative
Antara nasi ganja terbaik di Perlis.,positive
Must try this menu.. Delicious ayam percik & drug rice (Nasi ganja).,positive
Bleh la..nasi masih bau asap2..cuma rasa mcm xbrapa sama mcm masa taun 2010 dulu rajin dok beli..hahahaha..ka prasaan sy ja tah..mai2 pakat bli tang ni..antara keunikan makanan negeri perlis,negative
The best nasi ganja dkt perlis.. harga sgt berpatutan.. dari belajar dkt UniMAP smpi skrg klo bercuti kat perlis confirm akan singgah beli,positive
Nasi sedap kuah karu,positive
Mesti akan repeat dan repeat ..mmg sedapp..wajib try,positive
Nak komplen. Makcik2 jgn buat muka sgt noh. Dah la sy bli nasi dgn mee tpi bgi mee saja. Nasi ta bagi pun. Pelanggan ada 3orag ja pun.. brapa kali dah kena dgn mak cik rendah tu. Muka mcm apa lgi. Mak saya pun nega jgk tapi muka senyum ja dkt pelanggan.mmag last sy p bli. Bye,negative
tak dapat dinafikan.selera tekak org perlis.kalau ada orang perlis tak makan maksudnya dia ada kacukan dgn luar perlis.,negative
Ayam dia bapak besar,positive
Sedap jugak nasi ganja sini.. Org pon ramai beli sini..,positive
selera dari kita sekolah rendah sampai anak pun dah sekolah rendah.. balik perlis mesti cari.,negative
The best nasi ganja,positive
Berbaloi dgn harga... Kenyang 1 bungkus blh 2 pax,positive
Yang ni sedap. Rugi kalau tak makan.,negative
Tak sangka la .. dah la murah..sedap pulak,positive
Nasi x la sedap mn pun.. tp tgk ramai sgt org beratur mcm amik tiket wayang,positive
Nasi Ganja Repoh,positive
Morah dan kenyang,positive
Menggamit memori masa zaman sekolah dulu. Nasinya bertimbun ayam besar. Puas makan,positive
yehaaaaaaaaa.,positive
Nasi sedap padu dan murah.,positive
It ok.. Sedap...,positive
Rugi sapa x rasa,negative
Sedap macam dulu,positive
Sedap dan murah.. Portion besar baru rm7.. Memang berbaloi,positive
The best Nasi Ganja,positive
Padu beb,positive
Sedap dan murah. Oh nostalgia nya.,positive
Kena bersabar lah sis nak makan,positive
"Nasi byk sedap la jgak,dan harga murah la jgak.ayam potong 4 rm7 dgn nasi.sebelah ada jual air teh ais n lengkong.kedai ni mmg tumpuan kat perlis.p ahad ritu buka",positive
Very delicious lunch in the perlis,positive
Nasi dia mmg sedap,positive
Murtabak best,positive
Nasi bersama Ayam Rempah... Best!Original,positive
"Sedap, murah. Bau longkang tu standard",positive
Bajet & sedap,positive
"Nasi, ayam goreng dengan kuah. Simple as that. Boleh tahan rasa.",positive
memang best nasik ganja sini..kalau balik kampung ..tempat wajib mai makan,positive
Tempat tumpuan rakyat perlis utk mkanan tgahari. Murah + sedap + banyakk =,positive
Nasi ganja power nie... Terbaikkkk....,positive
Pilihan kedua untuk melantak nasi ganja... Perghhhhh! Jangan mai lewat sangat satg ayam habih. Ada menu lain lagi contohnya murtabak memang sedap sampai beratur kalau kena hari ramai orang mai beli. Yang tak pernah cuba boleh datang beli tengok.. recommended!,positive
"Puas hati mkn time lapar.nasi banyak, ayam besar.",negative
Tak sesuai dengan selera saya tp memang ramai pelanggan,negative
Suka suka tutup.. Sampai takdapat makan.,positive
Sedap + murah,positive
Murah dan berbaloi,positive
Nasi dengan lauk Ayam yg besar dan harga yg amat berpatutan. Mesti try!,positive
"goreng ayam tastes ordinary,I prefer the ayam percik",positive
mmg best...kat tempat lain rasa die mmg x sama...x tau nk ckp cmner kene rasa sendri...ni nasi ganja original...,negative
Makanan nasi berlauk sedap.. boleh tahan.. plihan lauk okay la wlu x banyak.. cuma tempat bayar nasi dngn air lain2.. tp xpe yang penting kenyang perut dan murah.,positive
"Lunch time x byk choice walaupun baru 1pm mcm makan tmpt lain & air plk kena bayar tmpt lain,leceh la. Rasa pun biasa2 saja",negative
Agak banyak pilihan makanan tengah hari,negative
"Kedai ni ada mcm2 cuisine, ada booth yg juai pakistani food, nasi lemak damansara, makanan laut, goreng2 panas. Nasi lemak tu hangpa kena try, mmg sedap guys.",positive
Sedap dan murah. Parking pon mudah. Keluar2 ja daripada taman ular masuk persiaran makanan bintong terus nampk tepi jalan dan parking pon byk,positive
Mee Kari Cek Ana is one of the best mee Kari in Perlis. Mee Kari lover should have tried this mee Kari.,positive
Makanan tengahari sedap2..murah2..nt dtg lg boleh p..,positive
Tempat makan terbaik murah dan makan tengahari yang begitu sedap ayam kampung gulai itik dan banyak lagi.... Parking: Ruang tempat letak kenderaan banyak sebab berdekatan deretan bangunan kedai agak selesa kalau nak parking....,positive
Makanan sedap dan servis laju,positive
Ok lah,positive
Makanan sedap..terutama gulai ikan.yang pasti..harga murah..setiap minggu akan makan disini..,positive
"makanan berlauk petang sedap. makanan malam, mee hoon sedap, kuey tiaw goreng sedap, nasi lemak sedap. sate kureng sikit. kuah banyak minyak. parking limited bila sibuk. kerusi meja pun terhad dan kedai agak sempit.",negative
Tulis ikan bakar. Kita punya expect ada ikan bakar. Rupanya siang je. Len kali jgn la pakai nama ikan bakar.,positive
Sedap..Ada nasi kerabu .nasi Dagang..Nasi campur.. kueyteow Goreng charkueyteow,positive
Kueyteow kerang sedap,positive
Sedap makanan,positive
Boleh laaa...,positive
Servis sangat lembab.. Indah khabar dari rupa,positive
Tak sedap langsung. Sotong hanyir. Semua tawar. Teh ais rasa susu lebih. Mahal. Jgn dtng sini. Nyesal,negative
"Malam kedai ni jual nasi lemak, yongtaufu, gerai pelbagai mee dan masakan ala thai. Nak bgtau masakan ala thai dia sedap. Memang terbaik masakan. Service pun cepat. Mesti try. Ni kawasan di Persiran Makanan Bintong",positive
"Scam. Kedai ikan bakar tp satu hidangan makanan laut pun xde. Hanya masakan panas. Tlg tambah pekerja, nak ambil order pun lama.",negative
Kedai ini sudah ditutup semasa kami sampai pukul 1pagi. Tapi di sebelahnya ada gerai burger yang sedap.,negative
"Pelbagai lauk pauk,selera kampung,harga yg berpatutan",positive
Nama kedai ikan bakar..tapi ikan bakar takde dalam hidangan!,negative
berbagai menu dan murah masakan panas pun ada sedap kat dapur mak tok yg menyewa tapak kat sini,positive
"Baik,bnyk yg ikot sop yg d tetapkn",positive
Nasi Lemak Damansara sedap,positive
Kebab sempoi,positive
"Boleh laaa , kalau rajin pi kola",positive
Bagus. Harga stended pekan perlancongan. Mcm2 ada,positive
Sedap dan best...semua jenis makanan ada dan terdapat disini boleh dinikmati bersama keluarga.,positive
Macam2 menu ada..kenyang mkn sbb posion agak byk..cma ikan bakar tu ja xnmpak walaupn nma kedai ikan bakar perlis,negative
"Servis lambat. Datang kemudian, tapi dapat dulu. Rasa standard kedai.",positive
Lokasi tepi jalan besar. Pelbagai menu,positive
Sedap makan td ikot set rm29.90,positive
Kurang memuaskan,negative
sotong goreng tepung terbaik,positive
"Sebelum ke kedai, kami telah telefon dahulu utk buat tempahan. Setelah sampai di kedai, dlm 1 minit menunggu makanan yg dipesan sampai. Order set A utk 1- 2 org makan. Dalam set tu ada ikan siakap 3 rasa, tomyam ayam, telur dadar, sambal belacan + ulam, kangkung goreng belacan. Mmg semua sedap. Kami tambah sotong goreng tepung. Super crispy dan rasa fresh. Mmg berbaloi baloi makan disini. Kedai ni lokasi dia berdepan dgn mini putrajaya perlis. Boleh lah cuba. Mmg recomended. Makan tadi rm47.00. Set A tu rm29.90.",negative
Sedap. Harga Murah. Terbaik sambal ikan bakar & Sotong Goreng Tepung dia.,positive
Kuah tak berapa sedap . Harga agak keras.. tp layanan okay la,positive
Sedap.. cuma nasi kena lebih.. tak puas mkn,negative
Masakan da xsma cm sebelum nie.. Rasa da berubah.. Tp tomyam dy masih kaw..,positive
Ikan fresh,positive
Makan sedap. Harga ok. Layanan kurang.,positive
Padu makan sini,positive
Harga makanan berpatutan dan masakan pun sedap,positive
Besa2 ja..tak la sedap mana sngat pon..hrga mahai la jugak..nasi boh seciput ja..budak kecik makan pon xckup,negative
Mudah,positive
Alhamdulillah sedap,positive
Best kedai ni,positive
"Kedai makanan laut terbaik di Perlis. Ikan segar, udang segar, sotong segar. Sedap baq hang aum aum. Masakan disediakan dengan penuh kasih sayang. Ikan dibakar dengan penuh kelembutan. Sotong celup tepung, pergh rangup diluar lembut di dalam. Suasana kedai yang santai, mesra keluarga dan sesuai untuk sebarang majlis keraian. Pelayan kedai mesra dan murah dengan senyuman, tokey kedai pun manis senyuman, rajin berbual, berbudi bahasa dan juga pandai mambakar ikan. Ikhlas dari Azman, 25, West Ireland. Angkuh, liar dan beriman.",negative
"Hidangan wajib kalau dtg sini, sotong goreng tepung. Xmenyesal makan kt sini",negative
Sotong goreng tepung sedap! Ikan masak stim pun sedap!! Harga murah dan kepuasan terjamin!,positive
Padu. Tokey pun ensem. Mesra pengguna. Ikan pun fresh2. Tomyam mcm kt siam. Hrga murah. Diskaun derek.,positive
Terbaikk.  Confirm pi pulakkk,positive
sodap.....,positive
makanan sedap...boleh bwk fmly lg lps ni..,positive
sedap!!,positive
SEDAP..MURAH..!! :),positive
Sedap. Recommended  . Portian diapun banyak,positive
"ikan dan sotong yang fresh, layanan yang terbaik daripada staff, servis yang puas hati daripada asputra ikan bakar kuala perlis.",positive
Masakan sedap tp harga x sepadan nk berbanding dgn kedai ikan bakar area koma laut.disana pelanggan boleh timbang dan tetapkan harga sendiri.disini harga dh  ditetapkan.contoh disana utk 1/2kg sotong harga antara 25-30.disini rm30 sikit sgt.xsampai setengah kg pon .kalau boleh udang ikan sotong tu layout la kt tmpat yg disediakan.baru puas hati,positive
Ketika saya makan disini. Terdapat banyak meja reserve. Menyebabkan hidangan saya lambat sampai. Sayur sampai ketika makanan sudah hampir habis. Tomyam yang sangat banyak minyak. Nasi bercampur kerak. Air sirap limau tawar. Kertas resit berkarbon diletakkan didalam makanan. Harga berpatutan. Rasa masakan ok.,negative
Terbaik. Service cepat dan lancar,positive
"Kita order set Ikan Siakap bakar kuning.. sedap.. rasa macam masak butter.  Ikan rasa fresh dan lemak-lemak. Set ni mai dengan telur dadar, 1 tomyam (boleh pilih jenis tomyam), ulam sikit, 2 nasi putih dan 2 jenis ayaq asam. kalau set ni, boleh la lepas 3/4 orang makan kalau orang yang jenis makan lauk pelan2.. kita pon tambah nasi sbb kita mai 3 orang.. tu pon boleh meratah sikit. service dia terbaik, sampai ja, ada orang mai hantaq menu untuk pilih.. kita minta pinggan lebih sebab nak bagi anak makan. kita minta kicap pon dapat. alhamdullillah, service terbaik. ayaq pulak, ada air kosong free.. depa sedia ais untuk yang nak air sejuk. satu ja pelik.. lauk sampai dulu, baru sampai nasik   .. apa pon, service memang terbaik, dan harga pon berbaloi.",negative
"Makanan sedap tapi service tak memuaskan. Sampai kedai service agak lambat. Sebelum tu call tak angkat, Whatsapp pon tak berbalas. Saya cuba contact 2 jam sebelum time nak book tapi tiada response. Mungkin sebab cuti sekolah, staff terlampau busy utk melayan.",negative
Service sangat2 lambat!air smpai 45 minit lepas order n tunggu 1 jam lebih tapi still x masak lagi order.so cancel order n makan tempat lain,negative
Great. Memang best. Ikan bakar Kola memang sedap. Kedai bersih dan selesa,positive
"Set ikan bakar sangat memuaskan, tak manis macam setengah tempat. Harga berpatutan.",negative
"Makanan sedap jugak.. recommended. Set B Ikan siakap bakar kola. Kailan ikan masin. Sotong celup tepung crispy. Ulam. Tomyam ayam lemak. Kedai selesa,luas,parking mudah,ada lagu yg tak kuat sangat,",negative
"Set menu dengan harga yang berpatutan, rasa yang sedap, servis pantas.",positive
"satu set ikan bakar (jenahak), tomyam, lala, telur dadar, nasi dua rm53 kira murah la tpi tak fresh dan tak berapa sedap. sotong goreng tepung rm10 pun tk fresh jgk",negative
"Murah,cepat, sedap.... Layanan pn baik",positive
"Sedap, murah dan terbaik:- Makanan: 8/10 Servis: 9.5/10 Friendly: 9/10 Fresh: 7/10 Untuk 12 org makan Rm260.. mmg berbaloi dan sedap Overall Very very Recommend",positive
ikan bakaq juicy. sorong goreng tepung mmg superb!,positive
"Booking order,ketam masak telur asin ketam tak ada isi,lauk yg lain ok",negative
Restoran cantik. Delivery sangat cepat. Nasi putih dia punya banyak..myesal p tambah g 2 pinggang..   overall sangat puash hati dgn service and makanan semua sedap.. terbaik,positive
"Tempat luas selesa, makanan sedap. Portion banyak. Kemudahan tandas, cucitangan semua ok. Cuma parking kurang. Staff amat friendly . Makanan pun cepat sampai.",positive
Baru je lepas makan sini. Order set 4 org. Yg datang boleh mkn 6 org.... Aduii... Jem perut,negative
"Hmm kedai dah kawasan laut, tapi tagline ckp fresh tak berapa nak fresh la.. sotong keras macam plastic... tomyam kureng tp okayla boleh terima lagi dengan ikan bakar. Parking: Ada area parking luas",positive
Nice place for family and friends for delicious ikan bakar and seafood menu. Superb sambal belacan and petai bakar Vegetarian options: Sambal belacan and ulam/petai bakar memang superb,positive
"Takyah pi lahhhh kalau boleh. Semalam baru pi dengan family. Balik rumah satu family cirit birit. Balerrr balerrrr. Makanan tak sedap. Tomyam tak sedap, ikan bakar tak sedap sebab kering. Ikan 3 rasa ja boleh gagah sedap. Overall tak berbaloiii. Parking: Parking terhad. Dah la ada manusia bangang pi block parking. Pastu pekerja tak membantu pun mencari org yg block parking tu sapa.",negative
Selesa.. Pantas.. Sedap.. Repeat,positive
Sedap dan harga pun brbaloi tramat sgt. Klau nk datang kena datang awal sbb full table..,positive
"mintak maaf bnyk2, baru p mkn tadi, saya pilih nyiru lagi kalau ikn bkr perlis ni, tp nk bgtau, try p ikan bakaq street perda, potong jari kalo ampa kata xsedap...setakat la merata p mkn ikn bakaq, ikn bakaq street mmg sedap la kuah sambai dia...mmg bg dua 5star..tadi mkn kat asputra, mmg xsedap, ikn kuah xcukup, belangkaih kerabu buah pelam xdak...",negative
Parking: Spacious parking,positive
Dpat makanan yg sejuk,negative
"TEMPAT - Ok luas, bersih, rapi, tersusun PARKIR - Kurang memuaskan, terhad SERVIS - Terbaik, ramah, pantas MAKANAN - Sangat2 lemah, rasa makanan sgt teruk, KUANTITI MAKANAN - Baik, banyak isi dlm setiap hidangan HARGA - Ok, berpatutan dgn kuantiti makanan PANDANGAN - Saya rsa pelanggan yg mkn di sini semua sbb utama adalah MURAH berbanding dgn kuantiti makanan yg byk dn MUDAH sbb pelanggan x perlu memilih makanan krn semua menu dlm bentuk SET. Bg saya seorang penggemar semua jenis makanan dn berasal dr Penang.. IKHLAS cakap.. Kalau kedai mcm ni di Penang xkan ada pelanggan setempat.. MAAF kalau saya terkasar bahasa..",negative
Harga yaang sangat berpatutan dan sedap,positive
Masakan sedap & ikan2 pun rs fresh..harga berpatutan.,positive
Rasa sedap jugak..,positive
Went here for iftar. But kalau hari biasa pun makanan sama je. Sedan  okay,positive
Makanan kt sini biasa ja. Expectation vs reality sikit la. Minta ikan tiga rasa tapi dpt ikan tiga rasa warna kuning. Somehow rasa dia tak mcm biasa. Nak repeat maybe tak (if makanan ni dh improve in the future maybe saya pi balik makan sini),negative
"They serve their signature Sotong Goreng Tepung which is very delicious. I repeat, it is Sotong Goreng Tepung and not Tepung Goreng Sotong. Oh and their Ikan Bakar is very fresh and tender!",positive
"Sedap, selesa & service baik.",positive
Makanan dna harga overall ok... Tapi nyamuk byk siott.... Nak mkn pun tak selesa asyik garu nyamuk jerr,negative
Sedap dan harga berpatutan. Recommended,positive
Restoran yg bersih dan mesra pelanggan.,positive
"Murah dan sedap    ikan bakar saiz xl rm29, 2 org makan ikan & lala masak cili semua skali rm43 je     ikan bakar sedap juicy dan lemak lemak hmmm sambal belacan ada 2 jenis skali ulam foc    sangat affordable    last time datang makan 3 org ikan dan udang rm50 je.",positive
Servis mantap! Laju dan pantas!,positive
"Makanan sedap, ruang makan luas, tandas disediakan.",positive
Harga berpatutan dengan makanan yang banyak dan sedap. Sotong goreng tepung dia pon sedap dan rangup. Ikan fresh,positive
"Dtg walk in utk nk mkn sekeluarga, Sabtu 23.10.21 jam 8.00mlm keadaan kedai terlalu sibuk.. tiada meja kosong tanpa meja tersebut dibooking.. keluar dgn kecewa, dgn keadaan hujan renyai renyai membasahi kami sekeluarga.. huhu.. Redha jela.. Tp kami semua.. lap2 with me in the class room, Are u Ok? ok ok, ok ok, ok jer",negative
Uih ramai ghini...mai kot mana x thu....pagar buka lepas kandang wei,positive
"Nice place, X tunggu lama utk dpt tempahan & makanan pun sedap.Harga pun OK.",positive
Boleh la..,positive
Kadaan pakir yg mudah..suasana tempat makan yg selesa disamping makan yg sedap.. Harga amat berpatutan..,positive
"Santai. Amongst our favourite here are ikan bakar and sotong goreng tepung. Waiting time is also not that long compared to others. At certain times, musim angin timur especially, angin yang lalu boleh terasa dinginnya.",negative
"Murah, sedap, servis pantas.",positive
Sedap.. Terutama Jenahak Bakaq,positive
"Mcm biasaa ,xpernah lagi lah mengecewakan   paling love ikan bakaq diaaa ,fuh lembutt",negative
Tq sambut majlis perpisahan citra tari,positive
Sedap.. Murah.. Surely akan repeat.. Asputra plk tu.,positive
"Nice place.Senang parking.Masakan sedap.Order ikan bakar,udang sambal,ketam rempah.Semua marbeles.cuma kena improve respond whatsapp.Kena cepat sikit reply untuk mudahkan customer",negative
Sedap2... Harga Berpatutan.,positive
"Service tak mesra,nak panggil staff pun susah. Food pun maaf tak sedap. Mkn berbuka puasa bwk makcik takleh makan nyamuk terlalu byk,mintak staff ubt nyamuk pun tak dilayan. Not going there again.",negative
Baloi ikan bakaq dia. Murah. Budget set pon ada.,positive
Sedap dan sangat fresh. Makanan di masak mengikut standard yang di inginkan. Selain daripada itu sambal belacannyang padu dan kombinasi yang terbaik.,positive
Affordable price.. Pilih masa yg sesuai supaya tak perlu tunggu lama,positive
Sungguh berpuas hati..sedappp bohhh,positive
suka mentarang bakaq dan package juadah dia,positive
Tempat makan     di Kuala Perlis,negative
"Ikan bakar sedap,x sia2 kitrg dri kl try..mmg padu",positive
"Alhamdulillah .... Makanan terbaik ,pekena Maggi seafood",positive
"Terbaik dan puas hati. 2 ekor ikan , sotong goreng tepung , ketam telur masin , mentarang , tomyam , sayur kailan , ulam , dadih , minuman.. total RM260 untuk 6 orang makan.",positive
"Kedai Ikan bakar yang menawarkan ikan secara fresh dari laut kepada para pelanggan. Antara kedai ikan bakar yang harga sangat berpatutan di Kuala Perlis. Masakan sedap, tomyam sangat padu. Kawasan sangat luas, sesuai untuk datang beramai-ramai, untuk keluarga dan kawan-kawan. Kedai sangat mudah dicari, area Petronas Kuala Perlis, kedai makan di tepi jalan sahaja. Toilet pun disediakan untuk pelanggan, servis cepat dan harga berpatutan.",positive
Agak kelam kabut. Ikan kurang segar.,positive
Sangat mengecewakan. Pesanan kepada yg nak pi kedai ni. Dari pemerhatian saya kalau nak mai kedai ni kena call dulu. Kalau walkin depa xberapa nak layan sangat. Tapi adap pelayan memang cemerlang cuma order hancur.,negative
terbaik. kalau nak mai makan. call untuk oder dulu. mai ja tgu tak lama sangat. mau p oder sana jenuh tunggu la.,positive
Harga berpatutan..,positive
"Makanan sedap, suasana yang selesa sesuai untuk makan dan keluarga. Terbaik.",positive
Sangat sedap dan harga sangat berpatutan.,positive
Saya kerja situh. Dan saya suka makanan free yg sedap,positive
Makanan sedap dan kalau tak nak tunggu lama kena tempah dulu sebelum datang,positive
talapia           1.1,positive
Makanan enak...,positive
Tisu             Rm0.40,negative
Non halal,negative
Segar dan lazat.,positive
Nice food. Nice ikan bakar. Try the siram bean kerabu,positive
feel,positive
"Semua makanan sedap, cuma konsepnya kena pilih ikan dulu untuk dimasak gulai, dan lauk2 sampingan. Kena sabar la. Kedai corner lot, kwsn terbuka, angin mmg sepoi2 bahasa. Layan la makan nasi dgn gulai, ikan goreng dan sambal belacan. Harga tidak la seperti kedai lauk campur biasa. Kepala nyok2 masak gulai+ikan temenung goreng 4 ekor+baby kailan+telur dadar+sotong tepung, nasi putih dan air kosong 6 = RM86",negative
"Gulai ikan nyok2 sedap. Kami tambah kuah gulai ekstra. Mmg selera, tambah pulak telur dadar, sambal belacan pun sedap, ulam lagi. Nasi pun tambah, sambal belacan tambah. Sotong goreng tepung sedap, fresh. Klau pedas sikit sedap. Makan kira puaih hati la, kenyang. Layanan tiptop, minta tambah pun laju buat kerja, suasana santai, sejuk berangin. Ikan fresh, boleh pilih yg mana suka. Nk gulai boleh, nk bakar pun boleh. Boleh tanya harga siap2 kot nk bajet berapa harga makanan. Pada saya harga sangat berbaloi dgn rasa makanan. Standard harga.",negative
Makanan sedap.. parents in law suggest mkn ikan bakar tgh hari sini...,negative
Tokey peramah n pemurah,positive
"Lama masa menunggu, mengecewakan... harga tidak dinyatakan untuk setiap menu... resit hanya tulis makanan dan minuman",negative
Sedap semuanya..cuma lmbat sikit la kena tggu...,positive
"Just to show how good the food was. Terutama sotong celup tepung, memang rangup. Gulai dia sangat2 sedap.",positive
Terbaik semua aspek. Keep it up !!!,positive
Harga tidak masuk akal..resit pon tak diberi..ikan temenung/kembung goreng 3ekor+3ekor temenung gulai+telur dadar+minuman= rm46(2 org makan)....time sebut harga..ikan temenung 3ekor rm10..hmm..entah apa yg jadi harga sampai rm46 tu...dari segi rasa makanan semua sedap xada isu..cuma harga makan utk 2org rm46 tu agak mahal..sekali sekala bole la nak makan..rating diberi sebab harga yg+resit pon xbagi..,negative
Sedap..kena sabaq tunggu sebab kedai amik order baru dia masak utk kita..fresh punya kita dapat lauk laa,positive
Gulai ikan dengan sotong goreng tepung lumayan sedap,positive
Masakan sedap cuma harga rasanya sedikit mahal. Sekali sekala pergi makan ok la.. Kalau selalu rabak gak poket,positive
"Ok la. Biasa2 ja. Ikan goreng garing sedap. Sotong tepung sedap. Gulai dia not bad, sedap tp can be better. Makan berhidang. Price wise a bit pricey tp depa mmg bgtau awai2 ikan kita pilih tu harga brapa. Thats good. Cuma x puas hati depa biar orang merokok di premis depa. Ada signboard no smoking besaq dabaq. Utk pelanggan yg x mangkaq mungkin kena simbah gulai sbb situ ada family, kanak2 semua dok makan tapi si mangkuk ni hisap rokok selamba. Org kedai pun kurg cerdik, tak tegoq. Sekian",negative
Harga tak sepadan dengan portion. Rasa pun biasa-biasa saja.,negative
"Dah cuba kat sini. Kena ada kesabaran sikit nak tunggu makanan tu. Gulai ok sedap. Tapi harga macam a bit pricey. Takda bill bila bayar. Kalau cust tak minta pun, kedai tetap kena provide bill. baru la telus huhu tp pape pun harga mahal.",negative
"Saya telah menikmati juadah tengahari pada Jumaat tengahari (4 Nov 2022) menu dia Sotong celup tepung 2 pinggan (300g/pinggan), kari ikan nyoknyok 2 slide kecik semangkuk, sayur baby sawi, telur dada 4biji, telut mata 3 biji, nasi putih 6 pinggan dan air. HARGA SANGAT MENGEJUTKAN. MAHALLLLL! Tiada bil terperinci disediakan buat pelanggan berkira-kira adakah kiraan tersebut betul/tidak.",negative
"Sedap Masakan melayu Perlis, terletak Di hadapan 7eleven Kuala Perlis , mudah letak kereta , pelbagai perniagaan disekelilingnya Dan selamat maju Jaya,",positive
Terbaik!,positive
Sedap. Berpatutan. Mesti datang lagi.,positive
Gulainya sangat sedap. Sotong masak sambal pon sedap. Keseluruhan memang sedap. Harganya bolehlah. Mungkin sesetengah orang akan kata agak mahal.,positive
Selalu jadi tempat lunch kami dan staf2 pejabat..,positive
gulai padu!,positive
"Ikan bawal fresh. Ikan bawal dah potong 2. So pilih je nak mana.Konsep pilih ikan lepas tu boleh pilih nak goreng atau gulai. Gulai kurang garam sikit. Masak gulai ni kena lebih garam, sebab makan dengan nasi. Harga agak mahal. Sebab dia fresh dan masak dekat situ. Kalau nak murah, kena cari kedai lain. Masa menunggu dalam 30 min ,itu bergantung dgn pelanggan.kalau lg ramai, lagi lama la menunggu. So kena pandai2 la usha2 dulu sebelum duduk. Kalau rasa lapar sangat, kena banyakkan bersabar la",negative
Sedap macam biasa.,positive
harga boleh tahan jugak mahal,negative
Maaakan panas2,negative
Selesai tiba dari jeti kuala perlis terus makan t/hari di sini. Alhamdulillah menikmati kesegaran gulai ikan dan sotong goreng tepung,negative
"Gulai panas panas, sedap. Puashati. Makan sampai licin..",positive
Padu gulai di,positive
Terbaik!!!,positive
Sotong goreng tepung sedap,positive
"Makanan sedap, recommendation...",positive
"Nice gulai Ikan,Sotong celup tepung..yummy.forgot to take picture here..",positive
Ikan boleh dipilih dam terus dimasak.Fresh dan kari sedap. Pemilik jugak ramah dan harga berpatutan.,positive
Gulai panas memang sedap,positive
Gulai sedap,positive
gulai yg sgt sedap,positive
Gulai Senangin...,positive
Gulai memang sedap sangat. boleh pilih nak ikan apa. meati cuba sotong goreng tepung kat sini sedap sangat,positive
"Pelanggan boleh pilih ikan mentah yg ada utk dimasak kari atau digoreng. Set kari atau goreng dihidangkan bersama nasi putih dan pucuk ulam raja, potongan timun dan sambal belacan",positive
Menarik makan sini. Syahdu je kena angin laut,negative
"Parking n toilet kalau bertambah baik, lg baik hendaknya",positive
"Makan laksa lemak udang lipan,laicikang,nasi lemak pandan",positive
"Suasana yang mendamaikan , ketenangan dapatdinikmati dengan deruan pantai serta angin laut yang berbahasa , alam semulajadi yang diselenggara baik oleh Negeri Perlis",positive
"Sesuai untuk bersantai seisi keluarga Ada kedai makan berdekatan laut Berdekatan Hotel Putra Brasmana Berdekatan juga Terminal Feri ke Langkawi , Stesen Bas",positive
ETA Ikan Bakar 2 to be specific. Makanan sedap. Environment sangat best. Recommended.,positive
Tenang.... Ribut jiwa,negative
Eta ikan bakar reasonable price..tapi org ramai kalau weekend,negative
"Acceptable food and the price. Kepada pengunjung, jagalah kebersihan.",positive
Tp,negative
Makan sambil menikmati angin laut dan melihat kebesaran ALLAHswt..,positive
Hebat,positive
Permandangan yang cantik tenang cuma parking dan jalan agak sibuk..,positive
Makan sedap2 sini,positive
"parking banyak, kedai2 makan pun banyak. boleh makan sambil nikmati view petang. tunggu lama sikit boleh tengok sunset    tak terlalu crowded tapi kalau weekend paham2 jela",positive
Suasana malam,positive
Sesuai untuk bersantai,positive
Vitamin sea boleh recharge kat sini...tenang...aman..cantik sangat sunset,positive
Delicious nasi goreng udang what a fantastic food,positive
Pengalam sebelah malam - nyamuk punya la banyak...,positive
"Banyak banyak tempat yang best kat Perlis, mesti orang akan rekomen untuk mai sini kan. View cantik, kedai makan banyak, port ikan bakaq, port lokcin. Kalau pagi kami selalu pi cari ikan di Sg Baru. Petang atau malam boleh mai makan lokcin atau ikan bakaq. Ikan bakaq kat Kuala Perlis ni sedap tau. Konpom hampa nak lagi. Lokcin pun murah disini. Peringatan untuk orang luaq Perelih, kuala perlih ni kuala na. Bukan pantai macam kat Cenang. Hehehe",negative
Persisir pantai tempat tumpuan org ramai...pelbagai jenis kedai ada...,positive
Kotor gila pantai...x de org bersihkan ke apa..sesetengah org awam pon x de sivik buang sampah merata...nak ambik gambar pon spoil gambar sampah,negative
Hari ahad org ramai.. Bdk2 dok race moto. Syok santai smbil layan angin,negative
"Tempat santai ,sambil minum minum dan makan ,serta ia murah",positive
Pemandangan air laut cantik pada waktu senja tapi persekitaran pantai kotor penuh dengan sampah sarap,negative
Tempat untuk melapangkan minda dan boleh menjamu selera juga,positive
Berkelah di sini dengan keluarga amat best sekali..,positive
Kawasan tumpuan penduduk dan akses jalan raya di tepi pantai,positive
Cari mentarang...,positive
Sajian yang sesuai dan lauk pauk yang beraneka jenis sesuai untuk seisi keluarga.,positive
"Terbaikkk... Vegetarian options: Lbhkn masakan syur,jgn semue mkann pedas,sbb stengah org x mkn pds.. Parking: Kuala perlis,luas dan selese..",positive
Banyak pilihan lauk pauk.... Depan pejabat pos kuala Perlis,positive
Theres variety of lauk from bakar to goreng to gulai. Ulam ulam pon ada. Kedai bersih,positive
Masakan nya sedap harga berpatutan,positive
Pilihan menu yang pelbagai,positive
"Pilihan lauk paling banyak, dengan harga yang murah, dan rasa yang sedap sangat sangat",positive
Lauk banyak dan cepat habis. Sesuai datang bersama keluarga,negative
"Banyak pilihan lauk yang ada, rasa pun sodap... Terbaik bosku... Mana-mana rancak",positive
"Rssa sedap, makanan pelbagai pilihan, harga moderate..sayur2, lauk pauk..nasi",positive
Recommended untuk makan tengahari. Banyak pilihan dan ayam goreng yang rangup. Parking yang mudah.,positive
"Memang terbaik,",positive
"Lauk ok mcm2 ada tapi harga kena tnya dulu sebelum ambik.... Tambah2 makanan yg bakaq2,.. yg best kedaii nie pokok keladi dia bnyak looo.... Kalau bekenan try mintk beli... Jgn duk pi curik plak",positive
"Harga ok la dgn keadaan bhn mentah skrg ,a bit high pricing...cuma nasi agak keras , sama gaks ngan ikan bakar terlebih bakar , keras ,hilang segala rasa lemak2 lembut manis ikannya ..",negative
menu banyak pilihan ikut citarasa masing2,positive
Memang terbaik lauk banyak pilihan,positive
Bnyk pilihan lauk pauk...sedap...hrga brpatutan.,positive
Bleh tahan arr.. byk sayur dan ulam,negative
Banyak pilihan lauk pauk time makan tengahari,positive
Sedappp...kena p lagi pasni,positive
Kedai Nur Kasih lauk3 byk boleh mencuba kalau dtng kuala Perlis,positive
Mahal dan tak sedap,negative
"Salah satu tmpt makan wajib singgah, byk pilihan, makanan murah dan staff baik2",negative
Banyak menu nasi campur n goreng DLL.,negative
"Ok.. Sedap. Disyorkan kepada orang ramai yang sedang menunggu/turun feri di jeti Kuala Perlis, especially drpd Langkawi Restoran ini menyediakan makanan kampung, ulam-ulaman yang segar dan minuman pada harga berpatutan. Layanan mesra diberikan oleh petugas. Prime time adalah lunch hour. Agak sesak, biasalah kedai makan pilihan ramai.",negative
Sesuai untuk lunch,positive
Anda boleh dapati pelbagai jenis lauk pauk kat sini...dan harga dia murah bagi saya...and size lauk tuu agak besar...nak makan dua orang pun lepas... and satu lgi...tempat duduk dia selesa...nak santai2 sambil makan...sangat sesuai...,positive
"Banyak pilihan lauk, masakan sedap2 hargapun berpatutan.",positive
Byk pilihan lauk..,positive
banyak lauk untuk dipilih untuk makan tengahari enak2 semuanya,positive
(    ),positive
not bad lah! ingatkan mahal sebab ada makanan chinese food & western semua tapi sgt murah!!! rasa pun terbaik!      highly recomended!!!!,positive
Tempat yang bersih serta makanan yang sedap,positive
Mula2 p ok.. Makin lama masakan makin kurang umpppphh,negative
",   7   ,   10pm ,",negative
Tempat bagus..makanan harga terjangkau..rasa lumayan,positive
"Makanan sedap, portion ok, harga berbaloi, parking senang.",positive
"Tempat agak strategik. Kemudahan letak kereta agak terhad, ramai pelanggan letak kereta tepi jalan saja.  Selagi tak mengganggu jalan sepatutnya ok saja. Makanan sedap, berbaloi dengan harga. tempat duduk di dalam dengan penghawa dingin pun disediakan, tapi ramai yang suka duduk di luar, dapat angin sepoi-sepoi tiup disapa cahaya matahari pagi.",negative
Harga makanan tak sepadan dengan kualiti dan quantity makanan,negative
So far breakfast ok la.. Tp harga memang win la.. Murah,positive
"Port sarapan pagi di Arau... Menarik tempat ni, sebuah rumah yg dijadikan port makan. Terletak betui2 dalam taman perumahan. Ada local & western breakfast menu. Kami cuba lontong & mee kari. Lontong dgn sambal bilis memang sedap tapi mee kari sedikit terkurang lemak santan. Kebanyakan pengunjung memilih nasik lemak & roti bakar sebagai sarapan... Sarapan dlm sausana kampung yg damai seperti balik kampung ayah & bonda...",positive
Makan sedap ok2 saja. Roti titab recommended,positive
Makanan Memang sedap. Layanan tip top.,positive
Best Nasi Lemak Daging Masak Hitam,positive
Makanan paling tak sedap..oder spageti carbonara harga 16ringgit tapi dapat spageti tepi pasar malam..oder kambing pun liat gila nak makan pun susah...tempat dah cantik tapi makanan macam pasar malam..baik makan kat pasar malam lagi sedap..sangat2 tidak berbaloi..membazir duit dan masa,negative
Makanan semua sedap. Tempoh menunggu kalau ramai dalam 20-30 minit dapat makanan. Tp ok lagi sbb surrounding berangin dan cantik.,positive
"Antara tempat yang best untuk makan malam.. masa kami p hanya western food saja yang available. Suasana disini sangat best dan cantik. Sesuai bagi mereka yang suka bergambar. Makanan yang kami makan semuanya sedap2. Kami oder chicken chop, chicken grill, spaghetti carbonara chicken popcorn, nasi goreng chicken popcorn dan roti coklat. Coleslaw dan mashed potato yang dihidangkan bersama chicken chop dan chicken grill sangat lah sedap. Black papper sauce pun terbaik. Cuma roti coklat coklat boleh improve lagi rasanya supaya lebih menarik. Ada bilik berhawa dingin dan juga tempat bermain untuk kanak2.",positive
"Lokasi OK, mudah cari. Parking byk. Meja pun byk. Mee kari sedap. Moi berlauk sedap cuma kalau ada sambai kicap, lagi kick. Air panas mug besar.overall harga, sgt patut. Suasana dgn music slow, healing sgguh. Staff smua OK. Recommended.",positive
"Suasana yang sangat menarik dan selesa, makanan dan minimum sangat cepat. Makan rasa sedap. Akan kembali lagi.",positive
semua makanan sedap sedap       service pun laju je,positive
Harga agak mahal jika dibanding dengan saiz hidangan. Rasa makanan boleh ditingkatkan lagi. Muzik iringan terlalu kuat.,positive
"Servis Teruk..tak sedap, lambat..salah kira pulak tu..yang malam punya operation..",negative
Menu smua sdp,negative
One of Breakfast terbaik Perlis,positive
Suasana sarapan pagi yang romantik. Makanan sedap dan harga berpatutan.,positive
Makanan berkualiti dan berpatutan,positive
Tempat yang santai untuk sarapan di waktu pagi.,positive
Makanan mmg puas hati sedap..Nasi lemak sambal cukup rasa semua..,positive
"Overall okay, saya selalu makan sini, sebelum ni okay je servis. Kalini dpt kerak nasi, nasi mcm keras sedikit. Tapi lauk2 sedap mcm biasa. Hope pihak pengurusan cakna berikan servis yg terplig baik, sbb nk bg org mkn..",positive
Parking luas. Makanan sedap. Cuma tempat viral kena expect laa ramai orang,positive
Sedap dan sesuai dengan harga.,positive
"Menu menarik, servis pantas.. rasa makanan ok2 saja.. Harga berpatutan",positive
"Tbh, makanan xsedap lgsg. Portion kecik. Roti sengkaya, setakat roti massimo potong 4, baik buat kt rumah je, xde effort nk guna bun yang lebih helok",positive
"Air best! Nice place , servis makanan part roti lewat sikit",positive
Tenang dan selesa ruangan yg disediakan. Suasana pagi yg segar. Siap boleh nmpk Keretapi lalu lg sebelah malam suasana romantik dan rileks santai ja,positive
Customer service is very terrible please improve your customer service. Makanan pun sampai lambat layanan teruk Belum bangun dh angkat pinggan.,negative
"Order nasi lemak telur mata dan western breakfast. Rasa ok. Suasana yang tenang, tempat makan bersih. Layanan yang baik.",positive
Semua staff makanan sedap dan menepati citarasa. Akn repeat next time,positive
Terbaikkkkk,positive
"For dinner-- Tak dinafikan vibes best, good ambience. Food-- Harga tak setanding makanan. Yg smpai dulu ialah fries yg dah sejuk,soggy. Hati dah tak sedap klu dapat fries pun dah sejuk. Meatball dpt 4ketul kecik(dahla sudu garfu sampai sudah tak bagi). After 50 minutes smpai menu lain ,nasi goreng blackpepper, chicken chop,nasi goreng chicken chop. Chicken chop ayam keras,sgt masin,coleslow n mashed potato boleh rasa manis. Like seriously? Mmg below par level. Very dissapointing. Not worth every penny. Service sangat2 slow. Bukan sbb ramai customer pun. Not even a single sorry diberi dgn service camni. Syg betul. Kedai dah cantik. Susah nak compete dgn kedai2 dan kafe2 lain klu mcm ni. Will not come again",negative
Makan murah dan sedap...sangat2 recommended,positive
"Service sangat lambat, ais kosong pun kena follow up order baru sampai. Makanan sampai 2 kali kena tanya, baru sampai. ORDER NASI PUTIH, SUP DAGING pun lambat!! Quality of food really need to improve more!!!! Please take note on this to the owner",positive
"Makanan slow, air pn slow  mungkin tuan kedai boleh cari pekerja yg boleh buat kerja laju.",positive
"mknn semua sedap,portion pon ok2 je padan dgn harga",negative
"Delicious food, fast services, marvelous atmosphere. Should come if nak breakfast santai2. Ada ruang aircond & ruang luar. Boleh pilih. Really recommended",positive
Terbaik. Kawan saya kata mcm takmau balik bila dok situ,positive
makanan semua terbaikk  staff bgus-2 tambah2 hat buaq ayaq,positive
"lepas ni jgn percaya review geng sunat laser ni ( tik tok ),order nasi goreng chicken chop,dapat ayam sejuk,nasi sejuk,fries pun sejuk..minta tukar, ingat dapat yg baru goreng..skali panas dlm microwave je..wife punya fries pun sejuk..order garlic bread,harga rm 9..dapat roti gardenia,pastu berkulat, owner jawab..satu pack berkulat,roti baru,salah kan roti xsalah kan QC, time bayar pun minta maaf pun tak..rasa xbersalah, lain2 masakan xde masalah,tapi biasa2 je..niaga western xkan dapat yg sejuk2 je..putus selera nak mkn..harga KL,quality emmm..overated",negative
Oder roti garlic dia bg roti gardenia ja,positive
Makanan yg disediakan sedsp dan berpatutan dengan harga.. dengan suasana yang tenang dan santai.. Kid-friendliness: Sesuai untuk bawa anak-anak bersama,positive
Mee kari dia sumoah sedap,positive
"Kedai baru buka..tempat selesa. Sambal nasi lemak sedap...saya memang suka sambal tu. Memang kena mai lagi..untuk cuba menu lain lak.. ada alunan muzik yang romantik..suasana waktu pagi,memang nyaman..relax relax jer..",positive
Tempat lepak best utk breakfast & dinner. Boleh duduk luar & dalam. Dalam ada aircond,positive
Makanan sedap dan murah. Suasana pun menarik. Parking saja limited sikit.,positive
"Makanan dia not bad. Biasa ja. Tapi dia punya suasana tu memang tip top. Bersih, rasa suasana kampung dan klasik. Siap buka gamelan lagi nak bagi suasana klasik. Harga makanan murah dan dengan harga tu, rasa dia justifiable la. All in all, boleh bawa family datang kalau nak rasa suasano yang best",positive
Kalau buat bayar sebelum makan lagi bagus la pendapat saya.. lagi satu econ xsjuk lgsg nyesal duduk dlm blk econ.. hangat,negative
"Kebersihan 5 Layanan staf 4 Kesedapan makanan 4 Harga $$ berpatutan Jika ke sini boleh pilih untuk duduk di ruangan bahagian luar atau duduk di bahagian dalam yang berhawa dingin. Menu breakfast viral seperti roti bakar, nasi lemak, mee kari dan lain lain lagi. Selesa dan sesuai untuk seisi keluarga. Order boleh ambik kertas order di hadapan cafe dan beri kepada pelayan untuk order makanan. Keseluruhan pengalaman makan disini berpuas hati cuma bila nak bayar tu cashier lelaki tu muka masam sikit. Kena maniskan muka dan senyum pada pelanggan. Tutup pada hari isnin. Sesuai utk seisi keluarga.",negative
best sbb dekat,positive
Mai pekena western kat sini.,positive
Waktu breakfast -Service tersangat teruk dan bukan agak slow tapi tersangat slow. -Meja limited. Kalau dah nampak penuh blah je sebab yang ada pun tunggu makanan lama. -Dalam Satu jam tunggu baru dapat air. Sesuai untuk orang yang suka kesabaran dia diuji.,negative
"Tarikh 31/6/2023 Pergi waktu malam sebab nak bungkus air untuk family. Ada menu air yang habis kena tukar air lain pulak. Dah dapat minuman bila rasa tawar ingatkan lidah sendiri ja rasa tawar. Bawa balik untuk family semua kecewa sebab semua air tawar, tak sedap dan tak berbaloi dengan harga, minum sekadar hilangkan dahaga ja. Tiba-tiba tersedar air yang diorder tak cukup 1, tadi kat kedai tak check sebab yang hantar air tu cakap done. Patah balik ke kedai ambil air, terus bagitau staf tentang rasa air harap dapat improve lagi lepas ni. alhamdulillah mereka positif terima komen. Lagi satu masa nak bayar tu cashier takda kat kaunter kena tunggu, harap dapat perbaiki lagi lepas ni. *Sebelum ni pernah pergi waktu makan pagi overall okay Selamat maju jaya",negative
Kalau ada lempeng kelapa lagi sedap. Ok breakfast ala ala hipster. Lontong Roti titab Roti Arab Servis tempat semua cantik,positive
Makanan sedap tpi service agak slow maybe sbb public holiday bnyak menu yg hbis,negative
"Nasi lemak daging hitam, sedap sgt    roti titab pon sedap    nanti boleh repeat lagi. Suasana mmg best, ada live band main gendang tradisional    selesa   luas",positive
"Lagi port breakfast best di Arau, Perlis Madam rekemen The Bunker Cafe, Arau Waktu Operasi: 7.30 pagi - 11.30 pagi  (sarapan) 6 petang - 12.30 tengah malam (western & sate) Hari Operasi: Selasa hingga Ahad KATUP SENIN",positive
"Makanan sedap, tapi servis lambat. Bilik berhawa dingin tidak dilabel, ramai tidak tahu dan tidak tutup pintu semula. Tidak  pasti yang mna 1 cost dan pekerja. Harap dapat baiki lg servis. Moga semakin maju",negative
"Service agak slow, mknn so so ja maybe xkena dgn lidah kot, depends kpd citarasa memasing",negative
"Services teruk takde bagithu nasi habis, oder ramai ramai sorng sahaja tak dapat, orang baru smpai terus dapat",negative
Syed kata makanan okay tapi service x okay hmmmm,positive
Memang ceria,positive
"I tapau tomyam udang. Rasa tomyam dia manis semata2. Sayur pun takde. Ada bawang dgn carrot je. Tak mcm tomyam langsung. Air milo ais pun cair & kurang manis, tak kena dgn harga. Pekerja lelaki & perempuan pun tak ramah pelanggan. Berlagak je masing2",negative
"So far kedai yg terpaling cepat, murah dan sedap semua cukup rasa, mmg makan smpai licin..nak repeat lagi tapi duduk jauh, insya Allah kalau ada rezeki dtg Perlis lagi mmg wajib makan sini",positive
Tempat syok nak lepak borak dengan member2,negative
Makanan sedap2. Ada rasa macam makan di Thailand,positive
"Dah terang tulis kat gambar tu xmau pedas, xtau baca ka apa? Kalau xtau masak, jngn jadi tukang masak.. org bayar guna duit",negative
"Service sangat laju. Tak tunggu lama langsung untuk makanan sampai. Pekerja semua peramah dan berjaya menerangkan soalan yang ditanya dengan baik. Makanan pun sedap-sedap. Untuk peminat bola sepak, disini ada menyediakan channel bola sepak tapi guna tv, bukan layar besar.",positive
Pantas dan menyelerakan,positive
nasi lebih dia macam perli jaaa.hehhehe,negative
"Makan kat sini terbaik, cuma banyak nyamuk",positive
Bolehlah Rasa masakan nya,positive
Sup daging dia sedap,positive
Mknn sedap.. nyamuk je bnyk,positive
Makanan sedap & murah,positive
Makanan thai,positive
Restaurant Idaman Ayu Ceria 2,positive
Masakan ala-ala thai yang sedap,positive
"Makan sedap, order cepat sampai,mmg Tak menyesal makan Kat sini",negative
Lauk masak awai...lauk sejuk...,negative
"Makan murah dan sedap. servis pun cepat,",positive
Laksa Mix ~,positive
2,negative
Laksa     ice kacang,negative
"More peoples. Got laksa, ais kacang",positive
Great bowl of asam laksa and ice kacang!,positive
Best asam laksa,positive
Kid-friendliness: Desserts that children love Food,positive
"Come here for their laksa - asam laksa, laksa lemak, laksa campur. Do pay a visit when you come to Perlis.",positive
"nice laksa, ice kacang and candol",positive
"Best Asam Laksa cause its handmade. Nice fine rice noodles. They even have a different version of Laksa lemak= Asam Laksa + santan.  Their cendol, ais kacang and rojak buah is yummilicious too!!!!",positive
Nice Laksa Utara,positive
Friendly boss.. From KL Maluri.. Nice My father prefer his cendol compare penang #iamchamckosonglover #jalanjalancarimakan #cuticutimalaysia #perling #benglaksaperlis #        FreeandEasyFamilyvKids,positive
Laksa                cendol,positive
Love the ice kacang. Laksa lemak recommended. Rojak added delicacy.,positive
Asam Laksa...,negative
"Good place for laksa, rojak, ais kacang/chendol in kangar...",positive
laksa,negative
"Best laksa in Perlis, got two type of laksa, asam laksa and laksa lemak. For who craving for asam laksa this will satisfy your taste buds. Laksa lemak also taste good. Got ais kacang and rojak buah, all are taste good. Reasonable price. asam laksa   laksa lemak                 rojak,",positive
aircorn,positive
"Highly recommended place to have your meal! Came with my parents and ordered Thai style golden snapper, homemade tofu, and salted egg French bean, all are super delicious. Nice food, nice service everything is   the price is cheap and affordable as well! Superb! Will definitely revisit again next time! 3            tomyum                                                  70",positive
"Revisit Noor Malabari pagi ni. Sekarang dah ada meja & payung diluaq sebelah parking area. Kami order ayam gulai kampung dgn roti kosong. Gulai ayam kg memang sedap Favourite breakfast join in Kangar... Signature dish Gulai ayam Kampung. Menu lain ayam goreng, ayam madu, gulai ikan, sambal sotong, Sambal tumis udang, daging masak hitam, dalca & banyak lagi lauk pauk mengikut hari... Menu favourite kami, nasik dgn sambal sotong, teloq rebus & kuah campoq dan jugak roti canai cicah gulai ikan temenung... Overall, memang sedap, masakan style Malabari, rasa unik gabungan mamak & melayu... Weekend kena beratoq panjang, selalunya penuh dgn regular & peminat nasik campoq pagi... LaCanggung",negative
"Kalau nak makan nasi kandar boleh mai tang ni. Nasi kandar pun sedap. Tempat parkir yang luas..tempat makan pun selesa..boleh pilih nak duduk tang mana. Roti canai pun ada kat sini..waktu pagi,memang pelanggan ramai..memang tempat tumpuan untuk bersarapan..recommended.",positive
Makanan ok & harga pun ok,positive
"Nasi kandaq tersedap di perlis setakat ni, kena dengan kita selera penang, pekerja semua sporting, roti canai kuah banjir pon paduu , selalu makan kat sini, harga pon marhaen, strongly suggested",negative
Ala ala nasi kandar tapi dengan harga murah. Ada pelbagai jenis roti untuk sarapan pagi,positive
Nasi kandar Dan roti canai,positive
Makanan ok..cuma tolong sediakan sabun untuk cuci tangan..jangan berkira sangat..picit sabun dah mcm air rasa..,negative
"Makanan pagi marhaen spt nasi kandar, roti canai dan pelbagai menu minuman. Sedap, bersih dan servis cepat. Harga marhaen. Salah satu tempat tumpuan masyarakat Perlis menikmati sarapan pagi. Terdapat satu lot kosong di sebelah kedai untuk kawasan parkir.",negative
Kedai yg bersih dan layanan pekerja yg baik dan memuaskan Parking: Lokasi tempat petak kereta tak begitu banyak dan kebanyakan meletak kenderaan di bahu jalan Kid-friendliness: Pekerja yg ramah pada kanak2,positive
Sedap mknn kt sini. Harga murah,positive
"kari ayam kampung padu, ayam lembut kuah pekat",positive
Baik!,positive
Perlis morning nasi kandar,positive
Sedap gaisss... X payah rate complicated sgt... Boleh pi cuba ... Hari2 pon xpe ahahahaha,positive
Order nasi mining lauk daging kicap kuah banjir.kali ni daging terasa kering.harga berpatutan.,negative
One of the best roti canai and nasi kandar in Kangar...try roti canai with kari ayam...tasteful!,positive
Nasi kandar is good,positive
Nasi khandaq sedapp..,positive
Antara nasi kandar melayu trbaik kt Perlis.. potion pn byk,positive
Best nasi kandar melayu,positive
antara nasi kandar pilihan saya.,negative
kelia,positive
Nasi kandar aka nasi ganja best.,positive
"Lumayan bagus tuk santap pagi ... Sayangnya toiletnya nggak ada. Hehehe, ... Menunya enaklah.",positive
"Menyediakan juadah nasi kandar yg sedap. Banyak lauk pauk yg tersedia seperti, sotong, ikan, ayam, ayam kampung, daging, telur masin, ikan goreng, acar, ayam goreng kunyit dan macam2 lagi. Murah dan berbaloi dgn apa yg dibeli. Service cepat. Pelayan pun baik. Kedai ni ada juga roti canai. Sedap. Memang recomended.",positive
Semuanya ok..,positive
Menu menarik ialah Nasi kandar,positive
Sedap n murahhh,positive
Sedap n murah.,positive
"Nasi kandar best in town, roti canai dia rancak.. port lepak sarapan pagi sempoi baq ang",positive
"Port breakfast in Kangar Warung style. Nasik lemak, roti canai, peknga, laksa, koey teow goreng, etc. Popular with local & college students. We tried nasi lemak Tok. Nasi lemak rendang daging (RM6) and nasi lemak daging asam & ikan kering (Rm8). The taste just average... Overall, fast service, many choice of menu available, ample parking space....",positive
Menu sedap.. Layanan sangat mesra..,positive
Makanan semua sedap tidak mengecewakan terima kasih kepada faiz @melantak beb review tidak mengecewakan,negative
"Makan takda masalah, semua sedap. Satu ja. Kipas takda. Panas wei",negative
Roti Bakaq OK,positive
Sedap2 semua . Memang patutlah ramai orang. Kuetiaw goreng tu wajib cuba       -WSP melaka,positive
"Order 3 keping roti canai for take away tapi dapat kuah macam untuk sekeping je. Semoga kedai roti canai tak kedekut kuah sangat untuk customer take away. Tapi kue teow goreng, pek nga & nasi lemak sedap",negative
Kena pakai baju gomen kut baru dapat cepat.. Layanan cepat.. Lama tunggu hampir setengah jam untuk roti canai sarang burung,negative
Bihun kuah laksa bley try sini. Rare oo,positive
"Kalau nak mai warung balun, lebih baik search dekat map kolej komuniti cawangan kangar. Warung ni depan tu ja. Kami mai harini ada bangunan dalam pembinaan. Tagging tempat kurang tepat. Kena masuk dalam jalan kampung lalu rumah2 orang. Jenuh cari ada pembinaan  depan tu kalau tak dekat saja. Overall makanan okay. Roti kitab dia sedap ada cheese. Lain2 okay ja.",positive
Servis slow sikit....makanan ok sedap... portions mcm kurang.. overall blh laaa...,positive
Tak sedap langsung roti canai. Lambat,negative
Makanan biasa2 saja. Harga tak padan.,negative
Sedap puas hati,positive
Nasi Lemak sambal padu. Sedappp.,positive
1. Peknga nyok and peknga pisang sedap. Peknga nyok di datang kan sekali dengan gulai ikan sekor. 2. Nasi lemak. 3. Keow teow goreng kerang. 4. Roti Bakar telos gedik,positive
Banyak pilihan. Parking banyak. Suasana pagi nyaman.,positive
"temat yang mudah diakses guna map.... meja banyak,, selesa",positive
"Semua okay sedap milo pun kaw xkedekut milo.. hrga nasi blh tahan.. roti cnai ok tp kuah mcm sup ja cair gila..,",negative
"Servis tak mesra pelanggan. Saya datang first time dekat kedai ni and order nasi lemak, mee kari, koteow kerang dan roti telur. Order makanan dekat koteow goreng tu, yang lelaki tu muka ketat gila. then bila nak bayar dekat kaunter, that girl macam malas2 nak layan. Saya tanya makanan bayar mana? Dia kata situ bayar air jer makanan bayar asing dekat kedai lain. Then saya pon bayar dekat mee kari, koteow, but bila nak bayar dekat nasi lemak, orang nasi lemak tu kata kena bayar dekat kaunter. Then saya kena  pergi pulak lagi sekali dekat kaunter tu for pay nasi lemak. At first kata situ bayar air jer. Nasi lemak tu one kind of air ke? That girl really annoying and not say at least sorry for not telling us to pay nasi lemak dekat dia. Sangat biadap. Jadi dari segi customer service sangat teruk. Makanan pon memang tak kick. Mee kari taste like laksa. Koteow goreng so sweet. Kedai roti canai tu je ok. So not preferred",negative
Suasana gerai menarik dan bersih. Pelbagai hidangan boleh di dapati.,positive
Makanan sedap & banyak pilihan..,positive
Semua makanan terbaik..,positive
"Servis ok,sangat baik. Nasi lemak pula xda rasa,bila makan cuma dapat rasa pedas,nasi lemak lebih kepada nasi putih dan ayam goreng terlalu keras. Teh ais ok sangat sebab tidak terlalu manis.",positive
Koewtiaw goreng sedap oiii,positive
Peknga sedapp,positive
Makanan 4/10...,negative
"Makanan sedap ..Ada peknga , Ada nasi lemak , Ada roti canai mamak , Ada Soto , Ada kueyteow Goreng",positive
"Dua Kali mai, dok perati sj. Kalini order kt macik ni lempeng nyoq mai dengan gulai temenum sekoq. Rm4 saja ampa oi. Awat la murah sgt. Kami jumpa serat nyoq..means macik mmg pakai nyoq byk. Semoga macik dmurahkan rezki. insyaAllah kami akan repeat lagi.",positive
Small warong style. Masing2 order di gerai masing2 kecuali air. Depa mai serve. Kuey teow goreng ok. Satey potek pun ok. Peknga lagi ok. Roti canai so so je. Overall ok. Seat pun ok. Tnpat pun ok.,negative
Superb choice sekiranya mencari tempat untuk sarapan jika berada di Perlis.. Warung ini menyajikan pelbagai juadah sarapan pagi yang menyelerakan disamping kualiti Kebersihan persekitaran yang nyaman juga kualiti makanan yang membuka selera,positive
"Banyak pilihan menu....ada nasi lemak, pulut ayam, koeyteow goreng, pulut ayam, roti bakar..semua menu sedap2..cepat dan harga berpatutan..very recommended",positive
pulut ayam terbaik,positive
Air kena upgrade..,negative
Menu banyak pilihan. Harga murah & masakan sedap!! :D,positive
Kedai makan yang underrated tapi makanan tiptop sedap nak mamp**. Kue tiau sup memang terbaik. Ehh semua sedap sedap lah. Fefeling lepak hatyai makanan dia. Port lepak port dating lepak makan petang petang memang surr habis lah. Wifi pun laju. Nikmat apa yang kau dustakan lagi. Waktu pkp ni kalau malas p kedai boleh order akan ada delivery kat hampa. Sangat rekemended kedai ni. Boleh follow fb depa Don Corner untuk nak tau lebih lanjut.          Muchas gracias,negative
"servis sangat baik. dan makanan dia sangat sangat memuaskan hati. tak pernah mengecewakan. kuantiti pulak banyak, lansung tak berkira. harap sangat pkp habis cepat, boleh dine in makan kat kedai terus baru nikmat dia extra",negative
Mantap.. memang padu!!,positive
Mantap. Rasa original Thailand. Rugi tak cuba. Delivery pun ada musim-musim pandemik ni,negative
Mesra pelanggan berbagai menu masakan,positive
Kedai makan dengan pemandangan sawah padi.,positive
Sedikit slow buat roti canai,negative
"Laksa sedap, lauk tengahari pun sedap",positive
Banyak lauk tengah hari..,positive
"Harga mahal untuk makanan. Makanan rasa biasa - biasa je. Tempat ni sesuai untuk melepak borak-borak minum kopi je, kalau makan tu i tak recommend.",negative
Ntahlah,negative
Mahal semua bila di Perlis,positive
Sedap laksa perlis. Tak banyak perencah hanya asas.,positive
Kedai banyak kucing,positive
Yhe best warung In Kuala Perlis...banyak pilihan makanan terutamanya bila waktu pagi untuk bersarapan.,positive
"Roti canai sedap. Pagi ada nasi campur, bihun goreng, mee goreng, nasi lemak. Tengahari ada nasi campur dan masakan panas ala Thai. Harga agak berpatutan.",positive
"Saya suka roti canai banjir, nasi campur lauk rebung, daging masak merah, sayur peria, sup kaki ayam dan koe tiaw ladna.",negative
Bang don Roti canai the best in kola perlih..sgt sedap seperti makan roti canai bkn mesin canai.,negative
Pertunjukan yg sangat tepat dan memuaskan,positive
Xmkn pon kat Don corner ni. Mkn kat kedai sebelah dia.,negative
Masakan resepi asli dari thailand,positive
"Overprice...harga semua mahal. Minta ais kosong, dibaginya  air mineral sama ais. Air suam RM1. Kualiti makanan out, nasi goreng kering. Student are not recommended.",negative
Mahal..lala isi kecik..udang 2 ekor..sotong ring 2 ja..untuk rm50..,positive
Mahal gila. Minum air pastu makan sotong goreng tepung tu ada berapa ketul ja sotong total rm40. Dasyat ya. Kalau lambat tu faham lagi sebab ramai malam raya tapi harga sampai 75/kg baik pi kuala perlis,negative
Hargaa makanan mahal,negative
Makanan yang di sediakan masin dan harga yang mahal.,negative
Makanan puas hati. Cuma banyak nyamuk. Musim hujan sekejap2 ni banyak air bertakung.,positive
Puas hati betul makan dekat sini. Ikan bakar pun sedap. Boleh makan tanpa pencicah. Sup daging juga sedap. Bawa client dekat sini makan memang semua puas hati. Tauke pun sangat peramah dan baik.,positive
kedai apa mcm ni shell out rm15 letak siput sikit dgn ekor anak sotong sekor.TAK BERBALOI DGN HARGA MAHAL.PATUT KEDAI TK RAMAI CUSTOMER,negative
"Sup Ayam utk Sorang,Tomyam utk Sorang,Telur Dadar,Teh O Ais 2,Air Kosong 1 & Teh O Suam 1...Nasi Putih 4 jumlah semuanya RM45.50....",positive
Mahal dan rasa biasa-biasa saja..not recomended..sorry,negative
Sedap gila makanan dia....terbaikk,negative
Makanan yang sedap dan servis pantas,positive
"Agak mahal. Kalau nak order, jangan order shell out. Rasa mcm siput retak seribu masak kicap ja. Takdak isi seafood lain sangat. Sotong pon dua tiga potong yg haluih. Banyak siput retak seribu ja. Tak rasa mcm shell out duk besa makan.",negative
"Makanan sedap, lokasi ok.. mesra pelanggan.",positive
Nasi set ikan temenung,positive
Superb. Sy makan cendol biasa rm5. Terbaik bro.. cuma kalau ada ais yg di mesin lagi bagus dan lebihbsedap rasanya. Makan shell out RM17. Sangat ok. Makan malam kenyang hingga ke pagi. Nanti nak pi try makanan yg lain pula. Anak rekemen kata sedap. Mmg sedap betul. Mai la cuba try test tengok.,positive
Makanan mmg terbaik..order la apa pn..berbaloi la bayar walaupn mahal skit dri kdai lain sbb portion stiap menu tu mmg byk..xrugi la mkn kt sni,negative
Maaf cakap...masakan tak melambangkan keadaan didalam kedai...macam tak ikhlas   nak masak bagi customer makan..,negative
Makanan goreng2 mcm2 ada.. buka pkoi 2 ptg tutup pkoi 2 pagi.. kalau lapaq time lewat2 mlm memang sesuai sangat.. makanan pon sedap,positive
Food sedap.. Tapi hampa kena tahan telingA dgn tokey... Depa jenis hingaq sikit.. Xpa no... Hihihi,positive
"makanan taksedap  tengok pinat review nampak sedap . order lambchop kentang masam , kuah blackpepper masin . order rib eye steak dapat sekeping daging nipis ja tak berbaloi betui dengan harga rm28 . spagetti bolognese tu lagi laa takreti masak kut. service pun lambat . apa pun boleh la improve lagi .",negative
"Sedap weh makan sini ,harga murahhhh gila",negative
Hidden gem restaurant in Perlis. Staff is nice and good. Price is cheap. The view is top notch. Makan sambil dikelilingi permandangan sawah padi dan dibuai angin sepoi sepoi malam yang sangat menenangkan. Nasi Rotisserie Honey Barbecues memang sedap dan lagi sedap daripada nando. Memang wajib datang sini kalau ke perlis. Pembayaran pun mudah. Cuma masa menunggu lambat sikit lepas order. Mungkin sebab chef sorang je. Boleh improve dari segi masa menerima makanan. Parking: Sebab tepi jalan and area rumah so susah sikit dia punya parking.,positive
Love la sebab akak tu baik. Senyum. Also the Tiramisu ice water so sedap. Btw Im vegan and eat tree  . I got my menu here.,positive
"Dah try 33 Rotisserie chicken (Ayam bakar @ Ayam golek) sedap! sb ada 3 flavour. SIGNATURE,HONEY BBQ dgn Peri Peri. Banyak option side utk makan dengan Rotisserie chicken. memang best ayam bakar dekat sini. semua menu western sedap !! Harga berbaloi dengan portion dan rasa. should try waffle feimes cendol dekat sini. menarik! Waffle dia sendiri pun sedap. Platting cantik, terasa mcm mkan dekat hotel! impress bila makanan sampai dekat meja! service tip top, staff x kedekut dengan senyuman. boleh parking kereta dekat sebelah dalam. Facility (tandas dgn mini surau pun ada) kedai dkt sini mmg underated! pakat2 mai bawak family, kawan2 semua naaa..",negative
semua mkanan sedp,positive
"sedappp , patty ayam tebal gila HAHAHA",negative
Makanan sedap...service terbaik..cuma kawasannya terhad..apa pun semuanya memang awesome..,positive
Sedap... sempoi,positive
"makanan so far semua sedap, harga berpatutan and portion pun banyak. Highly recommended. All the best.",positive
Makanan sedap dengan portion yang berpatutan dengan harga. Recommended,positive
makanan sedap padu murah berbaloi,positive
Portion makanan yang direview influencer penuh but bila sendiri pergi sangatlah sikit portion. service agak mengecewakan sebab ada makanan yang tak sampai but cust lain yang baru dtg dapat dulu makanan yang saya order,negative
"Ayam dalam video besar whole leg, bila mai order dapat drumstick kecik macam bagi kanak-kanak makan, air teh tarik pahit macam teh takde gula bila suruh tukar datang balik takde beza pun air, takyah mai pun takpa tak rugi, makan mamak lagi sedap. Sekian.",positive
"1st time try makan sini, dan sgt berpuas hati dengan rasa dan harga. Perapan ayam dengan kambing memang berasa lah org kata. Sos bbq pun sedap! Kena sangat bila makan dgn ayam n kambing tadi. Utk extra marks, ruang makan dan dapur nampak sgt bersih dan kemas. Nampak mcm staff pun melayan dapur mcm rumah sendiri. Insyaallah, repeat lagi",negative
"Sedappp nahh, boleh mai lagi",positive
"Sedap yang amat, mesti cuba",positive
"Brooklyn Burger sedap, mantap. Keep it up!",positive
Makanan sedap. Menepati citarasa. Servis bagus dan cepat,positive
"Makanan semua sedap2, berbaloi dengan harga",positive
Makanan super sedapppp.... Dah berapa kali repeat dah..,positive
Makanan ok sedap.. portion mcm biasa.. Service ok.. view pon cantik tepi bendang.. parking ja x bnyk..,positive
Makanan sedap..air pun sedap..sgt berpuasa hati... Terima kasih sediakan makanan yg sedap Dan layanan yg sgt baik,positive
"Sedap juga, rotisserie chicken with butter rice sedap sangat. Ayam sedap, nasi pun sedap. Burger sedap juga home made Patty juicy ja. Spaghetti aglio olia ok la cuma spaghetti tu agak over cooked. Layanan sangat tip top terbaik",positive
"Sedap lamb chop dan spaghetti nya, masakan seperti dari orang yang memang ada ilmu dalam masakan western, ada jiwa. Air dapat di upgrade lagi, keseluruhan memang berbaloi dan sedap!",positive
Satu set talam dapat membahagiakan semua org  anak hepi makan kt sini. Blh layan lagu. Makanan sedap,negative
"First time p dan merasa makanan depa pun mmg dah tergerak dalam hati nk bagi 5 bintang! Memang sedap sgt wehhh. Lagi2 burger tu lain dari yg lain, dia punya juicy tu kann fuhhh sedap x terkataa",negative
"Makanan sedap. Harga berpatutan. Kedai berhampiran jalan, senang untuk dicari. Will repeat again.",positive
Alhamdulillah.. Puas hati mkn kt sni.. Sedap2.. Layanan pun puas hati.. Staff peramah.. Tauke pn peramah.. Yg masak plak chef yaa.. Mmg terbaik.. Sngt2 recommended laa cafe ni.. Hampa wajib try mkn kedai ni.. Skali pi mesti mau lg la.. Hehe..,positive
Alhamdullilah tak pernah mengecewakan...makanan semua padu2....,negative
Citara rasa hotel...harga warong...makanan semua sdap2...recomended..,negative
Harga sangat berpatutan.. makanan sedap dan terbaik.. very recommended,positive
"Makanan sedap,price reasonable,view cantik tepi sawah. Recommended.",positive
"TQ Chef Anaz buatkn special request.. SIRLOIN STEAK...Potongan stik yang berair dan berperisa.Rasa daging yang lembut..Menepati citarasa. Chef bole masukkan dalam menu selepas ni yaa.. Menu yang sedia ada di sana  The Brooklyn burger homemade patty n bun...Ni pun sedap, patty rasa bahan2 yang diperap ditambah dengan bun yang lembut Chicken Loaded Potato Bluepea Lemonade  Menyegarkan tekak  Antara menu yg sis dah rasa.. TERBAIK Warga Perlis, Kedah dan luar kawasan utara bole singgah2 datang merasai kelainan menu yang ada  di sini..Selain dari itu di sini jugak ada menyediakan makanan sejuk beku dan perkhidamatan katering.. Eighty-nine Celcius TER",negative
"Tempat cantik sesuai untuk santai2 atau nk buat apa2 event (ada surau).yang paling penting makanan dia sedap,harga mampu milik kata orang.setengah orang mungkin akan tengok pada rupa paras bangunan tu saja tapi bukan pada rasa makanan tu sendiri.boleh spoil mood tau kalau makanan tak sedap walaupun tempat cantik . walaupun view dia x semewah tempat lain tapi tetap ada penggemar nya sendiri yang sukakan kesederhanaan.itu cuma pendapat saya je yg dh berapa kali repeat pon tak tau lah datang dekat situ..haha *Psttt..makanan dia homemade tau Kid-friendliness: Ada baby chair",negative
Terpadu ya amat...repeat tu pasti,positive
Bersih. Suka view rasa tenang memang layan makan. Harga berpatutan,negative
"Pilihan makanan seisi keluarga, harga berpatutan, service yang ramah dan mesra, lokasi yang tenang dan damai....recommended :)",positive
"Kedai baru makanan semua memba2 puji sedap.. nasi sdap ,burger sedap.. Sya makan lamb .. Kalau boleh lebihkan sikit portion lamb n sos black pepper time dpt sos tu separuh bekas ja..tapi rasa Lamb mmg SUPERB    DELICIOUS dgn lembut elok cuma portion ja bg sya mcm kecik skit.. kalau boleh ejus portion bg besar sikit lagi up harga pun xpa asalkn puas hati, sbb mmg sedap lamb dia kuah black pepper pun rasa lain dari yg lain.. mmg terbaik chef dkt sini",positive
Sangat recommended untuk orang yang suka western,positive
"Saya suka sangat salad dekat sini ! Dressing salad mcmni laa yg kita cari . i loveee it ! perfect However , aglio olio agak tawar   . please improve .",positive
Paling sedap di Perlis,positive
"Singgah cari2 makan dinner. Baru perasan ada kedai dekat2 dengan kawasan rumah. Mula2 tktau kedai apa pasai tkdak signboard. Tktau la kot ada, tp tk nampak. Kami order chicken chop, chicken steak, beef burger dan rotisserie chicken + spaghetti, semuanya sedap. Air minuman pun semua sedap, banyak dan murah2. Staff pun sangat friendly. Keep it up    Harap kekalkan kesedapan, nanti boleh mai lagi",positive
"Alhamdulillah sedaap sngat makanan2 at sni, mmng terbaik laaa dngn hrga yg berpatutan, rasa yg puas,  hangpa kena try yg pastii...",positive
Makan sedap.. chikenchop sedap .. nasik ayam peri peri sedap.. next time kita try burger plak.. terbaik la semoga maju jaya,positive
Very cozy place at the paddy field. Makan sedap. Ayam sedap. Spaghetti sedap. Must try their signature homemade beef patty burger. Sedap gilaaa. Puas hati makan,positive
Cozy and clean. Dim light...sesuai sangat nk becinta..hahah.. portion makanan sikit. Huhu. Nasib baik orang belanja.so xrasa muram sangat..staff is helpful dan baik. Good job adik waitress.,positive
"makanan padu, staff pun baik",positive
"Dua kali dah datang sini tetapi order makanan yang berbeza dari yang pertama kali datang. Sebab apa tempat ni best: 1. Tempat makan yang sangat sesuai bagi keluarga besar 2. Sangat sesuai untuk orang yang suka keadaan yang sunyi (privasi) 3. Portion makanan dia yang sangat banyak 4. Makanan dia tidak sama dengan tempat lain Satu lagi,tempat ini tidak sesuai untuk orang diet,hancusss diet wei",negative
"Suka makan English Big Breakfast disini. Rasa sedap dan portion banyak, boleh makan berdua.",positive
Sedapnya chicken chop. Family set sangat berbaloi dan sedap,positive
Looking goods.. Interior more to byk sgt ole2 aussie but mmg mendamaikan.. Makanan okay tp ayag trasa mahai sikit.. Layanan terbaikk... Cuma paking tu kena baca doa byk2 sikit laa,positive
Air dan makanan sangat sedap,positive
"Servis layanan TERAMAT TERUK YAA TAK TIPU. Walaupon dah bg tahu ada tempahan, boleh lak salahkan org yg tempah tu like the fish. Utk pelayan tu,awak pon pekerja kat situ kalau x de org dtg mkn, awak pon x de gaji. Sekian terima kasih atas servis yg teruk.",negative
"Makanan out, tak sedap and tak kena dengan harga. Staff sombong n berlagak nak mampus",negative
"Low service, Layanan staff tak sopan.",negative
Layanan yg tidak memuaskan.Kami telah buat tempahan awal tetapi layan staf amat kurang sopan. Amat tidak digalakkan utk datang!!!,negative
Best makanan sedap tempat luas harga berpatutan.,positive
Sedap Masakan melayu Perlis menyelerakan fasiliti lengkap dengan SOP dilaksana dan kemudahan Yang baik suasana menenangkan kampung laman Yang mendamaikan,positive
Harga berbaloi.. Suasana tenang layanan tip top,positive
Sangat sedap! Servis bagus dan harga murah kaw kaw ! Recommended!,positive
Murah & sedap,positive
"Sedap, murah, terbaik",positive
Boleh makan sedap murah...santai,positive
Tempat yang nyaman. Harga berpatutan dan sedap.,positive
sy balik bercuti dr raub ke perlis. adik bw ke sini...puas hati sbb murah2...paling best sy suka sgt teh ais ais krim vanilla n topping coklat...rm2 je wehhh gelas tinggi...sedap plak tu...,positive
Harga dan makanan memang terbaikkk,positive
Cafe kecil yg berkonsep makanan western dan murah. Jauh sikit dari pekan dalam 30minit. Makanan dia biasa aja. Tapi portion boleh tahan dengan harga semua menu rm5.00 dan air dalam rm2.00. Yg tak best dia kena tggu lama order memang sampai lambat itu sahaja harap ditambah baik,negative
Taubat sedap,positive
Murah dan sedapp,positive
Laman KAFE WESTERN Murah Murah,positive
"Kedai kopi yang terletak berhampiran Hospital Kerajaan Bolzhou mempunyai suhu rendah hampir 7:30 pagi, dan matahari baru sahaja hendak bangun, jadi seluruh iklim masih menyegarkan pada masa itu. Menunya ada masakan Barat dan Amerika, seperti croissant dan sandwic telur, telur dadar keju, pelbagai jenis nasi lemak, mee kari Cina, dll. Walaupun hanya sebuah kafe biasa, anda masih dapat merasai kepedulian kakitangan dalam penyajian makanan yang sememangnya sangat menyelerakan. Namun, ais teh hijaunya agak terlalu manis. Dikelilingi dengan suasana yang mendamaikan, anda boleh menikmati makanan yang lazat di bawah pepohon yang rendang sambil mengagumi pemandangan hijau di sekeliling. Anda tidak perlu terlalu mewah untuk menikmati pengalaman mampu milik ini.",positive
"Komen untuk penambaikan.. Lontong terlalu rasa serbuk  kunyit dan tiada rasa lemak. Nasi lemak tak rasa lemak, nasi keras (rasa nasi biasa, tiada rasa santan), Sambal cair (rasa masam - tak pedas  ).. kami hanya enjoy makan Peknga (kuah cukup santan   )",negative
Nasi lemak sedap... mee kari sedap.. menu lain belum cuba lagi...,positive
"Byk pilihan menu, harga affordable and environment yg sangat chill",positive
Kid-friendliness: there is a playground Food,positive
Kena tunggu 1 jam makanan baru Sampai... service sangat slow...air dah abis minum tapi makanan tak sampai2...1st n last datang.... customer ramai minta refund sebab tak Tahan kena tunggu lama,negative
Makan sedap & tempat best,positive
Selesa. Luas mata memandang.,positive
Terbaik.....,positive
Pkol 10 nasi lemak dh habis. AIR SEJAM baru smpai. meja bnyk..dh expect kot rmai org.. SERVICE TOTAL OUT..BOO,negative
Mantap ... Rojaaaa,positive
"Suasana best , makan best , inshaallah repeat",positive
Mknn biasa2 saja. Sistem order n waiting time tu cepat jugak. Environment tenang2. Harga pon ok la reasonable.,positive
"sumpah mi kari dia sedap gila! sangat recommended. servis ok juga. dapat makanan less than 30 mins, ok la walaupun ramai orang tak tunggu lama sangat. harga pon ok. boleh repeat lagi",negative
"Tempat dah elok , makanan dah sedap tapi servis lambat . Orang lain yang mai kemudian pun makanan depa sampai dulu . Kami tunggu lebih setengah jam , makanan tak sampai2 . Please improve your service . Tq .",negative
Environment ok nasi lemak bagi saya kureng sikit crossaint ok lah koteaw sedap telur setengah masak tak sampai kesudahannya air kosong lain ais lain harga maybe salah saya order haha,negative
Layanan yang bagus,positive
"Tempat santai di Kangar where you can enjoy your breakfast while Listening to live busking Menj sarapan limited. Kueh teow theng sedap. Lontong sangat sedap, portion banyak. Chicken bagel ok2 saja. Bagel is not as  chewy  as what bagel supposed to taste. Kawasan bersih. Staff friendly",positive
"Terletak di Bandar Kangar, bersebelahan taman rekreasi dan padang. Terdapat pokok-pokok yang meneduhi. Makan sambil menikmati pemandangan hijau dan juga kereta lalu-lalang dari sudut jauh. Kami telah pergi beberapa kali pada hari bekerja dan mencuba beberapa menu. Antaranya Nasi Lemak, Roti Bakar, Lontong, Mee Kari Chinese Style, Croissant Egg Sandwich, Cheesy Omelette, Bandung Ais, Jagung Ketagih, Green Tea dan Milo Panas. Kesemuanya sedap dan ada rasa. Kami tidak menunggu lama untuk makanan dan minuman tiba. Presentation makanannya nampak menyelerakan. Stafnya baik. Berbaloi dengan harga, makanan dan minumannya serta suasana yang tenang. Tempat letak kenderaan juga mudah.",positive
+-30 minit tgu baru dpt ayaq .,positive
Sy ordered Omellete Cheese tp yg dtg American Breakfast dgn Scrambled campur cheese. Dik Non tlg google tgk camne bentuk Omelette Cheese bkn main bedal ckp dlm gambar ni Omelette Cheese. Failed Terus. Nk vibe omputih tp xtau Omputih nye breakfast.,negative
Cafe ni baru jer dibuka..makanan pun menarik..tempat pun cantik dan selesa.,positive
Hebat. begitu banyak pilihan makanan laut di sini & harga sgt berpatutan. tak usah risau pasti balik bilik dgn perut yg penuh.,negative
Kena hati hati masa order... Suruh peniaga kira selepas kita order.. Kalau rasa mahal.. Cancel je order..  Cari kedai lain.. Jgn makan dulu baru bayar... Nanti kena cekik...,negative
"Kid-friendliness: The liquor store just came back from a row, very unfriendly to customers",positive
Hati2...kedai ujung sekali aku dan kawan dah terkena..menghadap masjid...Rm 300++...terkejut... Sblm ni mkn kat kedai lain...murah... Tp dh nk try kedai tu p la... Dh terkena...mintak kurang dpt la rm5... Tobat x p dh...,positive
"Asap memenuhi ruang udara sebab bakar ikan/sate dll. Makanan sedap. Ikan siakap 100g rm5. Sekor ikan boleh masak 2 jenis. Sayur kailan sedap. Sotong celup tepung pun ok. Kena pilih sendiri lauk2 yg kita nak dan harga siap masak. Shellout je takyah pilih sebab dah ada set. Takde menu utk baca, just order kat tempat pilih2 ikan. Air 1 kedai je, nanti dia datang ambik kat meja dan bayar masa dia hantar air. Kawasan kurang bersih sb tepi jeti kot.",positive
"Makanan laut nya segar, sedap & harga berpatutan. Kami order bermcm2 jenis lauk. Alhamdulillah..Mmg puashati. Terbaik",positive
"Aku dtg sini 730pm..8org smua nya. Kami order ikan bakar dan lauk2.. 915pm baru mknan smpai.. Kami order 2set, set kedua smpai lepas 20minit itu pn selepas kami pegi bising tanya sbb meja sblh yg baru smpai dari kami dpt dulu harga makanan sgt mahal utk mknan yg biasa je rasa nya. Kerang tu 1kg rm38 kena beli juga sbb anak nak makan.order air plak ceroi teruk  Toilet totally hauk ni dah 2022. Dah tau tempat tumpuan pelancung tlg lah buat something dgn toilet tu utk keselesaan kami customer. Mybe ramai org dtg sini sbb View sblh laut.. Last buat kami lah, xda lah nak dtg lg.",negative
"Banyak kedai di sini, agak sukar memilih. Boleh pilih ikan sendiri   per 100g bukan per kilo mcm pasar hari. Yg mai dgn anak2 yg kecik boleh guna kaedah mcm set utk berapa orang jika tak harga mahal la kena sebab kita pilih banyak2   semua berat2.",negative
Sedap dan harga berpatutan..ikan fresh2..kedai eida ikan bakar sgt friendly ..recomended,positive
Very late services and cekik darah,negative
Kedai Melayu Harga Yehudi,negative
Ada kedai yang bagus Dan Tak bagus...kena pilih elok2..Ada tu masakan ntah apa2..,negative
Banyak pilihan kedai. Makanan segar dan rasa boleh tahan but a bit pricey.,positive
Sotong celup tepung dan jenahak bakar syok,positive
torbaekkkkkk.... arge pn berbaloiiii.... klu blh... nk repeat lg,positive
makan sedap.,positive
Jeti Kuala Perlis,positive
banyak pilihan untuk makan malam... especially seafood,positive
Harap dpt perindahkan lagi ruang tempat makan...view dh cantik..cuma tiada ruang pejalan kaki...,positive
Boleh makan,positive
I love malay food  nyum nyum..,positive
"Order nasi paprik. Sorry, paprik langsung tak sedap. Dri kecik dh Tau rasa paprik lebih kurang tomyam , wrna kuah merah2 gitu. Tpi FIRST DEKAT RESTORAN ARIFFIN NI ! kuah paprik wrna putih , rasa pun jauh sekali . Tktau la Salah buat ka apa. Dah la lambat siap . Pstu tak sedap plk hm . Hshs. Dah la first time order. So ni first n last. maybe  . Koewteow koprat ? Kuah dia mcm air kosong letak Lada . Taksedap. Hah sori untuk kejujuran ni",negative
Makanan mualaf terbaik Perlis..Masakan melayu,positive
Makanan sedap ..Pak Pin sporting,positive
kedai nasi goreng legend kat Perlis,positive
7 keturunan dah duk mari makan sini..paduu kotiaw hailam dan kotiaw goreng,positive
Try mee bihun kuetew korporat kat sini. Terangkat baq hang.,positive
"Nasi goreng paling sedap seumur hidup saya, ke mana saya pergi pun saya akan pulang ke Kangaq untuk makan nasi goreng Pak Pin!!! Alhamdulillah..",positive
"Makanan dah tak sedap, portion sikit dan mahal. Kedai pun tak bersih sangat pun. Tak perlu bazir duit makan dekat sini. Makan dekat tempat lain lagi bagus.",negative
Restoran yang dikenali sekian lama. Trademark menu adalah nasi goreng. Cuma rasa nasi goreng tak sama seperti dahulu kerana tukang masak yang berbeza. Bihun ladna adalah yang terbaik antara bihun ladna kedai-kedai makan di Perlis.,negative
Nasik goreng dengan sambal belacan terbaik,positive
Saya suka mkn bihun sup sayur kat restaurant ini.. Sedap sgt.. Tapi pekerjanya kurang mesra....,positive
Bihun Hailam terbaik,positive
Makanan bergoreng dan berkuah yang sedap.,positive
Kupang busuk..,negative
Shellout. Bukan nasi arab. Sekian.,negative
"Walaupon ramai orang, tapi tempat masih tidak terlalu sesak dan bersih. Masakan shellout mantoppp. Ikan jenahak bakar, kerang dan sotong berbaloi untuk ditambah berasingan bagi lengkapkan shellout. Air paduu bak anggg.",negative
MAKANAN SODAP. HAMPA KENA CUBA,positive
"Dtg sini makan shell out , cs western dia biasa and overprice",positive
Boleh tampung kapasiti yang ramai sebab tempat yang luas dan selesa.. Makanan sedap..,positive
"Shellout first aku kenal, dengan Arab lah.. Kepala Batas. Tak pernah gagal.. tapi tiba2 di Kangar 1 hari tu. Aku minta nasi tambah, 2 waiter aku minta.. 2 2 sidai tak bagi aku nasi tambah. Elok bangun nak bayar, boleh pulak dia hantar nasi tambah untuk table sebelah.. So maaf lah, kalau nak makan.. aku suka Kepala Batas lagi, staff dia cergas",negative
"Service mantap dan laju, kedai sngt selesa sesuai untuk semua golongan usia,harga berpatutan. Parking: Kawasan parking tak banyak tapi oke. Parking senang jumpa di kawasan depan pasaraya. NICE",positive
"Parking banyak. Pilihan makanan pun ok. Cuma saiz ketam, lala bjasa jaa. Portion makanan ok. Kalau lambat mungkin pack cket.",positive
I Pelancong. Ingatkan kedai nasi arab hahahaha dah lapar bawak kereta tengok nama arab. Waktu order tengok2 shell out. Dah lapar Try set shell out for 2pax RM39. Makanan laut segar walaupun banyak lala je dr sotong udang & ketam. Kuah agak manis. Parking: Parking lot free luas. Bagus !,negative
Shelout paduuu. Ayaq pn sedap. Kawasan bersih sekitar restoran. Servis mantap. Staf mesra pelanggan. Terbaikkk,positive
Tempat shellout dgn harga berpatutan,positive
"Tiada makanan arab di sini, shell out dia sedap",positive
Just nice. boleh bawak family makan sini. Harga pun OK.,positive
Rsa puas hti lah...mkn pon tk pedas sngt...nudak2 pon bleh mkn,negative
"Ini bukan kedai nasi arab tapi kedai shellout, ada jenahak / siakap bakar",negative
Sedap dan harga berpatutan.,positive
Bad service..sy order dulu tapi table yg lmbt datang yg dapat dulu..lepas tu dh bagi tahu pun still xde ape2 perubahan.. sy dah la bawak anak kecil dah lapar ..lepas tu xde solution yg baik..kalau nak meniaga elok2 la jaga customer..sy mmg x puas hati..,negative
Order ikan jenahak sedap. Air ada byk pilihan. Kuantiti banyak utk 2 orang. Berbaloi. Tak ada masakan Western dkt cawangan ni utk waktu skrg,positive
"Menu jarang dijumpai dikedai lain, masakan sedap dan konsisten setiap kali berkunjung. Koteaw kerang paling saya suka disini.. Parking: Parking untuk 15 kenderaan Kid-friendliness: Yes Wheelchair accessibility: Yes",positive
Nasi sambal pecal perhh sedap,negative
Ayam gepuk nice n murah,positive
"Boleh la sedap, makanan pon cepat siap    cuma air manis huhu.",positive
Sedappp boh,positive
Sedap Masakan,positive
Ayam gepuk sedap. SAMBAL terbaik!,positive
Sambal gesek perhhh boleh masuk mimpi oiitttt bahahhahha,negative
Daging itam sambal gesek    not bad! best sambal gesek in perlis + murah,positive
Nasi ayam gepuk pedas tapi SEDAP,positive
My favorite: Nasi ayam cili hijau & Laicikang! Warning: utk yg tahan pedas sahaja,positive
makan ok sedap,positive
"seafood fresh, portion banyak.worth every penny. sedapp! boleh bawak family lepasni",positive
Makanan sini boleh la. Tema street food tapi ada kabin kabin. Kedai tak banyak bukak sebab cuti Harga tak mahal sangat. Service pon okay. Tak perlu tunggu lama Tempat cantik lampu lampu banyak. Menarik nampak,positive
"overall sedap, flavour banyak, seafood pun fresh2. cuma tak syok sikit sebab ada pasir2 sikit dalam lala. saya yakin boleh improve lagi . customer service",positive
Sumpah sedap buttermilk dia. Service dia pun best ..,positive
"Makanan memang sedap, boleh repeat. Lagi2 nyonya style sedap",positive
Seafood banyak.. kuah sedap. Ambik yang nona style.. puas hati sangat,positive
Puas hati masakan nyonya n buttermilk..tokey recommend mmg padu...next time datang Perlis wajib singgah sini lagi..,positive
"SANGAT-SANGAT RECOMMENDED untuk semua  Wajib cuba kalau dtg perlis. First shellout yg ada banyak masakkan, boleh pilih ikut citarasa and tekak sendiri  Masak lemak, Spicy buttermilk memang TERBAIK!!!! tak akan dapat rasa mcm ni kat mana2",positive
"Buttermilk terbaikkk...  Wajib try kedai ni, siapa pergi perlis wajib try kedai ni",positive
Rasa pasir,negative
"Makanan sedap, persekitaran selesa & layanan terbaik Parking: Luas & selamat Kid-friendliness: Kerusi kanak-kanak disediakan & ada meal utk kanak-kanak",positive
Convenient place. Makanan sedap kena dengan tekak. Harga berbaloi. Salted egg shell out dan teh tarik terbaikkkk.,positive
Sedap sangat shell out ni.. student sesuai pergi dekat sini.. recomended sgt,positive
"sedap, best",positive
Try pun sebab tengok review kat google. Memang mantap ya. Sangat sedap. Sambal yang padu ya. Tadi try nyonya style dan sambal tumis. Ketagih haaaaa.,positive
Ok .sedap,positive
Datang dari Putrajaya ke Perlis memang semata-mata nak singgah kedai ni je. Memang sedap. Saya order set untuk 6 orang tapi makan bertiga saja. Puas hati,positive
"Boleh tahan sedap... TAPI boleh tambah jagung,etc dlm shell out",positive
makanan sedap. harga berpatutan dan service pantas. pekerja ramah. terbaik,positive
Makanan boleh tahan la tp better ambil buttermilk Dr menu signature dia iaitu nyonya sauce Kut tak silap. And nasi putih nya sikit je tp harga Rm 2.00.,positive
Terbaikkkk.....memang sedap Alhamdulillah akan datang berkali2...rugi sapa x  try...,negative
"First time makan kat sini, seriously SEDAPPPP!! RECOMMENDED! Kita repeat lagi nanti",positive
Padu bosss...,positive
macam rasa chef hotel yang masak . harga yang sangat berpatutan. rugi tak try,negative
kedai ni mmg sedap . dari kedai dkt kl lg . semoga berjaya,positive
makanan memang terbaik ... tempat selesa,positive
"Servis ok...makanan fail trus,chiken chop keras",negative
Tunggu sejam last dia cakp  makanan abis. Dan tak tahu ada order dari kami. Sedangakan bayar dahulu seblum mkn. Buang masa shaja. Org yg seblum kami order semua dapat dah.  Kami hanya menunggu shaja. Buat apa ambil order kalau tahu x boleh buat.,negative
Makanan kurang enak ..minuman lambat..kertas order kecil hanya singkatan ..menu order tidak ber nombor.  Hanya sekadar viral bila makan tidak memuaskan,negative
"Makanan ok, kuantiti pon banyak",positive
Ambik family set.. amat berbaloi portion tu..sedap.. staff pun friendly.. cuma ada bnyk nyamuk,positive
"Kali kedua datang untuk makan petang, kami order 1. Nasi Goreng Biasa - Sedap dan banyak 2. Nasi Goreng Chicken Chop - Nasi sama dengan nasi goreng biasa (sedap) dan Chicken Chop pon sedap tapi sauce blackpepper kurang sedap. Maybe kalau rasa pepper tu lebih, lagi best. 3. Nasi Goreng Daging Bakar - Sedap dan daging sangat lembut Total sekali 3 air dalam RM46 Masakan goreng-goreng dia memang sedap dan harga pon okay dengan portion. worth to try",positive
"Menyesal buka puasa kat sini, kami pergi sekelas pd 1 april dn telah book awal. Tapi makanan datang lambat dn kami semua berbuka 25 minit lambat dri spatutnya. Dengan makanan x cukup la apela. Sangat tak memuaskan...management kelaut. Nak buka puasa sini elok la pikir 2 3 kali nah...",negative
10min selepas waktu bebuka baru dapat air. makanan dapat 30 min lebih! selepas bebuka. kuah black paper cair. JANGAN BUKA POSA KT SNI!,positive
"Chiken Cop Keras, sejuk, kentang pun sejuk, kuah black papper out terus, pelayan tak mesra. Tak berbaloi lansung.",negative
Boleh la kalau nak ulang p makan. Agak sedap,positive
"Staff sangat biadap, staff tengah serve makanan sambil betulkan rambut, kelimumur masuk dalam makanan. Minta resit tapi takda. Dalam minuman ada semut. Review kemahenn, tapi sangat teruk. Kalau boleh staff ajar sikit adab dan etika kedalian makanan. Not recomended and never repeat again.",negative
Servis lembap nk mmpus order ayaq ja pun nk dkt 40 min mkn sejam bru smpai review bkn main lgi puih,negative
Makanan yg sedap dan perbagai jenis mkanan seperti western dan nasi,positive
Service agak slow .. tnggu air lama .. air dh lama siap tapi smua bz x sempat angkat ..mkanan smpai x ikut turn ..ada customer yg baru dtg dpt order dlu dari customer sblom,negative
Kalau blh taknak bg star pon. Teruk betul service kerusi x cukup pon x tolong carikan. Dh duduk 15 minit nk order baru dtg cakap makanan dh habis. Sepatutnya customer otw masuk dh bagitau. Sory xda maaf lagi lah xda. Too bad. Semoga bakrup,negative
"Mula tu dah bad mood sebab nk mkn weatern tp menu tu start jam 5  tapi lepas 2 jam tgu n dpt jugak mkn western food set dinasour  berbaloi mknn sedap, harga murah n pekerja yg serve tu sgt peramah. Tapi casher dia, sombong sgt.",negative
"harap owner boleh pantau kualiti makanan. saya nak try sini pun sbb nampak influencer tiktok review dan mmg nampak sedap. bila makan sendiri, mengecewakan. wedges ok tp spageti bolognese tak rasa mcm bolognese & terlalu masam. husb makan spageti jugak, tak masak betul2.",negative
Makanan sedap dan berbaloi dengan harga.,positive
Laksa agak sedap + laici kang memang terangkat abis...harga amat berpatutan,negative
Terbaik. Kawasan makan yang sangat tenang. Permandangan pantai yang memikat jiwa serta pengunjung dapat merasai angin bayu dari laut. Terbaik. Sesuai untuk pergi bersama keluarga.,positive
try oder abc susu sdap ni...,negative
Pemandangan indah sewaktu matahari terbenam di sini.,positive
Permandangan cantik... Tempat mkn bersih.. Harga murah... Cuma typical melayu nyer bisness... Kedai provide ice kacang tp nk order kuih kedai sblh tak boleh.. Kena g order ambil sendiri... Padahal dekat sgt jer pun n staff ramai.,negative
Tempat yg cantik nyaman udara lautnya emmn terbaik,positive
Ok.. Sedap.,positive
Ok ..sedap,positive
"Nice food..cendol ,fried kuey teow,laksa,mee kuah,pasembor",positive
Special local delicacy for perlis people,positive
Place must eat in perlis,positive
Vegetarian options: Vegetarian fried rice Food,positive
1 2 1     +  + 2 3 4   sotong 5               + 6 7 8 60/100,positive
Mana pernah pergi makan kedai cina weh. Fitnah ni,negative
Reyas Corner terbaik,positive
Mai sini tgk ada viral dekat Perlis aktif.. xsangka semua aedap... ada pelbagai menu di sini.... semua dah rasa.... semua sedap2... boleh la bwk mai family dari kampung makan sini nanti...,positive
Semua sedap... teh masala depa power... rasa fresh gitu.. boleh repeat lg lepas ni... Trbaik,negative
Semua sedap2... fav sini nasi beriyani lamb shank...padu terukkz,positive
First time makan kat reyas.. sedap gila.. Xpernah rasa gulai padu macam ni kt perlis... Nanti boleh mai lagi... Terbaik reyas corner,negative
Nasi padu harga berpatutan,positive
"ngam kena dengan tekak, terbaikk",positive
Paduuu kene kene kene ! Harga student berbaloii,negative
"sedap tak terkata mat, boleh mai breakfast macam macam menu ada, owner pun sporting gila Parking: parking banyak dan senang",negative
Sedap bakhang,positive
Padu miaa,positive
Alhamdulillah smua sedap.... Terbaik reyas corner... Antara favourite kt sini mee goreng mamak combo ngn teh masala depa... Padu terukkk,negative
"Terbaik. Kedai kegemaran kami sekeluarga. Sini semua sedap. Nasi kandar, roti arab, roti canai semua kuah padu. Harga pun tak mahal, berpatutan. Suka macam tosei di sini, nice.",positive
"Sini semua sedap. Nasi kandar, nasi lemak legend, beriani semua sedap. Kuah semua padu. Kena dengan selera. Terbaik",positive
"First time makan kat reyas, makanan tu ok la biasa2 jer, sudu Kotor nasib baik perasan. Ayam goreng agak mentah kat dalam tak masak habis. Tolong jaga kebersihan sama yer reyas",negative
"You guys kene datang sini, mmg recommended untuk siapa cari nasi kandar dan air tiga layer di perlis, memang sangat sedap dan yg paling saya suka kat sini nasi briyani mereka   .. harga pun berpatutan .",positive
"Terbaik.... tmpat fav... semua sedap2 belako.. nasi kandar mantap, Reyas beriani terbaikkk surr",positive
terbaik reyas corner. nasi kandar sedap gila,negative
nasi kandar paling sedap pernah aku makan. kuah dia surrrr,positive
Nasi kandaq paling padu di perlis even aku orang penang aku suka dgn nasi kandaq reyas. Kuah sedap ayam panas panas. Paduu beb!,positive
harga makanan berpatutan. nasi kandar sedap gila. berbaloi habiskan duit kt sini. semua sedapp,negative
"Kedai ni memang terbaik. Menu semua sedap2 harga berpatutan pulak tu. Siap ada special price untuk student. Memang ngam lah untuk student2 uni ni.  Bukan setakat nasi kandar dan biryani ada jugak goreng2, dan pelbagai menu untuk sarapan pagi. Very recommended!",positive
"Kat sini sesiapa yang suka makan nasi kandar bole cuba makan di Reyas Nasi Kandar yang terletak bersebelahan ngn ummul motel arau dan bertentangan jalan ngn Masjid Negeri Arau.Turun dari KTM Arau,kalau lapar tak tahu nak makan apa..bole meh singgah makan kat Reyas Nasi Kandar..lebih kurang 100 m cmtu.. Saya suka makan kat kt sini sebab harga pun berpatutan..Nasi kandar kat sini memang terbaik dan sedap.. sesiapa yang gemar makan nasi briyani special pun ada..Nasi briyani setiap hari isnin sahaja..Nak makan nasi lemak pun ada kat sini.. Nasi lemak kat sini memang sedap..berbaloi.. Makanan ringan2 pun ada kat sini.. roti canai,roti arab, cappati,tosei  dan roti telur gedik pun ada kat sini.. Tak rugi, makan kat sini..",negative
"Hidden gem Nasi Kandar di arau. Nasi kandar dia sedap,  bagi saya lagi sedap dari Yasmeen. Harga pon berpatutan.",positive
"Breakfast sodap. Ada roti canai, nasi kandar. Kuey teow kerang sedap. Kalau turun di stesen KTM Arau, mai pekena nasi kandaq dulu. Lebih kurang 100m dari stesen KTM Arau.",positive
Bak kut teh,negative
tenang sangat makan kt sini.. tmpt ni underated huhu. tempat yg sangat cantik dan layanan baik dari waiter..  makanan pun not bad sedapp.. 8/10 repeat tak? yess akan direpeat! kt sini tak ramai org pagi.. so seronokk sgt hehe,positive
Banyak kali sangat dah repeat sini ! Best . Not too pricey.. makanan pun okay.. sedap..,positive
Suasana baik tetapi terima order lambat (30-45 minit),positive
Sapa yang mai Perlis sangat sangat digalakkan mai tang sini....makan sedap....cepat...yang best tokey peramah...memang puas hati la...,positive
"agak kecewa tunggu makanan lambat sampai utk makanan nasi lemak, buang masa tunggu lama kat situ..sedangkan org yg baru sampai dapat makanan dah..perlu perbaiki lagi, kena tambah ramai pekerja",negative
Suasana bendang yang menarik makanan harga berpatutan portion pun banyak worth it love it,positive
Sedap dan healing,positive
"Datang Hari public holiday ramai, boleh upgrade lagi system order Dan penghantaran makanan. Makanan sedap, bubur sum sum, roti telur gedik Dan nasi lemak menu Yang Kami makan. Nasi lemak sedap Cuma ikan bilis kurang rangup masuk angin hehe. View sangat cantik Dan menenangkan. Cuma jika hujan kurang tempat berteduh",positive
Makanan Sedap dan boleh datang lagi. Tepi sawah. Banyak spot boleh ootd. Telur separuh masak memang jadi.,positive
Makanan boleh tahan sedap..yang best tepi sawah...banyak angle boe ootd..,positive
Spaghetti mafia mmg terbaik,negative
Masa kami pergi hujan. Angin + hujan kami basah walau ade payung lebar ats meja tu. Lpasni kne adjust kwsn brtutup skit spaya cust tak tempias hujan. Roti Pool mmg sedap gile. Terbaik ah. Menu masakan johor. Sedap2 semua. Ade jugak western. Carbonara spageti dia portion banyak. Budak2 boleh kongsi 2. Kacang pool dia pehhh mantop pak abu. Minum teh tarik fuhh padu. Nk repeat lagi nk try asm pdas & mee bndung . Kami mmg cri mknn mskn johor pasal kami org johor (muarian) hehe,negative
Food & vibe mmg terbaik wit reasonable price,positive
Spaggeti sedap tnggu free nkpi lagi sedap sngt,positive
"Meatball cheese superbbb! Kacang Pool pun sedappp.. Must try.. Harap maintain rasa sampai bila2 na.. semoga terus maju jayaaa   Gambaq takdan ambik sbb tak sabaq nak makan hahaha. Environment pun just nice tengah bendang, angin sepoi sepoi bahasa. Memang healing",positive
"Le cucur udang pour seulement 4rm est une vrai dinguerie, je recommande",positive
Layanan Tip Top,positive
Sngt sedap... 100% muslim,positive
"Anda semua d persila kn datang ke Kafe Ikhwan ni. D sini ada mee rebus ketam, pasembor ketam. Harga berpatutan rasa ny pun sgt sedap. Tak rugi mai jauh2 makan d sini. Semua depa buat sendiri dro mee ny, fish cake fish ball semua ny hasil tangan org Muslim. Di persila kn jemput lah mai pekena.",negative
Tempat menarik. Makanan sedap. Tempat bersih.,positive
"Pasemboq , Mee Rebus, semua sedap",positive
"Lazat, Suci&berkat...",negative
"Muslim Restoran, nasi ayam, mee udang, mee ketam, chicken chop, cabonara,. Cucur Udang Power.",negative
"Sedap, service laju, mesra pelanggan, menutup aurat, menjaga solat, dan bersedekah",positive
"Laksa sini sedap. Mee rebus ketam fuhh....  terangkat, ada sekor ketam lagi... Harga pun patut sgt",positive
special...sedap,positive
"Serve other popular menu such as nasi ayam, cucur udang, cucur ketam and mee udang",positive
Hidangan kedai teruk. Kuah chicken grill hangit & kuah black pepper masam. Tukang masak lain ke? Harga satu plate RM12. Tapi sorry jgn dtg kedai ni untuk makan western. Air coffee boleh terima.,negative
Ada byk pilihan juga di sini,negative
"Chicken chop portion mantap, berbaloi dgn harga, fries bnyk, terbaik, mmg puas hati walaupun first time dtg",positive
Chicken chop padu..portion banyak..xrugi makan situ..recommended!!,positive
Makanan boleh dikatakan X mengecewakan lah. Suasana kedai dia mcm kedai di kampung tu dan kecil saja. Might be a turn off untuk sesetengah org. Fries dia bagi aku terlalu byk. Dan kami order chicken chop 3 tapi sampainya dua saja. Order teh ais 2 sampai extra 1. Maybe boleh perbaiki dalam bab ambil order? Tapi disebabkan fries dia byk kenyang lah jugak walaupun sampai 2 saja chicken chop.,negative
Portion berbaloi dgn harga.,positive
Boleh datang cuba resepi yang twrdapat disini. Sedap dan harga amat ekonomi,positive
terbaik layan pun bgus,negative
Sedap gila ayam madu dia,negative
Makanan okay boleh diterima tapi layanan kepada customer teruk tidak mesra pelanggan saya dah dua Kali datang dua Kali jugak layanan yang Sama diterima sola perbaiki service anda terima kasih,negative
"Wadey for breakfast... Digoreng panas2 setiap pagi. Cicah dgn kuah dhal atau kari mamak... Selain dari itu, ada masalodeh kuih bom, tosey & roti canai yg sedap disini... Best to tapaw & makan bersama keluarga dirumah... One of the old mamak join in Perlis.",positive
"Makanan okay, tapi layanan agak teruk , meja kotor tak dbersihkan, ayam tak masak , roti dhool tak buat lama nau tunggu",negative
"Boleh try thosai masala dan poori kalau singgah breakfast. Chutney putih dan merah tu sedap! Nasi kandar pun boleh tahan, tapi biasa je lah. Will repeat next time craving mamak in Kangar.",positive
"Minta maaf, Saya dapat service yang paling tidak memuaskan. Saya sudah order makanan tapi setengah jam baru sampai. Sedangkan orang yang baru datang yang dapat makanan dulu. Kalau nak panggil Waiter, saya pun tak tahu sapa Waiter dalam tu. Jadi saya trus inform ke tukang masak. Please baiki service kalian. Your Restaurant foods quality was delicious but please fix your Restaurants sevices. Thanks",negative
pekerja tiada budi bahasa....tidak hormat pada pelanggan....,negative
Sedap murah kena try,positive
"Menunggu tidak ambil pesanan, tidak mesra, kedai panas, kurang bersih.",negative
Nasi kandar ayam madu dia terbaik,positive
Makanan sempoi... pekerja mesra.... harga mampu dalam zaman covid ini....,negative
Makanan Minuman sedap selera mamak Perlis perkhidmatan terbaik layanan pekerja cemerlang tahniah Rahmatullah Dan Ramjan serta keluarga,positive
"Nasi kandar ayam Bawang terbaik Ive ever tried. Teh tarik pun seeddap.. X manis sgt, x tawar.. My feveret",positive
Nasi Kandar versi Melayu Perlis terbaik,positive
Masakan makanan India Muslim (mamak) terbaik perlis,positive
Nasi Kandar Melayu ..terbaik Di Perlis,positive
Makanan yg disajikan memang sedap dan harga yang dikenakan memang berpatutan. Namun perlu ditambah staff bertugas untuk melayani pengunjung.,positive
X pernah mai pun,negative
"Expensif prices.....kerabu mangga RM 28, Kailan  ikan masin RM 19.....too expensif",positive
Makanan sedap. Murah. Sekali pegi xpuas. Kena pegi byk kali,positive
Semua okay sedap tapi xda spageti n mushroom sup n beger...harga berpatutan pastu staff baik n mesra,positive
Kebersihan kedai 4 Layanan staff 5 Kepelbagaian menu 5 Kesedapan makanan 4.5 Harga $$ berpatutan Pengalaman pertama kali makan disini adalah sangat berpuas hati. Portion makanan memang banyak. Sedap. Berpuas hati. Saya order Nasi putih + tomyam campur + telur dadar dan nasi goreng cina. Tomyam padu. Nasi goreng berasa sedap.,negative
"Saya pergi tgh hari td, dapat sup basi, dah kita inform x dak pulak mintak maaf ka ganti baru ka, harga murah sikit ka, kita inform kat pelayan dia diam ja then amik sup tu masuk dapur balik",negative
"Nak try makan sini sebab kawan2 semua kata sedap but bila dah pergi memang indah khabar dari rupa. Kedai tak mesra pelanggan, lebih mengutamakan pelanggan yang take away macam foodpanda dan grabfood. Kalau nak makan dine memang aku tak prefer sebab tersangatlah lambat. Aku order tomyam ayam, sup ayam, mee bandung, telur dadar dan sambal belacan. Tunggu dekat sejam baru sampai tomyam semangkuk, then tunggu another 15 minit baru dapat sup ayam. Mee bandung dapat lepas 20 minit menunggu. Paling best telur dadar dengan sambal belacan sampai nasi dah habis makan pon tak sampai2. Aku cancel sebab yerla takkan nak ratah telur dadar dengan sambal belacan last sekali pulak. Orang order sambal belacan sebab nk makan dengan nasi. Kalau sampai paling last aku nak ratah ke sambal tu? Makanan takyah cakap masin gila. Harga pon agak pricey untuk makanan yang tak berapa nak kick. So yeah mungkin owner patut buat untuk take away jer tak perlu dine in kalau lambat sampai macam tu sekali",negative
"Makan ikan bakaq sambil layan angin laut, peehhhh nikmat doniaaa",negative
"Mkn udang butter semata2 goreng dgn butter tak ada sehelai pun daun kari, udang sambal petai..petai yg display segar2...yg dimasak petai yg kecut dan lama, tomyam ayam terlalu merah menyala isi syam kurang , sotong goreng tpg, ikan jenahak separuh bakar, separuh steam, kailan ikan masin yg ini2 ok lah...tapi portion hanya satu org nasi lima total RM 182.50 paid RM182.00...mungkin harga ini ok kot...tak tau rate kat sana",positive
Rasa out.maaf cakap.ikan tiga rasa yg tak dak rasa.ikan bakar yg dok rasa serbuk kunyit yg tak sebati dlm ikan & sayur ikan masin yg tak berapa.Terpaksa telan gak sbb pikir sayang nak buang.Harap dapat improve masakan.Insyallah boleh.,negative
The best seafood in this area... ETA kedai no 1 ade sampan kt kedai dia letak all the seafood,negative
"Char kuoy Tiew 1, Teh o limau 1 , total rm10. Sebelum ni bukan harga ni.. dan taste, tak macam sebelum ni. Rasa kurang dari sebelum ni. Kuoy tiew rm6. Bulan lepas. Order char kuoy tiew dan teh o limau juga, 2 sets, total tak sampai rm17. Taste dia lagi padu. Di belakang kwsp kangar , 2 minggu lepas. Ini yg malam ni, cukup hampa..",negative
Sekali pandang mcm biasa2...sekali makan nak lg...,positive
"Makanan disini Sedap, Masakan Thai Malay,",positive
"order dekat grab, dekat sejam tunggu. rider kata kedai tak buat langsung order. dah kena sound baru buat",negative
"makanan dia superbbb, portion yang banyak. selalu order kuetiau tomyam, dalam ni letak enokiiii   susah nak cari kedai yang letak + lauk dalam tu pun banyak. sekali rasa mesti teringat ingat. tu baru sebut pasal kuetiau tomyam, tak sebut lagi yang lain. semua sedap2, mak lurve. parking pun senang memang strategik.",positive
Agak mahal.. harga dh sama macam makan nasik lauk tengah hari,negative
Kami tunggu nak order dia buat blee je,positive
Datang sini sb tuan kedai dia si Azwan Fsr east..suara dia mmg gulung gulung habis..saat lafaz sakinah,negative
Masakan sedap.. Harga pon berpatutan...,positive
Makanan sedap dan harga berapatutan,positive
makan sedap,positive
Bagi saya harga dengan makanan tidak sepadan. Rasa biasa2 saja. Portion kureng. Minuman ceroi. Harga restoran. Servis lambat. Tiada apa yang istimewa.,positive
Bagi saya tak sedap maaf ya kecewa sikit la,negative
Sedap nasi briyani ajun ni..dulu selalu dok beli kat tapak pasar tani taman sena indah. Sekarang dia buka kat sini lak..recommended..,positive
nasi daging bakaq thai paling sedap,positive
Makanan disini Sedap Masakan melayu Perlis terbaik pelayan ramah sporting fasiliti lengkap suasana menenangkan kampung laman Mata Ayer Perlis,positive
Kerusi meja terhad. Makan mmg sedap,positive
worst restaurant ever,negative
food was terrible,negative
very disappointing service,negative
dirty restaurant,negative
staff was rude,negative
food tasted awful,negative
worst restaurant ever,negative
food was terrible,negative
very disappointing service,negative
dirty restaurant,negative
staff was rude,negative
food tasted awful,negative
worst restaurant ever,negative
food was terrible,negative
very disappointing service,negative
dirty restaurant,negative
staff was rude,negative
food tasted awful,negative
worst restaurant ever,negative
food was terrible,negative
very disappointing service,negative
dirty restaurant,negative
staff was rude,negative
food tasted awful,negative
worst restaurant ever,negative
food was terrible,negative
very disappointing service,negative
dirty restaurant,negative
staff was rude,negative
food tasted awful,negative
worst restaurant ever,negative
food was terrible,negative
very disappointing service,negative
dirty restaurant,negative
staff was rude,negative
food tasted awful,negative
worst restaurant ever,negative
food was terrible,negative
very disappointing service,negative
dirty restaurant,negative
staff was rude,negative
food tasted awful,negative
worst restaurant ever,negative
food was terrible,negative
very disappointing service,negative
dirty restaurant,negative
staff was rude,negative
food tasted awful,negative
worst restaurant ever,negative
food was terrible,negative
very disappointing service,negative
dirty restaurant,negative
staff was rude,negative
food tasted awful,negative
worst restaurant ever,negative
food was terrible,negative
very disappointing service,negative
dirty restaurant,negative
staff was rude,negative
food tasted awful,negative
makanan basi,negative
nasi lemak tak sedap,negative
makanan tidak fresh,negative
makanan basi,negative
nasi lemak tak sedap,negative
makanan tidak fresh,negative
makanan basi,negative
nasi lemak tak sedap,negative
makanan tidak fresh,negative
makanan basi,negative
nasi lemak tak sedap,negative
makanan tidak fresh,negative
makanan basi,negative
nasi lemak tak sedap,negative
makanan tidak fresh,negative
makanan basi,negative
nasi lemak tak sedap,negative
makanan tidak fresh,negative
makanan basi,negative
nasi lemak tak sedap,negative
makanan tidak fresh,negative
makanan basi,negative
nasi lemak tak sedap,negative
makanan tidak fresh,negative
makanan basi,negative
nasi lemak tak sedap,negative
makanan tidak fresh,negative
makanan basi,negative
nasi lemak tak sedap,negative
makanan tidak fresh,negative
review_text,label
worst restaurant ever,negative
food was terrible,negative
service was very slow,negative
very disappointing experience,negative
staff was rude,negative
food tasted awful,negative
restaurant was dirty,negative
the food was cold,negative
very bad customer service,negative
not worth the price,negative
food was disgusting,negative
the waiter was unfriendly,negative
very poor service,negative
food arrived late,negative
restaurant smells bad,negative
very noisy and uncomfortable,negative
the chicken was undercooked,negative
food was bland and tasteless,negative
service took too long,negative
staff ignored customers,negative
the drinks were warm,negative
portion size was too small,negative
restaurant was crowded and messy,negative
food was oily and unhealthy,negative
very expensive for the quality,negative
the soup tasted weird,negative
bad experience overall,negative
table was dirty,negative
the restaurant was unhygienic,negative
food was not fresh,negative
the rice was hard,negative
the noodles were soggy,negative
food was salty,negative
food was too spicy,negative
the burger was burnt,negative
the pizza was cold,negative
the meat smelled bad,negative
the fish was not fresh,negative
very dissatisfied with the service,negative
staff were not helpful,negative
the restaurant was too hot,negative
food was served very late,negative
the queue was too long,negative
bad atmosphere,negative
the coffee tasted bitter,negative
the juice was watered down,negative
the fries were soggy,negative
the restaurant was overpriced,negative
food quality was poor,negative
the waiter forgot our order,negative
tak sedap langsung,negative
makanan sangat basi,negative
servis sangat lambat,negative
harga terlalu mahal,negative
restoran sangat kotor,negative
pengalaman sangat teruk,negative
staf tidak mesra pelanggan,negative
makanan sampai lambat,negative
ayam tidak masak,negative
sup rasa pelik,negative
nasi terlalu keras,negative
mee terlalu lembik,negative
ikan sudah busuk,negative
makanan tidak segar,negative
air minuman tidak sedap,negative
kopi terlalu pahit,negative
makanan terlalu masin,negative
makanan terlalu pedas,negative
tempat sangat panas,negative
suasana bising dan tidak selesa,negative
servis mengecewakan,negative
portion terlalu kecil,negative
tidak berbaloi dengan harga,negative
makanan sejuk ketika dihidang,negative
restoran tidak bersih,negative
meja sangat kotor,negative
staf buat tidak tahu,negative
saya kecewa dengan servis,negative
pengalaman makan yang buruk,negative
restoran terlalu sesak,negative
masa menunggu terlalu lama,negative
makanan langsung tidak sedap,negative
layanan pekerja sangat buruk,negative
harga tidak masuk akal,negative
makanan berminyak,negative
ayam keras dan kering,negative
daging berbau pelik,negative
ikan tidak segar,negative
pelayan lupa pesanan kami,negative
servis sangat perlahan,negative
restoran berbau busuk,negative
tidak akan datang lagi,negative
sangat mengecewakan,negative
rasa makanan sangat hambar,negative
air terlalu cair,negative
pelanggan tidak dilayan dengan baik,negative
tempat makan tidak selesa,negative
restoran sangat bising,negative
makanan tiba dalam keadaan sejuk,negative
pengalaman yang sangat mengecewakan,negative
review_text,label
worst restaurant ever,negative
food was terrible,negative
service was very slow,negative
very disappointing experience,negative
staff was rude,negative
food tasted awful,negative
restaurant was dirty,negative
the food was cold,negative
very bad customer service,negative
not worth the price,negative
food was disgusting,negative
the waiter was unfriendly,negative
very poor service,negative
food arrived late,negative
restaurant smells bad,negative
very noisy and uncomfortable,negative
the chicken was undercooked,negative
food was bland and tasteless,negative
service took too long,negative
staff ignored customers,negative
the drinks were warm,negative
portion size was too small,negative
restaurant was crowded and messy,negative
food was oily and unhealthy,negative
very expensive for the quality,negative
the soup tasted weird,negative
bad experience overall,negative
table was dirty,negative
the restaurant was unhygienic,negative
food was not fresh,negative
the rice was hard,negative
the noodles were soggy,negative
food was salty,negative
food was too spicy,negative
the burger was burnt,negative
the pizza was cold,negative
the meat smelled bad,negative
the fish was not fresh,negative
very dissatisfied with the service,negative
staff were not helpful,negative
the restaurant was too hot,negative
food was served very late,negative
the queue was too long,negative
bad atmosphere,negative
the coffee tasted bitter,negative
the juice was watered down,negative
the fries were soggy,negative
the restaurant was overpriced,negative
food quality was poor,negative
the waiter forgot our order,negative
tak sedap langsung,negative
makanan sangat basi,negative
servis sangat lambat,negative
harga terlalu mahal,negative
restoran sangat kotor,negative
pengalaman sangat teruk,negative
staf tidak mesra pelanggan,negative
makanan sampai lambat,negative
ayam tidak masak,negative
sup rasa pelik,negative
nasi terlalu keras,negative
mee terlalu lembik,negative
ikan sudah busuk,negative
makanan tidak segar,negative
air minuman tidak sedap,negative
expensive,negative
overpriced,negative
pricey,negative
costly,negative
mahal,negative
mahal sangat,negative
terlalu mahal,negative
harga mahal,negative
harga keras,negative
harga tak masuk akal,negative
tak berbaloi,negative
tidak berbaloi,negative
x berbaloi,negative
not worth,negative
not worth it,negative
waste of money,negative
overcharge,negative
overcharged,negative
scam,negative
rip off,negative
cekik darah,negative
caj tambahan,negative
hidden charge,negative
additional charge,negative
expensive,negative
overpriced,negative
pricey,negative
costly,negative
mahal,negative
mahal sangat,negative
terlalu mahal,negative
harga mahal,negative
harga keras,negative
harga tak masuk akal,negative
tak berbaloi,negative
tidak berbaloi,negative
x berbaloi,negative
not worth,negative
not worth it,negative
waste of money,negative
overcharge,negative
overcharged,negative
scam,negative
rip off,negative
cekik darah,negative
caj tambahan,negative
hidden charge,negative
additional charge,negative
the price is so expensive,negative
the price is expensive,negative
the price too high, negative
the price is so expensive,negative
the price is expensive,negative
the price too high, negative
the price is so expensive,negative
the price is expensive,negative
the price too high, negative
the price is so expensive,negative
the price is expensive,negative
the price too high, negative
the price is so expensive,negative
the price is expensive,negative
the price too high, negative
the price is so expensive,negative
the price is expensive,negative
the price too high, negative
the price is so expensive,negative
the price is expensive,negative
the price too high, negative
the price is so expensive,negative
the price is too high,negative
the price is so expensive,negative
the price is too high,negative
the price is so expensive,negative
the price is too high,negative
the price is so expensive,negative
the price is too high,negative
the price is so expensive,negative
the price is too high,negative
the price is so expensive,negative
the price is too high,negative
the price is so expensive,negative
the price is too high,negative
the price is so expensive,negative
the price is too high,negative
the price is so expensive,negative
the price is too high,negative
the price is so expensive,negative
the price is too high,negative
The food is not bad,positive
The food is not bad at all,positive
The service is not bad,positive
Harga tidak mahal,positive
Harga tak mahal,positive
Harga x mahal,positive
The price is not expensive,positive
The price is not overpriced,positive
The food is not good,negative
The service is not good,negative
The restaurant is not clean,negative
The food is not tasty,negative
Makanan tidak sedap,negative
Makanan tak sedap,negative
Tempat tidak bersih,negative
Tempat tak bersih,negative
The food is not bad,positive
The food is not bad at all,positive
The service is not bad,positive
Harga tidak mahal,positive
Harga tak mahal,positive
Harga x mahal,positive
The price is not expensive,positive
The price is not overpriced,positive
The food is not good,negative
The service is not good,negative
The restaurant is not clean,negative
The food is not tasty,negative
Makanan tidak sedap,negative
Makanan tak sedap,negative
Tempat tidak bersih,negative
Tempat tak bersih,negative
The food is not bad,positive
The food is not bad at all,positive
The service is not bad,positive
Harga tidak mahal,positive
Harga tak mahal,positive
Harga x mahal,positive
The price is not expensive,positive
The price is not overpriced,positive
The food is not good,negative
The service is not good,negative
The restaurant is not clean,negative
The food is not tasty,negative
Makanan tidak sedap,negative
Makanan tak sedap,negative
Tempat tidak bersih,negative
Tempat tak bersih,negative
The food is not bad,positive
The food is not bad at all,positive
The service is not bad,positive
Harga tidak mahal,positive
Harga tak mahal,positive
Harga x mahal,positive
The price is not expensive,positive
The price is not overpriced,positive
The food is not good,negative
The service is not good,negative
The restaurant is not clean,negative
The food is not tasty,negative
Makanan tidak sedap,negative
Makanan tak sedap,negative
Tempat tidak bersih,negative
Tempat tak bersih,negative